;datum;quelle;quelle_url;region;land;ISO_3_Code;ort;ort_detail;lat_dez;lon_dez;terroristische_gruppe;motiv;dimension;art;mittel;KOM_TAKTIK;ziel;ziel_detail;KOM_ZIEL;tote_ziv;verl_ziv;entf_ziv;tote_sk;verl_sk;entf_sk;KOM_SACHSCHÄDEN;KOM_SONSTIGES;;;;;;;
;1/1/21;Afghan Online Press;https://www.aopnews.com/media/first-day-of-2021-starts-with-assassination-of-ghor-journalist/;Naher & Mittlerer Osten;Afghanistan;AFG;Ghor;Firozkoh;34,51900;65,24800;NB;NB;NB;TÖT;FW;;ZIV;MEDIA;Journalist;1;;;;;;;;;;;;;;
;1/1/21;SATP;https://satp.org/terrorist-activity/afghanistan-jan-2021;Naher & Mittlerer Osten;Afghanistan;AFG;Kandahar;Kandahar city;31,62790;65,74260;NB;NB;NB;TÖT;FW;;SK;POL;;;;;1;;;;;;;;;;;
;1/1/21;SATP;https://www.satp.org/terrorist-activity/india-jan-2021;Südostasien;Indien;IND;Jammu and Kashmir ;Srinagar, Chanapora;34,03310;74,80910;NB;NB;NB;ZERS;HGR;;SK;MLZ;SSB;;;;;;;;Keine Personenschäden;;;;;;;
;1/1/21;Warsaw Institute;https://warsawinstitute.org/jihadi-militants-target-russian-military-syria/;Naher & Mittlerer Osten ;Syrien;SYR;Ar-Raqqa;Tal al Saman;36.17966;38.96474;Al-Qaeda - Syria;REMO;TRANS;VERL;IED;Autobombe;SK;MIL;Russische Miltärbasis;;2;;;;;;"""The explosion wounded a few people.""";;;;;;;
;1/1/21;HumAngle;https://humanglemedia.com/boko-haram-begins-2021-with-bloody-attacks-in-far-north-cameroon/;Afrika;Kamerun;CMR;Extrême-Nord;Mayo-Tsanaga, Mayo Moskota, Ouzal;10.95236;13,86359;Boko Haram;REMO;TRANS;TÖT;FW;;ZIV;PP;;1;3;;;;;Mehrere Häuser zerstört und ausgeraubt;"""Several others wounded""";;;;;;;
;1/1/21;Syrian Observatory for Human Rights;https://www.syriahr.com/en/200036/;Naher & Mittlerer Osten ;Syrien;SYR;Hama;;35.21090;37.14141;ISIS;REMO;TRANS;ENTF;BRA;;SK;MIL;;;;;;;15;Bus der Soldaten abgebrannt;Soldaten verschwunden;;;;;;;
;1/1/21;NINA;https://www.ninanews.com/Website/News/Details?key=879520;Naher & Mittlerer Osten;Irak;IRQ;Diyala;Abbara;33.82340;44.72260;ISIS;REMO;TRANS;ZERS;RAM;Mörser;ZIV;PP;Nähe von Wohngegenden;;;;;;;;;;;;;;;
;1/1/21;NINA;https://www.ninanews.com/Website/News/Details?key=879528;Naher & Mittlerer Osten;Irak;IRQ;Kirkuk;Daquq, Zaji/Qahara;34.92436;44.33524;NB;NB;NB;TÖT;IED;Autobombe;SK;POL;Ein Leutnant und Kollegen;;;;3;1;;;;;;;;;;
;1/2/21;U.S. Dept of State;https://www.state.gov/reports/2021-country-reports-on-human-rights-practices/burkina-faso;Afrika;Burkina Faso;BFA;Est;Tapoa, Botou, Pori;12,51724;2,01782;NB;NB;NB;ZERS;BRA;;ZIV;EDU;Grundschule;;;;;;;Schule angezündet;Keine Personenschäden;;;;;;;
;1/2/21;Syrian Network for Human Rights , Anadolu Ajansi;https://news.snhr.org/2021/01/03/civilians-injured-and-bakery-damaged-in-jandaris-town-in-aleppo-suburbs-by-blast-of-car-bomb-of-unknown-origin-on-january-2/ , https://www.aa.com.tr/en/middle-east/4-civilians-dead-37-injured-in-syria-bomb-blasts/2096406 ;Naher & Mittlerer Osten ;Syrien;SYR;Aleppo;Afrin, Jandaris, Madda bakery;36.39111;36.68991;NB;NB;NB;TÖT;IED;Autobombe;ZIV;ÖP;;1;8;;;;;;;;;;;;;
;1/2/21;t-online;https://www.t-online.de/nachrichten/ausland/krisen/id_89213194/terror-in-somalia-mindestens-drei-tote-bei-selbstmordanschlag.html;Afrika;Somalia;SOM;Mogadishu;Afgooye-Mogadishu road;2.08883;45.18230;Al-Shabaab;REMO;NAT;TÖT;IED;Selbstmordattentäter;ZIV;UNT;Straßenbauprojekt mit türkischen Ingenieuren und Bauarbeitern;3;14;;2;;;;;;;;;;;
;1/2/21;HumAngle;https://humanglemedia.com/boko-haram-begins-2021-with-bloody-attacks-in-far-north-cameroon/;Afrika;Kamerun;CMR;Extrême-Nord;Mayo-Tsanaga, Mayo Moskota, Ouzal;10,95236;13,86359;Boko Haram;REMO;TRANS;TÖT;FW;;ZIV;EDU;1 Lehrer;3;;;;;;Häuser vandaliert, Bewohner ausgeraubt;;;;;;;;
;1/2/21;FAZ , UN News , Defense Post , Crisis Group;https://www.faz.net/aktuell/politik/ausland/niger-terroranschlag-mit-mehr-als-50-toten-17128118.html , https://news.un.org/en/story/2021/01/1081322 , https://thedefensepost.com/2021/01/04/terrorists-kill-100-niger-villages/ , https://www.crisisgroup.org/crisiswatch/database?location%5B0%5D=27&crisis_state=&created=custom&from_month=1&from_year=2021&to_month=12&to_year=2021&page=1;Afrika;Niger;NER;Tillaberi;Tchombangou/Zaroumdareye ;14.20901;1.45460;ISGS;REMO;TRANS;TÖT;FW;Einkreisung auf Motorrädern;ZIV;ETH;Dörfer, Zarma Ethnie;100;75;;;;;;;;;;;;;
;1/2/21;Syrian Observatory for Human Rights;https://www.syriahr.com/en/200036/;Naher & Mittlerer Osten ;Syrien;SYR;Deir ez-Zor;Ash Shula;35.18977;39.84492;ISIS;REMO;TRANS;TÖT;FW;;SK;MLZ;Regime Loyalisten;;;;7;;;;;;;;;;;
;1/2/21;Crisis Group;https://www.crisisgroup.org/crisiswatch/database?location_region%5B0%5D=1&location%5B0%5D=26&crisis_state=&created=custom&from_month=1&from_year=2021&to_month=12&to_year=2021&page=1;Afrika;Mali;MLI;Menaka;Tabangout;15.96632;2.14601;JNIM;REMO;TRANS;TÖT;IED;Bombe am Straßenrand;SK;MIL;Französische Soldaten;;;;2;1;;;;;;;;;;
;1/2/21;Crisis Group , Anadolu Ajansi , Syrian Observatory for Human Rights;https://www.crisisgroup.org/crisiswatch/database?location%5B0%5D=83&crisis_state=&created=custom&from_month=1&from_year=2021&to_month=12&to_year=2021&page=1 , https://www.aa.com.tr/en/middle-east/4-civilians-dead-37-injured-in-syria-bomb-blasts/2096406 , https://www.syriahr.com/en/202938/;Naher & Mittlerer Osten ;Syrien;SYR;Al-Hasakah;Ras al-Ayn city;36.84950;40.07503;YPG;SEP;REG;TÖT;IED;Autobombe;ZIV;ÖP;Marktplatz;5;1;;;;;;;;;;;;;
;1/2/21;NINA;https://www.ninanews.com/Website/News/Details?key=879675;Naher & Mittlerer Osten;Irak;IRQ;Diyala;Kanaqin, Halwan;34.31615;45.40177;ISIS;REMO;TRANS;TÖT;FW;;SK;MIL;Militärstützpunkt;;;;;2;;;;;;;;;;
;1/3/21;SATP , Voice of America;https://satp.org/terrorist-activity/pakistan-Jan-2021 , https://www.voanews.com/a/south-central-asia_gunmen-kidnap-execute-11-miners-pakistan/6200251.html;Naher & Mittlerer Osten;Pakistan;PAK;Kachi;Machh;29,8667;67,3265;ISKP;REMO;TRANS;TÖT;SON;Messerattacke;ZIV;REL;Schiitische Kohleminenarbeiter;11;4;;;;;;Zunächst entführt, dann hingerichtet;;;;;;;
;1/3/21;SATP;https://satp.org/terrorist-activity/afghanistan-jan-2021;Naher & Mittlerer Osten;Afghanistan;AFG;Kapisa;Sayyad market;35,0001;69,3118;NB;NB;NB;TÖT;IED;;ZIV;PP;;5;2;;;;;;;;;;;;;
;1/3/21;SATP;https://satp.org/terrorist-activity/afghanistan-jan-2021;Naher & Mittlerer Osten;Afghanistan;AFG;Ghanzni city;Tawhid Abad;33,5005;68,4231;Taliban;REMO;NAT;TÖT;ABC;Gift;SK;MIL;;;;;6;;;;Insider Attack;;;;;;;
;1/3/21;Daily Trust;https://dailytrust.com/boko-haram-7-killed-soldiers-wounded-in-chibok-village/;Afrika;Nigeria;NGA;Borno;Kuda;10.64014;13.32254;Boko Haram;REMO;TRANS;TÖT;FW;;SK;MIL;Militärbasis;1;;;6;8;;Über 40 Häuser in Brand gesetzt;;;;;;;;
;1/3/21;Crisis Group , Voice of America , Syrian Observatory for Human Rights , Meir Amit Intelligence and Terrorism Information Center;https://www.crisisgroup.org/crisiswatch/database?location%5B0%5D=83&crisis_state=&created=custom&from_month=1&from_year=2021&to_month=12&to_year=2021&page=1 , https://www.voanews.com/a/middle-east_militants-attack-bus-central-syria-killing-9/6200278.html , https://www.syriahr.com/en/198860/ , https://www.terrorism-info.org.il/en/spotlight-on-global-jihad-december-31-2020-january-6-2021/;Naher & Mittlerer Osten ;Syrien;SYR;Hama;As-Salamija, As-Salamija-Itria road;35.30839;37.64671;ISIS;REMO;TRANS;TÖT;FW;;ZIV;TI;Öltransporter und Busse;2;8;;7;8;;;Verletzte können nicht klar Zivilisten oder Sicherheitskräften zugeordnet werden, Aufteilung geschätzt;;;;;;;
;1/4/21;Reuters , Actualite;https://www.reuters.com/article/us-congo-security/at-least-22-killed-in-eastern-congo-village-idUSKBN29A1AS/ , https://actualite.cd/2021/01/05/rdc-beni-une-autre-attaque-violente-des-combattants-adf-fait-22-morts-mwenda , https://actualite.cd/2021/01/15/rdc-beni-une-nouvelle-attaque-sanglante-mwenda;Afrika;DR Kongo;COD;Nord-Kivu;Beni, Mwenda;0,41315;29,75529;ISCAP;REMO;TRANS;TÖT;FW;;ZIV;PP;Dorf;23;;4;;;;;"""Several people are missing (…).""";;;;;;;
;1/4/21;SATP;https://satp.org/terrorist-activity/afghanistan-jan-2021;Naher & Mittlerer Osten;Afghanistan;AFG;Kandahar;Arghandab;31,6934;65,6946;NB;NB;NB;TÖT;FW;;SK;POL;;;;;8;;;;Insider Attack;;;;;;;
;1/4/21;SATP;https://satp.org/terrorist-activity/afghanistan-jan-2021;Naher & Mittlerer Osten;Afghanistan;AFG;Nangarhar;Jalalabad, PD4;34,4246;70,4658;NB;NB;NB;TÖT;IED;;SK;POL;;;;;2;;;;;;;;;;;
;1/4/21;Anadolu Ajansi;https://www.aa.com.tr/en/africa/cameroon-4-civilians-dead-in-boko-haram-attacks/2098128;Afrika;Kamerun;CMR;Extrême-Nord;Mayo-Tsanaga, Mayo Moskota, Kaliari-Nguetchéwé;11,00404;13,94170;Boko Haram;REMO;TRANS;TÖT;FW;;ZIV;PP;Freiwillige Ordner;3;;;;;;;;;;;;;;
;1/4/21;Anadolu Ajansi;https://www.aa.com.tr/en/africa/cameroon-4-civilians-dead-in-boko-haram-attacks/2098128;Afrika;Kamerun;CMR;Extrême-Nord;Mayo-Sava, Kolofata;11,16027;14,01271;Boko Haram;REMO;TRANS;TÖT;FW;;ZIV;PP;;1;;;;;;;;;;;;;;
;1/4/21;Syrian Observatory for Human Rights;https://www.syriahr.com/en/200036/;Naher & Mittlerer Osten ;Syrien;SYR;Deir ez-Zor;;35.54718;39.85660;ISIS;REMO;TRANS;TÖT;FW;;SK;MIL;Armeeposition;;;;8;11;;;;;;;;;;
;1/5/21;SATP;https://www.satp.org/terrorist-activity/india-jan-2021;Südostasien;Indien;IND;Bhamragad tehsil;Kothi Tola ;19.54540;80.61530;CPI-M;SOZ;NAT;TÖT;SON;;ZIV;PP;;1;;;;;;;;;;;;;;
;1/5/21;Actualite , The Defense Post;https://actualite.cd/2021/01/08/rdc-loselose-les-adf-ont-execute-50-otages-quils-nont-pas-pu-amener-fardc , https://www.thedefensepost.com/2021/01/15/46-pygmies-killed-dr-congo/;Afrika;DR Kongo;COD;Nord-Kivu;Beni, Loselose;0,42140;29,71120;ISCAP;REMO;TRANS;TÖT;FW;;ZIV;PP;;50;;;;;;;;;;;;;;
;1/5/21;Zitamar News;https://www.zitamar.com/insurgents-kill-four-on-quirimba-island/;Afrika;Mosambik;MOZ;Cabo Delgado;Ibo, Quirimba;-12,42380;40,60440;NB;REMO;REG;TÖT;FW;;ZIV;PP;;4;;;;;;;;;;;;;;
;1/5/21;AllAfrica , Eons Intelligence;https://allafrica.com/stories/202101070031.html , https://eonsintelligence.com/details/news-108923456/boko-haram-attack-wamdeo-town-in-borno-destroy-grains-worth-millions-of-naira-1008878396;Afrika;Nigeria;NGA;Borno;Askira Uba, Wamdeo;10.53241;13.1304;Boko Haram;REMO;TRANS;ZERS;BRA;;ZIV;PP;;;;;;;;Über 30 Gebäude und große Getreidevorräte in Brand gesetzt;Keine Personenschäden angegeben;;;;;;;
;1/5/21;Radio Okapi;https://www.radiookapi.net/2021/01/06/actualite/securite/ituri-4-morts-dans-les-attaques-de-3-villages-du-territoire-dirumu;Afrika;DR Kongo;COD;Ituri;Irumu, Diango/Centrale Solenyama/Tokodo;1,43436;29,86127;FPIC;SEP;REG;TÖT;FW;;ZIV;PP;Dörfer;3;;3;1;;;Häuser in Tokodo in Brand gesteckt;;;;;;;;
;1/5/21;NINA;https://www.ninanews.com/Website/News/Details?key=880206;Naher & Mittlerer Osten;Irak;IRQ;Diyala;Kanaqin, Jalawla;34.28754;45.16192;ISIS;REMO;TRANS;TÖT;FW;;SK;MIL;Militärstützpunkt;;;;1;1;;;;;;;;;;
;1/6/21;CNA;https://cameroonnewsagency.com/nw-region-communication-delegate-five-soldiers-killed-in-ied-attack/;Afrika;Kamerun;CMR;Nord-Ouest;Momo, Njikwa;6,07017;9,90199;Amba Boys;SEP;REG;TÖT;IED;;ZIV;GOV;Divisions-Delegierter;1;;;5;;;;;;;;;;;
;1/6/21;SATP;https://satp.org/terrorist-activity/afghanistan-jan-2021;Naher & Mittlerer Osten;Afghanistan;AFG;Kabul;Kabul city;34,5378;69,1545;NB;NB;NB;TÖT;FW;;ZIV;PP;;1;;;;;;;;;;;;;;
;1/6/21;SATP;https://satp.org/terrorist-activity/afghanistan-jan-2021;Naher & Mittlerer Osten;Afghanistan;AFG;Kabul;Kabul city, PD13;34,5036;69,0828;NB;NB;NB;TÖT;FW;;SK;GD;;;;;1;;;;;;;;;;;
;1/6/21;SATP;https://satp.org/terrorist-activity/afghanistan-jan-2021;Naher & Mittlerer Osten;Afghanistan;AFG;Kabul;Kabul city, PD5;34,5234;69,1124;NB;NB;NB;TÖT;FW;;SK;MIL;;;;;1;;;;;;;;;;;
;1/6/21;SATP;https://satp.org/terrorist-activity/pakistan-Jan-2021;Naher & Mittlerer Osten;Pakistan;PAK;Mohmand;Mohmand;34,535595;71,287421;NB;NB;NB;TÖT;FW;Schuss aus Afghanistan über die Grenze;SK;MIL;Frontier Corps;;;;1;;;;;;;;;;;
;1/6/21;New Arab;https://www.newarab.com/news/syria-tv-journalist-shot-unidentified-gunmen-al-bab;Naher & Mittlerer Osten ;Syrien;SYR;Aleppo;Al-Bab city;36.37545;37.51484;NB;NB;NB;VERL;FW;;ZIV;MEDIA;Journalist;;1;;;;;;;;;;;;;
;1/6/21;SATP;https://satp.org/terrorist-activity/afghanistan-jan-2021;Naher & Mittlerer Osten;Afghanistan;AFG;Kunduz;Band-e-Khan Abad;36,6798;69,1126;Taliban;REMO;NAT;TÖT;FW;;SK;MIL;;;;;6;;;;;;;;;;;
;1/6/21;Premium Times Nigeria , Daily Trust;https://www.premiumtimesng.com/news/headlines/435506-how-boko-haram-attacked-geidam-police.html , https://dailytrust.com/boko-haram-abducts-yobe-district-head/;Afrika;Nigeria;NGA;Yobe;Geidam;12.89452;11.92583;Boko Haram;REMO;TRANS;ENTF;BRA;;ZIV;GOV;Distrikt Chef;;1;1;;;;11 Gebäude in Brand gesetzt, hauptsächlich Geschäfte;;;;;;;;
;1/6/21;Actualite;https://actualite.cd/2021/01/07/rdc-deux-morts-lors-dune-attaque-armee-contre-une-centrale-hydroelectrique-butembo;Afrika;DR Kongo;COD;Nord-Kivu;Butembo, Ivugha hydroelectric power station;0,27560;29,32500;Mai-Mai;SEP;REG;ZERS;FW;;ZIV;KI;Hydroelektrisches Kraftwerk;;;;;;;Kein Schaden;Keine Personenschäden;;;;;;;
;1/7/21;ACLED;https://www.caboligado.com/reports/cabo-ligado-weekly-4-10-january-2021;Afrika;Mosambik;MOZ;Cabo Delgado;Macomia, Olumboa;-12,22450;40,50157;NB;REMO;REG;TÖT;SON;;ZIV;PP;;7;;6;;;;;13 entführt: 2 entkommen, 7 geköpft;;;;;;;
;1/7/21;ACLED , Carta de Mocambique;https://www.caboligado.com/reports/cabo-ligado-weekly-4-10-january-2021 , https://cartamz.com/index.php/sociedade/item/6996-fds-resgatam-criancas-e-mulheres-raptadas-na-ilha-de-matemo;Afrika;Mosambik;MOZ;Cabo Delgado;Ibo, Matemo;-12,21590;40,59460;NB;REMO;REG;ENTF;FW;;ZIV;PP;;;;13;;;;;21 Geiseln befreit (wahrscheinlich aus diesem und dem Vorfall in Olumboa am selben Tag);;;;;;;
;1/7/21;SATP;https://satp.org/terrorist-activity/afghanistan-jan-2021;Naher & Mittlerer Osten;Afghanistan;AFG;Herat;Ghorian;34,0903;61,103;Taliban;REMO;NAT;TÖT;FW;;SK;POL;Polizeichef;;;;4;;;;;;;;;;;
;1/7/21;Hiiraan Online;https://www.hiiraan.com/news/2021/Jan/wararka_maanta7-176242.htm?utm_source=hiiraan&utm_medium=WararkaMaantaFront , https://www.hiiraan.com/news/2021/Jan/wararka_maanta7-176239.htm?utm_source=hiiraan&utm_medium=WararkaMaantaFront;Afrika;Somalia;SOM;Mogadishu;Hodan, KM4 road;2.06227;45.29471;NB;NB;NB;TÖT;IED;Landmine;SK;POL;Polizeifahrzeug;;;;1;3;;;;;;;;;;
;1/7/21;Meir Amit Intelligence and Terrorism Information Center;https://www.terrorism-info.org.il/en/spotlight-on-global-jihad-january-7-13-2021/;Naher & Mittlerer Osten ;Syrien;SYR;Deir ez-Zor;Deir ez-Zor-Palmyra highway;35.10753;39.74502;ISIS;REMO;TRANS;TÖT;IED;;SK;MLZ;Kommandeur Regierungs-freundliche Miliz;;;;1;;;;;;;;;;;
;1/7/21;Meir Amit Intelligence and Terrorism Information Center;https://www.terrorism-info.org.il/en/spotlight-on-global-jihad-january-7-13-2021/;Naher & Mittlerer Osten ;Syrien;SYR;Hama;As-Salamija, Itria road;35.40550;37.86088;ISIS;REMO;TRANS;TÖT;IED;;SK;MIL;Syrische Soldaten;;;;1;;;;;;;;;;;
;1/7/21;Actualite;https://actualite.cd/2021/01/07/rdc-une-contre-attaque-des-miliciens-la-centrale-hydroelectrique-de-butembo-fait-un-mort;Afrika;DR Kongo;COD;Nord-Kivu;Butembo, Ivugha hydroelectric power station;0,27560;29,32500;Mai-Mai;SEP;REG;ZERS;FW;;ZIV;KI;Hydroelektrisches Kraftwerk;;;;;;;Kein Schaden;Keine Personenschäden;;;;;;;
;1/8/21;SATP;https://www.satp.org/terrorist-activity/india-jan-2021;Südostasien;Indien;IND;Kupwara;Tanghdar;34.39745;73.86066;NB;NB;NB;TÖT;IED;;SK;MIL;;;;;;1;;;;;;;;;;
;1/8/21;U.S. Dept. of State; https://www.state.gov/reports/country-reports-on-terrorism-2021/cameroon/;Afrika;Kamerun;CMR;Extrême-Nord;Mayo-Tsanaga, Modzogo;10,96376;13,90370;Boko Haram;REMO;TRANS;TÖT;IED;Selbstmordanschlag;ZIV;PP;;15;6;;;;;;;;;;;;;
;1/8/21;Crisis Group;https://www.crisisgroup.org/crisiswatch/database?location_region%5B0%5D=1&location%5B0%5D=26&crisis_state=&created=custom&from_month=1&from_year=2021&to_month=12&to_year=2021&page=1;Afrika;Mali;MLI;Mopti;Douentza, Issey;14.87238;-2.02651;JNIM;REMO;TRANS;TÖT;IED;Selbstmordattentat;SK;MIL;Französische Soldaten;;;;;6;;;;;;;;;;
;1/8/21;NINA;https://www.ninanews.com/Website/News/Details?key=880833;Naher & Mittlerer Osten;Irak;IRQ;Baghdad;Mahmoudiya, Yusufiyah Road;33.08597;44.27911;NB;NB;NB;ZERS;IED;;SK;MIL;Konvoi mit logistischer Unterstützung für die internationale Koalition;;;;;;;;;;;;;;;
;1/8/21;NINA;https://www.ninanews.com/Website/News/Details?key=880838;Naher & Mittlerer Osten;Irak;IRQ;Muthanna;Samawah, International highway;31.32651;45.29182;NB;NB;NB;ZERS;IED;;SK;MIL;Konvoi mit logistischer Unterstützung für die internationale Koalition;;;;;;;;;;;;;;;
;1/9/21;UNOCHA;https://reliefweb.int/report/cameroon/cameroon-north-west-and-south-west-situation-report-no-27-31-january-2021;Afrika;Kamerun;CMR;Sud-Ouest;Manyu, Eyumojock, Ossing;5,63173;9,29690;Amba Boys;SEP;REG;TÖT;FW;;ZIV;EDU;Rektor;1;;;;;;;;;;;;;;
;1/9/21;UNOCHA;https://reliefweb.int/report/cameroon/cameroon-north-west-and-south-west-situation-report-no-27-31-january-2021;Afrika;Kamerun;CMR;Sud-Ouest;Manyu, Tinto;5,54622;9,58666;Amba Boys;SEP;REG;VERL;FW;;ZIV;EDU;Rektor;;1;;;;;;;;;;;;;
;1/9/21;Meir Amit Intelligence and Terrorism Information Center;https://www.terrorism-info.org.il/en/news-of-terrorism-and-the-israeli-palestinian-conflict-january-6-12-2021/;Naher & Mittlerer Osten;Israel;ISR;West Bank;Yabad;32.44634;35.16935;NB;NB;NB;VERL;SON;Mit Auto gerammt;SK;MIL;Israelischer checkpoint;;;;;1;;;;;;;;;;
;1/9/21;Meir Amit Intelligence and Terrorism Information Center;https://www.terrorism-info.org.il/en/spotlight-on-global-jihad-january-7-13-2021/;Naher & Mittlerer Osten ;Syrien;SYR;Deir ez-Zor;Al-Mayadin;35.05212;40.35211;ISIS;REMO;TRANS;TÖT;IED;;SK;MIL;Konvoi, Kommandeur Iranische Republican Guard;;;;3;;;;;;;;;;;
;1/9/21;The Defense Post;https://thedefensepost.com/2021/01/11/iswap-kills-13-soldiers-nigeria/;Afrika;Nigeria;NGA;Yobe;Gazagana;11.96900;11.55200;ISWAP;REMO;TRANS;TÖT;RAM;Hinterhalt, RPG;SK;MIL;Militärkonvoi;;;;13;4;;;"""(…) and several were injured (…).""";;;;;;;
;1/10/21;SATP;https://satp.org/terrorist-activity/pakistan-Jan-2021;Naher & Mittlerer Osten;Pakistan;PAK;Kech;Turbat, Cinema Chowk;26,004204;63,053854;Balochistan Liberation Army ;SEP;REG;VERL;IED;;ZIV;PP;;;6;;;;;;;;;;;;;
;1/10/21;Afghan Online Press;http://www.aopnews.com/category/security/page/95/;Naher & Mittlerer Osten;Afghanistan;AFG;Kabul;Kabul city;34,5378;69,1545;NB;NB;NB;TÖT;IED;Magnetische Mine;ZIV;GOV;;3;1;;;;;;;;;;;;;
;1/10/21;SATP;https://satp.org/terrorist-activity/afghanistan-jan-2021;Naher & Mittlerer Osten;Afghanistan;AFG;Kabul;Kabul city, PD11;34,5721;69,135;NB;NB;NB;TÖT;FW;;ZIV;PP;;2;;;;;;;;;;;;;;
;1/10/21;SATP;https://satp.org/terrorist-activity/afghanistan-jan-2021;Naher & Mittlerer Osten;Afghanistan;AFG;Kabul;Qargha;34,5466;69,0307;NB;NB;NB;TÖT;FW;;ZIV;VIP;Stammesälteste;3;;;;;;;;;;;;;;
;1/10/21;Hiiraan Online;https://www.hiiraan.com/news4/2021/Jan/181319/three_soldiers_killed_in_al_shabaab_ambush_in_middle_shabelle.aspx?utm_source=hiiraan&utm_medium=SomaliNewsUpdateFront;Afrika;Somalia;SOM;Middle Shabelle;Balaad;2.96500;46.15900;Al-Shabaab;REMO;NAT;TÖT;FW;;SK;MIL;Militärbasis;;;;3;;;;;;;;;;;
;1/10/21;Eons Intelligence;https://eonsintelligence.com/details/937393238/5-soldiers-killed-as-boko-haram-attack-troops-in-borno-21925306;Afrika;Nigeria;NGA;Borno;Maiduguri, Kafa;11.83949;13.15360;ISWAP;REMO;TRANS;TÖT;IED;Autobombe;SK;MIL;;;;;5;11;;;;;;;;;;
;1/10/21;NYT , Virunga National Park;https://www.nytimes.com/2021/01/11/world/africa/congo-gorilla-park-rangers-killed.html , https://virunga.org/news/recent-attack-2021/;Afrika;DR Kongo;COD;Nord-Kivu;Ruthshuru, Kabuendo;-0,85855;29,53785;Mai-Mai;SEP;REG;TÖT;FW;Hinterhalt;SK;POL;Parkranger;;;;6;1;;;;;;;;;;
;1/10/21;NYT , Virunga National Park;https://www.nytimes.com/2021/01/11/world/africa/congo-gorilla-park-rangers-killed.html , https://virunga.org/news/recent-attack-2021/;Afrika;DR Kongo;COD;Nord-Kivu;Rutshuru, Kabuendo;-0,85855;29,53785;Mai-Mai;SEP;REG;TÖT;FW;Hinterhalt;SK;POL;Parkranger;;;;6;1;;;;;;;;;;
;1/10/21;NINA;https://www.ninanews.com/Website/News/Details?key=881331;Naher & Mittlerer Osten;Irak;IRQ;Diyala;Khalis, Safij;34.24417;44.49500;ISIS;REMO;TRANS;TÖT;SON;Schäfer während des Schafehütens entführt und umgebracht ;SK;MLZ;PMF;1;;;;;;;;;;;;;;
;1/11/21;Crisis Group , Nation;https://www.crisisgroup.org/crisiswatch/database?location%5B0%5D=11&crisis_state=&created=custom&from_month=1&from_year=2021&to_month=12&to_year=2021&page=1 , https://nation.africa/kenya/news/mandera-in-tight-spot-as-somalia-s-unease-spills-over-3272014;Afrika;Kenia;KEN;Mandera;Banissa-Takaba road;3,62340;40,22750;Al-Shabaab;REMO;TRANS;ENTF;IED;;ZIV;GOV;Beamte;;;3;;;;;Geiseln später freigelassen;;;;;;;
;1/11/21;Nation;https://nation.africa/kenya/news/mandera-in-tight-spot-as-somalia-s-unease-spills-over-3272014;Afrika;Kenia;KEN;Mandera;Banissa, Banissa city;3,94060;40,34474;Al-Shabaab;REMO;TRANS;ZERS;FW;;ZIV;TI;Bus;;;;;;;Keine Schäden angegeben;Keine Personenschäden angegeben;;;;;;;
;1/11/21;SATP;https://satp.org/terrorist-activity/afghanistan-jan-2021;Naher & Mittlerer Osten;Afghanistan;AFG;Nangarhar;Jalalabad;34,4283;70,4578;NB;NB;NB;TÖT;FW;;SK;GD;;;;;1;;;;;;;;;;;
;1/11/21;SATP;https://satp.org/terrorist-activity/afghanistan-jan-2021;Naher & Mittlerer Osten;Afghanistan;AFG;Kabul;Sharak Arya;34,5654;69,18;NB;NB;NB;TÖT;IED;;ZIV;PP;;1;;;;;;;;;;;;;;
;1/11/21;Crisis Group;https://www.crisisgroup.org/crisiswatch/database?location%5B0%5D=83&crisis_state=&created=custom&from_month=1&from_year=2021&to_month=12&to_year=2021&page=1;Naher & Mittlerer Osten ;Syrien;SYR;Deir ez-Zor;;35.29780;40.29892;ISIS;REMO;TRANS;TÖT;FW;;SK;MLZ;Regierungs-freundliche Truppen;;;;8;;;;;;;;;;;
;1/11/21;Meir Amit Intelligence and Terrorism Information Center;https://www.terrorism-info.org.il/en/spotlight-on-global-jihad-january-7-13-2021/;Naher & Mittlerer Osten ;Syrien;SYR;Aleppo;As-Safira, Itria-Khanaser road;35.56504;37.65731;ISIS;REMO;TRANS;VERL;FW;;SK;MIL;Iranische Republican Guards;;;;;2;;;;;;;;;;
;1/11/21;NINA;https://www.ninanews.com/Website/News/Details?key=881385;Naher & Mittlerer Osten;Irak;IRQ;Diyala;Baquba, Buhriz;33.45980;44.67490;ISIS;REMO;TRANS;TÖT;FW;Scharfschütze;SK;MIL;Militärstützpunkt;;;;2;;;;;;;;;;;
;1/11/21;NINA;https://www.ninanews.com/Website/News/Details?key=881223;Naher & Mittlerer Osten;Irak;IRQ;Baghdad;Karrada, Karrada Street 62;33.28113;44.40224;NB;NB;NB;ZERS;IED;;ZIV;UNT;Spirituosengeschäft;;;;;;;;;;;;;;;
;1/11/21;NINA;https://www.ninanews.com/Website/News/Details?key=881344;Naher & Mittlerer Osten;Irak;IRQ;Diyala;Miqdadiyah, Kassib;34.02820;44.92380;NB;NB;NB;TÖT;IED;;SK;MLZ;Patrouille der PMF;;;;2;;;;;;;;;;;
;1/11/21;NINA;https://www.ninanews.com/Website/News/Details?key=881396;Naher & Mittlerer Osten;Irak;IRQ;Maysan;Majar al-Kabir;31.34430;47.11070;NB;NB;NB;TÖT;FW;;ZIV;PP;Zwei Mitglieder der Friedensbrigaden;2;;;;;;;;;;;;;;
;1/12/21;Nation;https://nation.africa/kenya/counties/mandera/suspected-shabaab-telecommunications-mast-3255916;Afrika;Kenia;KEN;Mandera;Banissa, Derkale;3,84508;40,26767;Al-Shabaab;REMO;TRANS;ZERS;IED;;ZIV;KI;Telekommunikationsmast;;;;;;;Telekommunikationsmast zerstört;;;;;;;;
;1/12/21;Radio Okapi , Actualite;https://www.radiookapi.net/2021/01/13/actualite/securite/beni-5-morts-dans-une-nouvelle-attaque-des-adf-bahatsha , https://actualite.cd/2021/01/13/beni-adf-un-mort-et-des-blesses-dans-une-embuscade-tendue-contre-une-patrouille-de;Afrika;DR Kongo;COD;Nord-Kivu;Beni, Bahatsa;0,41689;29,74713;ISCAP;REMO;TRANS;TÖT;FW;Hinterhalt;SK;MIL;;;;;3;1;;;;;;;;;;
;1/12/21;SATP;https://satp.org/terrorist-activity/afghanistan-jan-2021;Naher & Mittlerer Osten;Afghanistan;AFG;Qala-e-Naw;Shotorgardan;34,9847;63,131;NB;NB;NB;TÖT;FW;;SK;POL;;;;;1;;;;;;;;;;;
;1/12/21;SATP;https://satp.org/terrorist-activity/afghanistan-jan-2021;Naher & Mittlerer Osten;Afghanistan;AFG;Ghazni;Haji Rafi;33,5479;68,4226;NB;NB;NB;TÖT;FW;;ZIV;PP;;1;;;;;;;;;;;;;;
;1/12/21;SATP;https://satp.org/terrorist-activity/afghanistan-jan-2021;Naher & Mittlerer Osten;Afghanistan;AFG;Balkh;Mazar-e-Sharif;36,7102;67,1146;NB;NB;NB;TÖT;FW;;SK;MIL;;;;;2;;;;;;;;;;;
;1/12/21;SATP;https://satp.org/terrorist-activity/pakistan-Jan-2021;Naher & Mittlerer Osten;Pakistan;PAK;Khyber-Pakhtunkhwa;Karak;33,110479;71,091375;NB;NB;NB;TÖT;FW;;ZIV;NGO;Polio Impfkampagne;;;;1;;;;;;;;;;;
;1/12/21;SATP;https://satp.org/terrorist-activity/pakistan-Jan-2021;Naher & Mittlerer Osten;Pakistan;PAK;Dera Bugti;Sui;28,636137;69,186431;NB;NB;NB;TÖT;FW;;SK;MLZ;Levies Force Offizier;1;1;;1;;;;;;;;;;;
;1/12/21;Hiiraan Online;https://www.hiiraan.com/news4/2021/Jan/181325/landmine_explosion_kills_2_in_somali_capital.aspx?utm_source=hiiraan&utm_medium=SomaliNewsUpdateFront;Afrika;Somalia;SOM;Mogadishu;Dharkinley;2.03493;45.34191;Al-Shabaab;REMO;NAT;TÖT;IED;Landmine;SK;POL;Polizeifahrzeug;1;2;;1;5;;;;;;;;;;
;1/12/21;Hiiraan Online;https://www.hiiraan.com/news4/2021/Jan/181337/roadside_blast_kills_7_kenyan_soldiers_in_somalia.aspx?utm_source=hiiraan&utm_medium=SomaliNewsUpdateFront;Afrika;Somalia;SOM;Lower Juba;Dhobley-Hosingow road;0.09340;41.17260;Al-Shabaab;REMO;NAT;TÖT;IED;;SK;MIL;AU Konvoi;;;;7;;;;;;;;;;;
;1/12/21;NINA;https://www.ninanews.com/Website/News/Details?key=881517;Naher & Mittlerer Osten;Irak;IRQ;Baghdad;Rusafa, Nidhal Street;33.32962;44.41373;NB;NB;NB;VERL;IED;;ZIV;UNT;Spirituosengeschäft;;1;;;;;;;;;;;;;
;1/13/21;U.S. Embassy in Cameroon;https://cm.usembassy.gov/2021-country-reports-on-human-rights-practices-cameroon/;Afrika;Kamerun;CMR;Nord-Ouest;Mezam, Bamessing;5,97815;10,36098;Amba Boys;SEP;REG;ENTF;FW;;ZIV;PP;Transportlaster;;;2;;;;;;;;;;;;
;1/13/21;Voice of America , Combating Terrorism Center , Radio Okapi , The Defense Post;https://www.voanews.com/a/africa_46-civilians-feared-killed-eastern-congo-attack-official-says/6200746.html , https://ctc.westpoint.edu/the-rising-threat-to-central-africa-the-2021-transformation-of-the-islamic-states-congolese-branch/ , https://web.archive.org/web/20210421023546/https://www.radiookapi.net/2021/01/14/actualite/securite/rdc-15-personnes-abattues-par-des-presumes-adf-irumu , https://www.thedefensepost.com/2021/01/15/46-pygmies-killed-dr-congo/;Afrika;DR Kongo;COD;Ituri;Irumu, Ambebi;0,86120;29,42000;ISCAP;REMO;TRANS;TÖT;FW;;ZIV;ETH;Pygmäen;46;;;;;;;;;;;;;;
;1/13/21;SATP;https://satp.org/terrorist-activity/afghanistan-jan-2021;Naher & Mittlerer Osten;Afghanistan;AFG;Farah;Farah city;32,369;62,0875;NB;NB;NB;VERL;IED;;ZIV;PP;;;1;;;;;;;;;;;;;
;1/13/21;SATP , Tolo News;https://satp.org/terrorist-activity/afghanistan-jan-2021 , https://tolonews.com/afghanistan-169210;Naher & Mittlerer Osten;Afghanistan;AFG;Nangarhar;Jalalabad, PD4;34,4246;70,4658;NB;NB;NB;TÖT;FW;;ZIV;GOV;Gericht;1;1;;;;;;;;;;;;;
;1/13/21;SATP;https://www.satp.org/terrorist-activity/india-jan-2021;Südostasien;Indien;IND;Jammu and Kashmir ;Srinagar city, Rainawari chowk, Chhatti Padhsahi Gurudwara;34.10200;74.82290;NB;NB;NB;ZERS;HGR;;SK;MLZ;CRPF;;;;;;;;Keine Personenschäden;;;;;;;
;1/13/21;UN News;https://news.un.org/en/story/2021/01/1082062;Afrika;Mali;MLI;Tombouctou;;16.29510;-2.87440;NB;REMO;NB;TÖT;IED;IED und Feuerwaffen;SK;MIL;UN-Blauhelm Konvoi;;;;4;5;;;;;;;;;;
;1/13/21;Meir Amit Intelligence and Terrorism Information Center;https://www.terrorism-info.org.il/en/news-of-terrorism-and-the-israeli-palestinian-conflict-january-13-19-2021/;Naher & Mittlerer Osten;Israel;ISR;South;Khan Yunis;31.32280;34.37480;NB;NB;NB;ZERS;FW;Schüsse aus Gaza;SK;MIL;Bulldozer der israelischen Streitkräfte;;;;;;;Frontscheibe beschädigt;Keine Personenschäden;;;;;;;
;1/13/21;NINA;https://www.ninanews.com/Website/News/Details?key=881633;Naher & Mittlerer Osten;Irak;IRQ;Babil;Musayyib, Jorf Al-Nasr, Bahbahan;32.86800;44.17920;NB;NB;NB;VERL;FW;;SK;MIL;;;;;;2;;;;;;;;;;
;1/14/21;SATP;https://www.satp.org/terrorist-activity/india-jan-2021;Südostasien;Indien;IND;Rajnandgaon;Pardoni village ;20.38538;80.73181;CPI-M;SOZ;NAT;TÖT;SON;;ZIV;VIP;;1;;;;;;;;;;;;;;
;1/14/21;Actualite;https://actualite.cd/2021/01/15/rdc-beni-une-nouvelle-attaque-sanglante-mwenda , https://actualite.cd/2021/01/16/beni-le-bilan-de-la-recente-attaque-mwenda-revu-la-hausse-apres-la-decouverte-dautres;Afrika;DR Kongo;COD;Nord-Kivu;Beni, Mwenda;0,41315;29,75529;ISCAP;REMO;TRANS;TÖT;FW;;ZIV;PP;;4;2;;;;;;;;;;;;;
;1/14/21;Eons Intelligence , Daily Post Nigeria;https://eonsintelligence.com/details/1491694590/boko-haram-attack-garin-gada-village-slaughter-3-persons-in-a-construction-company-581822512 , https://dailypost.ng/2021/01/14/boko-haram-terrorists-kill-2-in-yobe/;Afrika;Nigeria;NGA;Yobe;Garin Gada;12.09800;11.51900;Boko Haram;REMO;TRANS;TÖT;FW;;ZIV;UNT;Bauarbeiter;3;;;;;;Straßenbau-Maschinen und -Equipment niedergebrannt;;;;;;;;
;1/14/21;NINA;https://www.ninanews.com/Website/News/Details?key=881963;Naher & Mittlerer Osten;Irak;IRQ;Baghdad;Karrada, Hay Riyadh;33.30241;44.45601;NB;NB;NB;ZERS;IED;;ZIV;UNT;Spirituosengeschäft;;;;;;;;;;;;;;;
;1/15/21;U.S. Embassy in Cameroon;https://cm.usembassy.gov/2021-country-reports-on-human-rights-practices-cameroon/;Afrika;Kamerun;CMR;Nord-Ouest;Mezam, Bamenda, Mbelewa;5,99877;10,18379;Amba Boys;SEP;REG;ENTF;FW;;ZIV;PP;;;;2;;;;;;;;;;;;
;1/15/21;Tolo News;https://tolonews.com/afghanistan-169281;Naher & Mittlerer Osten;Afghanistan;AFG;Helmand;Nahr-e-Siraj;31,6587;64,4038;NB;NB;NB;TÖT;IED;Autobombe;SK;POL;;;;;2;;;;;;;;;;;
;1/15/21;MINUSMA;https://minusma.unmissions.org/en/tessalit-peacekeeper-dies-following-mine-explosion;Afrika;Mali;MLI;Kidal;Tassalit town;20.20195;1.01245;NB;NB;NB;TÖT;IED;Mine;SK;MIL;UN-Blauhelm Logistikkonvoi;;;;1;1;;;;;;;;;;
;1/15/21;SATP;https://satp.org/terrorist-activity/pakistan-Jan-2021;Naher & Mittlerer Osten;Pakistan;PAK;North Waziristan;Azizkhel;33,083334;70,206603;NB;NB;NB;TÖT;FW;;SK;MIL;;;;;1;;;;;;;;;;;
;1/15/21;SATP;https://satp.org/terrorist-activity/pakistan-Jan-2021;Naher & Mittlerer Osten;Pakistan;PAK;North Waziristan;Ipi, Mirali Bypass Road;32,974548;70,283789;NB;NB;NB;TÖT;FW;;ZIV;EDU;Assistenz Professor für Pathologie des Gaju Khan Medical Colleges in Swabi;1;;;;;;;;;;;;;;
;1/15/21;Afghan Online Press;http://www.aopnews.com/category/security/page/152/;Naher & Mittlerer Osten;Afghanistan;AFG;Herat;Ghorian;34,0903;61,103;Taliban;REMO;NAT;TÖT;FW;;SK;POL;;;;;12;;;;;;;;;;;
;1/15/21;NINA;https://www.ninanews.com/Website/News/Details?key=882147 , https://www.ninanews.com/Website/News/Details?key=882163;Naher & Mittlerer Osten;Irak;IRQ;Diyala;Kanaqin, Jalawla, Al-Shuhada;34.27828;45.18102;ISIS;REMO;TRANS;VERL;FW;;SK;POL;;1;1;;1;2;;;;;;;;;;
;1/15/21;NINA;https://www.ninanews.com/Website/News/Details?key=882163;Naher & Mittlerer Osten;Irak;IRQ;Diyala;Kanaqin, Jalawla;34.27580;45.22985;ISIS;REMO;TRANS;TÖT;SON;;ZIV;PP;Fleischverkäufer;1;;;;;;;;;;;;;;
;1/15/21;NINA;https://www.ninanews.com/Website/News/Details?key=882045;Naher & Mittlerer Osten;Irak;IRQ;Baghdad;Ghadir, Zayouna;33.32640;44.45751;NB;NB;NB;ZERS;IED;Schallbomben;ZIV;PP;Nähe 2 kommerzieller Läden ;;;;;;;;;;;;;;;
;1/15/21;NINA;https://www.ninanews.com/Website/News/Details?key=882083;Naher & Mittlerer Osten;Irak;IRQ;Anbar;Qa'im, Qaim-Akashat road;34.04360;40.61510;NB;NB;NB;VERL;IED;Bombe am Straßenrand;SK;MLZ;PMF;;;;;2;;;;;;;;;;
;1/15/21;NINA;https://www.ninanews.com/Website/News/Details?key=882150;Naher & Mittlerer Osten;Irak;IRQ;Baghdad;al-Tarmiyah;33.66653;44.37937;NB;NB;NB;VERL;FW;;SK;MIL;;;;;;1;;;;;;;;;;
;1/16/21;U.S. Dept. of State;https://www.state.gov/reports/country-reports-on-terrorism-2021/kenya/;Afrika;Kenia;KEN;Mandera;Waco Dadacha;3,30510;40,74280;Al-Shabaab;REMO;TRANS;TÖT;FW;;ZIV;PP;;1;1;;;;;1 bedeutendes Gebäude beschädigt;;;;;;;;
;1/16/21;SATP;https://www.satp.org/terrorist-activity/india-jan-2021;Südostasien;Indien;IND;Latehar;Gotang forest ;23.73262;84.37523;CPI-M;SOZ;NAT;TÖT;IED;;ZIV;PP;;1;1;;;;;;;;;;;;;
;1/16/21;DW;https://www.dw.com/de/viele-tote-bei-anschl%C3%A4gen-in-afghanistan/a-56252347;Naher & Mittlerer Osten;Afghanistan;AFG;Baghlan;;35.71;69.13;NB;NB;NB;TÖT;IED;Bombe am Straßenrand;SK;POL;;;;;1;1;;;;;;;;;;
;1/16/21;Tolo News ;https://tolonews.com/afghanistan-169281;Naher & Mittlerer Osten;Afghanistan;AFG;Kabul;Kabul city, PD3, Kabul University road;34,5053;69,1405;NB;NB;NB;TÖT;IED;;SK;POL;Stellv. Leiter Sicherheitsangelegenheiten;;;;2;3;;;;;;;;;;
;1/16/21;Tolo News;https://tolonews.com/afghanistan-169281;Naher & Mittlerer Osten;Afghanistan;AFG;Baghlan;Pul-e-Khumri;35,9465;68,7077;NB;NB;NB;TÖT;IED;;SK;POL;;;;;1;2;;;;;;;;;;
;1/16/21;Tolo News;https://tolonews.com/afghanistan-169281;Naher & Mittlerer Osten;Afghanistan;AFG;Helmand;Lashkargah;31,5969;64,394;NB;NB;NB;TÖT;FW;;SK;GD;;;;;1;;;;;;;;;;;
;1/16/21;DW;https://www.dw.com/de/viele-tote-bei-anschl%C3%A4gen-in-afghanistan/a-56252347;Naher & Mittlerer Osten;Afghanistan;AFG;Nangarhar;Dschalalabad;34.4275;70.4663;NB;NB;NB;TÖT;FW;;SK;POL;;;;;2;;;;;;;;;;;
;1/16/21;DW;https://www.dw.com/de/viele-tote-bei-anschl%C3%A4gen-in-afghanistan/a-56252347;Naher & Mittlerer Osten;Afghanistan;AFG;Kandahar;Daman ;31,53;65,8613;NB;NB;NB;ZERS;IED;Autobombe;SK;GD;Geheimdienst Gebäude;;;;;;;Sachschaden unklar;;;;;;;;
;1/16/21;Carta de Mocambique , Club of Mozambique;https://cartamz.com/index.php/politica/item/7012-terroristas-assassinam-cinco-pessoas-em-palma , https://clubofmozambique.com/news/mozambique-three-killed-in-attack-on-vehicle-in-pundanhar-lusa-182724/;Afrika;Mosambik;MOZ;Cabo Delgado;Palma, Pundanhar, Nangade-Palma road;-10,87850;40,02870;NB;REMO;REG;TÖT;FW;;ZIV;PP;Fußballteam;6;;3;;;;2 Fahrzeuge in Brand gesetzt;"""(…) others (…) remain missing (…).""";;;;;;;
;1/16/21;SATP;https://satp.org/terrorist-activity/pakistan-Jan-2021;Naher & Mittlerer Osten;Pakistan;PAK;Quetta;Sariab Road;30,13908;66,981434;NB;NB;NB;VERL;IED;Selbstgebaute Bombe mit 5 kg Sprengmaterial;ZIV;PP;In der Nähe eines Passagierbusses;;4;;;;;;;;;;;;;
;1/16/21;Crisis Group , The Syrian Observer ;https://www.crisisgroup.org/crisiswatch/database?location%5B0%5D=83&crisis_state=&created=custom&from_month=1&from_year=2021&to_month=12&to_year=2021&page=1 , https://syrianobserver.com/foreign-actors/group-claims-responsibility-for-targeting-turkish-forces-in-idleb.html ;Naher & Mittlerer Osten ;Syrien;SYR;Aleppo;Atarib, Batabo;36.13081;36.73301;Ansar Abu Bakr al-Siddiq Brigade;REMO;REG;VERL;FW;Scharfschützengewehr mit thermischem Visier;SK;MIL;Türkische Truppen;;;;;3;;;;;;;;;;
;1/17/21;SATP;https://www.satp.org/terrorist-activity/india-jan-2021;Südostasien;Indien;IND;Chatra ;market of Piri village ;24.20654;84.87180;CPI-M;SOZ;NAT;TÖT;FW;;ZIV;PP;;1;;;;;;;;;;;;;;
;1/17/21;SATP;https://satp.org/terrorist-activity/afghanistan-jan-2021;Naher & Mittlerer Osten;Afghanistan;AFG;Nangarhar;Jalalabad;34,4283;70,4578;NB;NB;NB;VERL;IED;;ZIV;PP;;;1;;;;;;;;;;;;;
;1/17/21;SATP;https://satp.org/terrorist-activity/afghanistan-jan-2021;Naher & Mittlerer Osten;Afghanistan;AFG;Kabul;Kabul city;34,5378;69,1545;NB;NB;NB;TÖT;FW;;ZIV;GOV;Weibl. Richter des Obersten Gerichts;2;;;;;;;;;;;;;;
;1/17/21;SATP;https://satp.org/terrorist-activity/pakistan-Jan-2021;Naher & Mittlerer Osten;Pakistan;PAK;Swabi;Mardan Road;34,142727;72,452082;NB;NB;NB;TÖT;FW;;ZIV;GOV;PTI Partei Organisator;3;;;;;;;;;;;;;;
;1/17/21;Daily Sabah;https://www.dailysabah.com/politics/war-on-terror/terror-attack-kills-1-wounds-6-others-in-syrias-azaz;Naher & Mittlerer Osten ;Syrien;SYR;Aleppo;Azaz city;36.58799;37.04683;NB;NB;NB;TÖT;IED;Autobombe;ZIV;ÖP;Markthalle;1;6;;;;;;;;;;;;;
;1/17/21;SATP;https://satp.org/terrorist-activity/afghanistan-jan-2021;Naher & Mittlerer Osten;Afghanistan;AFG;Baghlan;Pul-e-Khumri;35,98;68,6812;Taliban;REMO;NAT;TÖT;FW;;SK;MIL;;;;;8;2;;Außenposten zerstört, zwei Armeefahrzeuge zerstört;;;;;;;;
;1/17/21;Tiroler Tageszeitung , Hiiraan Online;https://www.tt.com/artikel/17748191/fuenf-soldaten-bei-ueberfall-in-somalia-gestorben , https://www.hiiraan.com/news4/2021/Jan/181381/six_soldiers_killed_governor_survives_following_ied_attack_in_lower_shabelle.aspx?utm_source=hiiraan&utm_medium=SomaliNewsUpdateFront;Afrika;Somalia;SOM;Lower Shabelle;Afgooye-Wanlaweyn road;2.42040;45.00690;Al-Shabaab;REMO;NAT;TÖT;IED;Mit Sprengstoff gestoppt, anschließend beschossen;ZIV;GOV;Militärkonvoi mit Gouverneur;;;;6;6;;;;;;;;;;
;1/17/21;Crisis Group , Crisis24;https://www.crisisgroup.org/crisiswatch/database?location%5B0%5D=89&crisis_state=&created=custom&from_month=1&from_year=2021&to_month=12&to_year=2021&page=1 , https://crisis24.garda.com/alerts/2021/01/saudi-arabia-al-houthi-military-projectile-injures-three-civilians-in-al-aridhah-governorate-jazan-province-jan-17 ;Naher & Mittlerer Osten ;Saudi-Arabien;SAU;Jazan;Al Aridhah;17.03871;43.04962;Houthi;REMO;TRANS;VERL;RAM;Projektil;ZIV;ÖP;Dorf;;3;;;;;;;;;;;;;
;1/17/21;Sahara Reporters , Meir Amit Intelligence and Terrorism Information Center;https://saharareporters.com/2021/02/01/exclusive-army-refuses-release-bodies-soldiers-killed-boko-haram-families-plans-%E2%80%98secret%E2%80%99 , https://www.terrorism-info.org.il/en/spotlight-on-global-jihad-january-14-20-2021/;Afrika;Nigeria;NGA;Borno;Gorgi;11.84600;13.41400;ISWAP;REMO;TRANS;TÖT;IED;;SK;MIL;Militärkonvoi;;;;31;;;1 gepanzertes und 3 andere Fahrzeuge zerstört;Keine Verletztenzahlen angegeben;;;;;;;
;1/17/21;NINA;https://www.ninanews.com/Website/News/Details?key=882473;Naher & Mittlerer Osten;Irak;IRQ;Baghdad;Al-Bataween;33.32181;44.41506;NB;NB;NB;ZERS;IED;;ZIV;UNT;Spirituosengeschäft;;;;;;;;;;;;;;;
;1/18/21;SATP;https://satp.org/terrorist-activity/afghanistan-jan-2021;Naher & Mittlerer Osten;Afghanistan;AFG;Kabul;Kabul city, PD4, Parwan 3;34,5461;69,1283;NB;NB;NB;VERL;IED;;ZIV;PP;;;4;;;;;;;;;;;;;
;1/18/21;SATP;https://satp.org/terrorist-activity/afghanistan-jan-2021;Naher & Mittlerer Osten;Afghanistan;AFG;Kabul;Kabul city, PD6;34,5025;69,1365;NB;NB;NB;ZERS;IED;;ZIV;GOV;Ministerium für Kommunikation;;;;;;;Wagen zerstört;Keine Verletzten;;;;;;;
;1/18/21;SATP;https://satp.org/terrorist-activity/afghanistan-jan-2021;Naher & Mittlerer Osten;Afghanistan;AFG;Kabul;Kabul city, PD11;34,5721;69,135;NB;NB;NB;ZERS;IED;;ZIV;PP;;;;;;;;Wagen zerstört;Keine Verletzten;;;;;;;
;1/18/21;SATP;https://satp.org/terrorist-activity/pakistan-Jan-2021;Naher & Mittlerer Osten;Pakistan;PAK;Bajaur;Mamondtehsil, Laghari / MulaKilli;34,786528;71,524915;NB;NB;NB;ZERS;RAM;Mörserangriff;ZIV;PP;;;;;;;;Zwei Geschäfte zerstört;Keine Todesfälle;;;;;;;
;1/18/21;Radio Okapi;https://www.radiookapi.net/2021/01/19/actualite/securite/nord-kivu-4-personnes-kidnappees-depuis-le-week-end-rutshuru;Afrika;DR Kongo;COD;Nord-Kivu;Rutshuru, Kabanda, Kitarara forest;-0,69822;29,51957;NB;NB;NB;TÖT;SON;Lösegeldentführung;ZIV;PP;;1;;3;;;;;4 entführt, 1 davon später geköpft;;;;;;;
;1/18/21;SATP;https://satp.org/terrorist-activity/afghanistan-jan-2021;Naher & Mittlerer Osten;Afghanistan;AFG;Daykundi;Kajran, Qasemabad;33,2376;65,4684;Taliban;REMO;NAT;VERL;IED;;ZIV;KI;Telekommunikation;;1;;;;;;;;;;;;;
;1/18/21;Levenement Niger , Crisis Group;https://levenementniger.com/niger-4-soldats-trouvent-la-mort-dans-lexplosion-dun-engin-improvise-a-diffa/ , https://www.crisisgroup.org/crisiswatch/database?location%5B0%5D=27&crisis_state=&created=custom&from_month=1&from_year=2021&to_month=12&to_year=2021&page=1;Afrika;Niger;NER;Diffa;Chetima Wangou;13.31307;12.61366;Boko Haram;REMO;TRANS;TÖT;IED;;SK;MIL;;;;;4;8;;;;;;;;;;
;1/18/21;NINA;https://www.ninanews.com/Website/News/Details?key=882666;Naher & Mittlerer Osten;Irak;IRQ;Dhi Qar;;31.28800;46.30700;NB;NB;NB;ZERS;IED;;SK;MIL;Konvoi der internationalen Koalition;;;;;;;;;;;;;;;
;1/18/21;NINA;https://www.ninanews.com/Website/News/Details?key=882636;Naher & Mittlerer Osten;Irak;IRQ;Baghdad;Al-Andalus Square;33.31540;44.42622;NB;NB;NB;ZERS;IED;;ZIV;UNT;Spirituosengeschäft;;;;;;;;;;;;;;;
;1/19/21;CHRDA;https://hrlrc.org/wp-content/uploads/2021/04/CHRDA_HUMAN_RIGHTS_REPORT_BETWEEN_MARCH-2020-MARCH-2021-ON-SEPARATISTS-ATROCITIES.pdf;Afrika;Kamerun;CMR;Nord-Ouest;Momo, Mbengwi, Mile 17;6,02111;9,99424;Amba Boys;SEP;REG;ZERS;IED;Bombe am Straßenrand;SK;MIL;Miltärtruck;;;;;;;;Keine Personenschäden;;;;;;;
;1/19/21;Nation , The Star;https://nation.africa/kenya/news/mandera-in-tight-spot-as-somalia-s-unease-spills-over-3272014 , https://www.the-star.co.ke/news/2021-01-20-al-shabaab-attack-destroy-communication-mast-in-mandera/;Afrika;Kenia;KEN;Mandera;Mandera North, Sarman;3,86329;40,65781;Al-Shabaab;REMO;TRANS;ZERS;IED;;ZIV;KI;Telekommunikationsmast;;;;;;;Telekommunikationsmast zerstört;;;;;;;;
;1/19/21;U.S. Dept of State;https://www.state.gov/reports/2021-country-reports-on-human-rights-practices/burkina-faso;Afrika;Burkina Faso;BFA;Sahel;Sebba, Niaptana;13,45159;0,49715;NB;NB;NB;ZERS;BRA;;ZIV;PP;;;;;;;;Läden abgebrannt, Tiere geklaut;Keine Personenschäden;;;;;;;
;1/19/21;SATP;https://satp.org/terrorist-activity/afghanistan-jan-2021;Naher & Mittlerer Osten;Afghanistan;AFG;Herat;Angel (Injil);34,4232;62,1956;NB;NB;NB;VERL;IED;;SK;POL;;;;;;6;;;;;;;;;;
;1/19/21;SATP;https://satp.org/terrorist-activity/afghanistan-jan-2021;Naher & Mittlerer Osten;Afghanistan;AFG;Helmand;Lashkargah;31,5969;64,394;NB;NB;NB;TÖT;FW;;SK;POL;;;;;1;;;;;;;;;;;
;1/19/21;ACLED , Club of Mozambique;https://www.caboligado.com/reports/cabo-ligado-weekly-18-24-january , https://clubofmozambique.com/news/mozambique-three-killed-in-attack-on-vehicle-in-pundanhar-lusa-182724/;Afrika;Mosambik;MOZ;Cabo Delgado;Palma, Pundanhar;-10,89330;40,07850;NB;REMO;REG;TÖT;FW;;ZIV;PP;;3;;;;;;Fahrzeug in Brand gesetzt;;;;;;;;
;1/19/21;SATP;https://satp.org/terrorist-activity/pakistan-Jan-2021;Naher & Mittlerer Osten;Pakistan;PAK;Tank;Gomal;31,993449;70,272853;NB;NB;NB;TÖT;FW;Drive-by von einem Motorrad;SK;POL;;;;;2;1;;;;;;;;;;
;1/19/21;Hiiraan Online;https://www.hiiraan.com/news/2021/Jan/wararka_maanta19-176373.htm?utm_source=hiiraan&utm_medium=WararkaMaantaFront , https://www.hiiraan.com/news4/2021/Jan/181417/al_shabab_claims_responsibility_for_deadly_somalia_explosion_%E2%80%AF.aspx?utm_source=hiiraan&utm_medium=SomaliNewsUpdateFront;Afrika;Somalia;SOM;Mogadishu;Garsbaale, Route 30;2.06422;45.26006;Al-Shabaab;REMO;NAT;TÖT;IED;;ZIV;GOV;Gouverneur für Sicherheit und Politik;5;4;;1;;;;;;;;;;;
;1/19/21;NINA;https://www.ninanews.com/Website/News/Details?key=882712;Naher & Mittlerer Osten;Irak;IRQ;Diyala;Kanaqin, Jalawla, Sayed Jaber;34.25239;45.16119;ISIS;REMO;TRANS;ZERS;IED;;ZIV;KI;Elektrizitätskraftwerk;;;;;;;Kraftwerk beschädigt;;;;;;;;
;1/19/21;NINA;https://www.ninanews.com/Website/News/Details?key=882762;Naher & Mittlerer Osten;Irak;IRQ;Nineveh;Mosul, Qayyarah, Hajj Ali;35.74607;43.31238;NB;NB;NB;VERL;IED;;ZIV;ÖP;Markt;;3;;;;;;;;;;;;;
;1/19/21;NINA;https://www.ninanews.com/Website/News/Details?key=882869;Naher & Mittlerer Osten;Irak;IRQ;Babil;Musayyib, Jorf Al-Nasr, Bahbahan;32.86800;44.17920;NB;NB;NB;VERL;FW;Scharfschütze;SK;MLZ;;;;;;1;;;;;;;;;;
;1/20/21;SATP;https://satp.org/terrorist-activity/afghanistan-jan-2021;Naher & Mittlerer Osten;Afghanistan;AFG;Herat;Paimonarhai;34,3514;62,1995;NB;NB;NB;TÖT;FW;;SK;MIL;;;;;3;;;;;;;;;;;
;1/20/21;SATP;https://satp.org/terrorist-activity/pakistan-Jan-2021;Naher & Mittlerer Osten;Pakistan;PAK;Sibi;Sangaan;30,17911;67,716766;NB;NB;NB;TÖT;IED;Landmine;SK;MLZ;Sibi Scouts, Frontier Corps Nordflügel;;;;4;5;;;;;;;;;;
;1/20/21;SATP;https://satp.org/terrorist-activity/afghanistan-jan-2021;Naher & Mittlerer Osten;Afghanistan;AFG;Nangarhar;Sherzad;34,208;70,0065;Taliban;REMO;NAT;TÖT;IED;;ZIV;PP;;2;4;;;;;;;;;;;;;
;1/20/21;SATP;https://satp.org/terrorist-activity/afghanistan-jan-2021;Naher & Mittlerer Osten;Afghanistan;AFG;Nangarhar;Khogyani;34,1669;70,1761;Taliban;REMO;NAT;TÖT;IED;;ZIV;PP;;2;;;;;;;;;;;;;;
;1/21/21;ACLED;https://acleddata.com/yemen-conflict-observatory/#curated (Yemen Conflict Observatory Dataset - YEM61873);Naher & Mittlerer Osten;Jemen;YEM;Al Bayda';Dhi Naim;14.08828;45.46648;Al-Qaeda - Arabian Peninsula;REMO;TRANS;TÖT;IED;;SK;MLZ;Houthis;;;;2;2;;;;;;;;;;
;1/21/21;U.S. Embassy in Cameroon;https://cm.usembassy.gov/2021-country-reports-on-human-rights-practices-cameroon/;Afrika;Kamerun;CMR;Nord-Ouest;Bamenda, Nkwen, Mile 6;5,96028;10,16134;Amba Boys;SEP;REG;ENTF;FW;;ZIV;UNT;Baufirma;;;3;;;;;;;;;;;;
;1/21/21;Vatican News;https://www.vaticannews.va/en/africa/news/2021-01/burkina-faso-priest-missing-since-tuesday-found-dead.html;Afrika;Burkina Faso;BFA;Cascades;Comoé, Banfora, Toumousséni forest;10,62865;-4,89263;NB;NB;NB;TÖT;FW;;ZIV;REL;Priester;1;;;;;;;Zuvor entführt;;;;;;;
;1/21/21;ACLED;https://www.caboligado.com/reports/cabo-ligado-weekly-18-24-january;Afrika;Mosambik;MOZ;Cabo Delgado;Nangade, Namiune;-11,03971;39,85873;NB;REMO;REG;TÖT;SON;;ZIV;GOV;Dorfanführer;1;;4;;;;;Dorfanführer geköpft und 4 Kinder entführt;;;;;;;
;1/21/21;ACLED;https://www.caboligado.com/reports/cabo-ligado-weekly-25-31-january;Afrika;Mosambik;MOZ;Cabo Delgado;Nangade, Mandimba;-10,93677;39,84934;NB;REMO;REG;TÖT;FW;;ZIV;PP;;1;3;;2;;;;"Besetzung des Dorfes für 5-6 Tage: ""(…) beaten a number of civilians (…).";;;;;;;
;1/21/21;Al Jazeera;https://www.aljazeera.com/news/2021/1/24/six-malian-soldiers-killed-in-complex-and-simultaneous-attacks;Afrika;Mali;MLI;Mopti;Douentza, Mondoro;14.67000;-1.94800;NB;NB;NB;TÖT;IED;;SK;MIL;Malische Streitkräfte;;;;3;;;;;;;;;;;
;1/21/21;SATP;https://satp.org/terrorist-activity/afghanistan-jan-2021;Naher & Mittlerer Osten;Afghanistan;AFG;Nimroz;Khashrod;31,72165;62,93674;Taliban;REMO;NAT;TÖT;FW;;SK;POL;;;;;6;;;;;;;;;;;
;1/21/21;SATP;https://satp.org/terrorist-activity/afghanistan-jan-2021;Naher & Mittlerer Osten;Afghanistan;AFG;Baghlan;Pul-e-Khumri, PD2;35,9464;68,7095;Taliban;REMO;NAT;TÖT;FW;;SK;POL;;;;;2;;;;;;;;;;;
;1/21/21;SATP;https://satp.org/terrorist-activity/afghanistan-jan-2021;Naher & Mittlerer Osten;Afghanistan;AFG;Baghlan;Chashma-e-Shibar, Baghlan-Samangan highway;36,0768;68,5798;Taliban;REMO;NAT;TÖT;FW;;SK;POL;;;;;1;;;;;;;;;;;
;1/21/21;NINA;https://www.ninanews.com/Website/News/Details?key=883144 , https://www.ninanews.com/Website/News/Details?key=883154 , https://www.ninanews.com/Website/News/Details?key=883163 , https://www.ninanews.com/Website/News/Details?key=883176  ;Naher & Mittlerer Osten;Irak;IRQ;Baghdad;Rusafa, Tayaran Square;33.33089;44.41263;NB;NB;NB;TÖT;IED;2 Selbstmordattentäter, gaben sich unabhängig voneinander als hilfsbedürftig aus, um Menschen anzuziehen;ZIV;ÖP;Second-Hand Markt;28;73;;;;;;;;;;;;;
;1/21/21;NINA;https://www.ninanews.com/Website/News/Details?key=883274;Naher & Mittlerer Osten;Irak;IRQ;Baghdad;Abu Ghraib, International Highway;33.32364;44.17105;NB;NB;NB;ZERS;IED;;SK;MIL;Konvoi der internationalen Koalition;;;;;;;;;;;;;;;
;1/21/21;NINA;https://www.ninanews.com/Website/News/Details?key=883307;Naher & Mittlerer Osten;Irak;IRQ;Babil;Musayyib, Jorf Al-Nasr, Bahbahan;32.86800;44.17920;NB;NB;NB;VERL;IED;;SK;MLZ;PMF Security Checkpoint;;;;;2;;;;;;;;;;
;1/22/21;UNOCHA;https://reliefweb.int/report/cameroon/cameroon-north-west-and-south-west-situation-report-no-27-31-january-2021;Afrika;Kamerun;CMR;Nord-Ouest;Mezam, Bamenda, Mankon;6,00444;10,10888;Amba Boys;SEP;REG;ZERS;BRA;;ZIV;EDU;Missionsschule;;;;;;;;Keine Personenschäden;;;;;;;
;1/22/21;SATP;https://www.satp.org/terrorist-activity/india-jan-2021;Südostasien;Indien;IND;Jammu and Kashmir ;Kishtwar, Dadpeth;33.38980;75.69350;NB;NB;NB;ZERS;HGR;;SK;MLZ;SOG;;;;;;;;Keine Personenschäden;;;;;;;
;1/22/21;Hiiraan Online;https://www.hiiraan.com/news/2021/Jan/wararka_maanta23-176410.htm?utm_source=hiiraan&utm_medium=WararkaMaantaFront;Afrika;Somalia;SOM;Mudug;Galkayo;6.76972;47.43082;Al-Shabaab;REMO;NAT;TÖT;IED;Mine;SK;MIL;Militärfahrzeug;1;3;;1;5;;;;;;;;;;
;1/22/21;Sahara Reporters , Meir Amit Intelligence and Terrorism Information Center;https://saharareporters.com/2021/02/01/exclusive-army-refuses-release-bodies-soldiers-killed-boko-haram-families-plans-%E2%80%98secret%E2%80%99 , https://www.terrorism-info.org.il/en/spotlight-on-global-jihad-january-27-21-2021/;Afrika;Nigeria;NGA;Borno;;11.84600;13.41400;ISWAP;REMO;TRANS;TÖT;FW;;SK;MIL;Militärpatrouille;;;;7;3;;;"""(…) and injuring others.""";;;;;;;
;1/22/21;NINA;https://www.ninanews.com/Website/News/Details?key=883452;Naher & Mittlerer Osten;Irak;IRQ;Babil;Al-Musayyib;32.77971;44.29027;NB;NB;NB;ZERS;IED;;SK;MIL;Konvoi der internationalen Koalition;;;;;;;;;;;;;;;
;1/23/21;Hiiraan Online;https://www.hiiraan.com/news4/2021/Jan/181437/four_bodyguards_killed_two_ex_mps_injured_in_landmine_attack_in_mogadishu.aspx?utm_source=hiiraan&utm_medium=SomaliNewsUpdateFront;Afrika;Somalia;SOM;Mogadishu;Shibis, Behani junction;2.04680;45.35260;Al-Shabaab;REMO;NAT;TÖT;IED;Landmine;ZIV;GOV;Ehem. Parlamentarier;;2;;4;;;;;;;;;;;
;1/23/21;Dailymail , Crisis Group , Long War Journal;https://www.dailymail.co.uk/news/article-9300063/Drones-targeted-Saudi-royal-palace-launched-Iran-backed-militia-inside-Iraq.html , https://www.crisisgroup.org/crisiswatch/database?location%5B0%5D=89&crisis_state=&created=custom&from_month=1&from_year=2021&to_month=12&to_year=2021&page=1 , https://www.longwarjournal.org/archives/2021/01/purported-new-militant-group-claims-drone-attack-against-saudi-arabia.php;Naher & Mittlerer Osten ;Saudi-Arabien;SAU;Riyadh;Riyadh city, Al Yamamah Palace;24.66531;46.64127;The Righteous Promise;SEP;REG;ZERS;RAM;Drohnen mit Sprengstoff;ZIV;GOV;Königlicher Palast;;;;;;;Drohne kracht in Palastgebäude;"Drohnen abgewehrt, aber krachen in Palastgebäude; Angriff ist Vergeltung für Unterstützung vom IS durch Saudi-Arabien";;;;;;;
;1/23/21;SATP;https://www.satp.org/terrorist-activity/india-jan-2021;Südostasien;Indien;IND;Tengnoupal;Mujibur Workshop in Moreh town ;24.25128;94.30130;United Kuki Liberation Front ;SEP;REG;TÖT;FW;;ZIV;UNT;;1;1;;;;;;;;;;;;;
;1/23/21;NINA;https://www.ninanews.com/Website/News/Details?key=883683 , https://www.ninanews.com/Website/News/Details?key=883686 , https://www.ninanews.com/Website/News/Details?key=883697 , https://www.ninanews.com/Website/News/Details?key=883699 , https://www.ninanews.com/Website/News/Details?key=883713;Naher & Mittlerer Osten;Irak;IRQ;Saladin;;34.65470;44.45760;ISIS;REMO;TRANS;TÖT;FW;;ZIV;PP;;;4;;11;8;;;;;;;;;;
;1/23/21;NINA;https://www.ninanews.com/Website/News/Details?key=883514 , https://www.ninanews.com/Website/News/Details?key=883530;Naher & Mittlerer Osten;Irak;IRQ;Baghdad;Rashid, Al-Jihad;33.27371;44.28936;NB;NB;NB;ZERS;RAM;Katyusha Raketen;SK;MIL;Militärbasis auf Internationalem Flughafen;;;;;;;Ziviles Haus beschädigt;;;;;;;;
;1/24/21;CHRDA;https://hrlrc.org/wp-content/uploads/2021/04/CHRDA_HUMAN_RIGHTS_REPORT_BETWEEN_MARCH-2020-MARCH-2021-ON-SEPARATISTS-ATROCITIES.pdf;Afrika;Kamerun;CMR;Sud-Ouest;Fako, Limbe, Half-Mile;4,01827;9,20849;Amba Boys;SEP;REG;ZERS;IED;;ZIV;ÖP;Störung von Fußballspiel;;;;;;;;Keine Personenschäden;;;;;;;
;1/24/21;SATP;https://www.satp.org/terrorist-activity/india-jan-2021;Südostasien;Indien;IND;Kondagaon;Kermapal village ;19.59585;81.66377;CPI-M;SOZ;NAT;TÖT;SON;Zu Tode stranguliert;ZIV;GOV;;1;;;;;;;;;;;;;;
;1/24/21;Al Jazeera;https://www.aljazeera.com/news/2021/1/24/six-malian-soldiers-killed-in-complex-and-simultaneous-attacks;Afrika;Mali;MLI;Mopti;Douentza, Boulkessi/Mondoro;14.71390;-1.60610;NB;REMO;NB;TÖT;FW;Komplexer Angriff an zwei Stellen gleichzeitig;SK;MIL;Malische Streitkräfte;;;;6;18;;;Koordinaten liegen in der Mitte der beiden Angriffe;;;;;;;
;1/24/21;ACLED;https://www.caboligado.com/reports/cabo-ligado-weekly-18-24-january;Afrika;Mosambik;MOZ;Cabo Delgado;Palma, Olumbe;-10,99110;40,47840;NB;REMO;REG;ZERS;FW;;SK;POL;Joint Task Force to protext LNG terminals;;;;;;;;"Keine Opferzahlen verfügbar, Kampf soll ""intense"" gewesen sein";;;;;;;
;1/24/21;NINA;https://www.ninanews.com/Website/News/Details?key=883725;Naher & Mittlerer Osten;Irak;IRQ;Kirkuk;Hawija, Riyad, Hod 18;35.27337;43.91716;ISIS;REMO;TRANS;ZERS;RAM;Mörser;ZIV;PP;;;;;;;;;;;;;;;;
;1/24/21;NINA;https://www.ninanews.com/Website/News/Details?key=883887;Naher & Mittlerer Osten;Irak;IRQ;Baghdad;Mansour, Al-Adl;33.33229;44.31344;NB;NB;NB;ZERS;IED;;ZIV;UNT;Spirituosengeschäft;;;;;;;;;;;;;;;
;1/25/21;SATP;https://www.satp.org/terrorist-activity/india-jan-2021;Südostasien;Indien;IND;Chhattisgarh;Bijapur;16.83017;75.71003;CPI-M;SOZ;NAT;TÖT;FW;;ZIV;PP;;1;;;;;;;;;;;;;;
;1/25/21;SATP;https://satp.org/terrorist-activity/afghanistan-jan-2021;Naher & Mittlerer Osten;Afghanistan;AFG;Helmand;Lashkargah;31,5969;64,394;NB;NB;NB;TÖT;FW;;SK;POL;Police academy professor;;;;1;;;;;;;;;;;
;1/25/21;KOHA;https://www.koha.net/de/bote/sulmohet-stafi-i-ambasades-italiane-ne-kabul;Naher & Mittlerer Osten;Afghanistan;AFG;Kabul;Kabul city;34,5378;69,1545;NB;NB;NB;VERL;IED;;ZIV;GOV;Fahrzeug d. italienischen Botschafters;;2;;;;;;;;;;;;;
;1/25/21;Meir Amit Intelligence and Terrorism Information Center;https://www.terrorism-info.org.il/en/spotlight-on-global-jihad-january-27-21-2021/;Naher & Mittlerer Osten ;Syrien;SYR;Deir ez-Zor;Abu Kamal;34.24281;40.37053;ISIS;REMO;TRANS;TÖT;FW;;SK;MIL;Syrische Soldaten und Milizen;;;;15;20;;;;;;;;;;
;1/26/21;CHRDA;https://hrlrc.org/wp-content/uploads/2021/04/CHRDA_HUMAN_RIGHTS_REPORT_BETWEEN_MARCH-2020-MARCH-2021-ON-SEPARATISTS-ATROCITIES.pdf;Afrika;Kamerun;CMR;Sud-Ouest;Fako, Limbe;4,01757;9,16689;Amba Boys;SEP;REG;VERL;IED;Bombe am Straßenrand;SK;POL;Polizisten auf Patrouille;;;;;2;;;;;;;;;;
;1/26/21;Philstar Global;https://www.philstar.com/nation/2021/01/27/2073435/authorities-blame-biff-roadside-blast-maguindanao-town;Südostasien;Philippinen;PHL;Bangsamoro Autonomous Region in Muslim Mindanao;Maguindanao del Sur, South Upi;6.89030;124.13900;Bangsamoro Islamic Freedom Fighters ;REMO;REG;TÖT;IED;Bombenanschlag an Straße;ZIV;PP;Motorradfahrer;1;1;;;;;;Bürgermeister behauptet, dass er vermutlich das Ziel war;;;;;;;
;1/26/21;SATP;https://www.satp.org/terrorist-activity/india-jan-2021;Südostasien;Indien;IND;Chhattisgarh;Rajnandgaon;21.09710;81.03022;CPI-M;SOZ;NAT;TÖT;SON;Zu Tode getreten;ZIV;PP;;2;;;;;;;;;;;;;;
;1/26/21;SATP;https://satp.org/terrorist-activity/afghanistan-jan-2021;Naher & Mittlerer Osten;Afghanistan;AFG;Kunduz;Kunduz city;36,708;68,8772;NB;NB;NB;VERL;IED;;ZIV;GOV;deputy head of provincial council;;1;;;;;;;;;;;;;
;1/26/21;SATP;https://satp.org/terrorist-activity/afghanistan-jan-2021;Naher & Mittlerer Osten;Afghanistan;AFG;Kabul;Kabul city, PD5;34,5234;69,1124;NB;NB;NB;TÖT;IED;;ZIV;PP;;1;;;;;;;;;;;;;;
;1/26/21;Syrian Network for Human Rights , Daily Sabah;https://news.snhr.org/2021/01/26/a-number-of-civilians-were-killed-by-a-motorcycle-bomb-blast-in-tal-abyad-city-in-raqqa-suburbs-on-january-26/ , https://www.dailysabah.com/politics/war-on-terror/terrorist-attack-kills-2-in-operation-peace-spring-area-in-n-syria;Naher & Mittlerer Osten ;Syrien;SYR;Ar-Raqqa;Tall Abyad city, Dawwar al Baladiya;36.69462;38.94999;YPG;SEP;REG;TÖT;IED;Motorradbombe;ZIV;PP;;3;3;;;;;;"""(…) while others were injured (…).""";;;;;;;
;1/26/21;NINA;https://www.ninanews.com/Website/News/Details?key=884094;Naher & Mittlerer Osten;Irak;IRQ;Dhi Qar;International Highway;31.10170;46.38910;NB;NB;NB;ZERS;IED;;SK;MIL;Logistischer Konvoi der internationalen Koalition;;;;;;;;;;;;;;;
;1/26/21;NINA;https://www.ninanews.com/Website/News/Details?key=884130;Naher & Mittlerer Osten;Irak;IRQ;Diyala;Baquba, Al-Muradiya;33.60218;44.56432;NB;NB;NB;TÖT;FW;;ZIV;PP;Obstladenbesitzer und Bruder;2;;;;;;;;;;;;;;
;1/27/21;CHRDA;https://hrlrc.org/wp-content/uploads/2021/04/CHRDA_HUMAN_RIGHTS_REPORT_BETWEEN_MARCH-2020-MARCH-2021-ON-SEPARATISTS-ATROCITIES.pdf;Afrika;Kamerun;CMR;Nord-Ouest;Mezam, Bamenda;5,95743;10,15804;Amba Boys;SEP;REG;TÖT;IED;;SK;MIL;Störung von Papstbesuch;;;;4;;;;;;;;;;;
;1/27/21;Crisis Group , Nation;https://www.crisisgroup.org/crisiswatch/database?location%5B0%5D=11&crisis_state=&created=custom&from_month=1&from_year=2021&to_month=12&to_year=2021&page=1 , https://nation.africa/kenya/news/mandera-in-tight-spot-as-somalia-s-unease-spills-over-3272014;Afrika;Kenia;KEN;Mandera;Mandera East, Omar Jillow;3,75495;41,66566;Al-Shabaab;REMO;TRANS;TÖT;IED;IED auf Straße;SK;POL;;;;;1;2;;;;;;;;;;
;1/27/21;Philstar Global , U.S. Dept. of State , Philippine Daily Inquirer;https://www.philstar.com/nation/2021/01/27/2073452/fruit-vendor-killed-5-hurt-north-cotabato-ied-blast , https://www.state.gov/reports/country-reports-on-terrorism-2021/philippines , https://newsinfo.inquirer.net/1441802/p200k-reward-up-for-capture-of-suspects-in-burning-of-bus-in-cotabato;Südostasien;Philippinen;PHL;Soccsksargen;North Cotabato, Tulunan, Sibsib;6.82518;124.89442;Dawlah Islamiya;REMO;REG;TÖT;IED;Bombenanschlag an Straße;ZIV;TI;Bus;1;5;;;;;;;;;;;;;
;1/27/21;SATP;https://satp.org/terrorist-activity/afghanistan-jan-2021;Naher & Mittlerer Osten;Afghanistan;AFG;Paghman;Tawalat;34,5407;68,9552;NB;NB;NB;TÖT;FW;;SK;POL;;;;;2;;;;;;;;;;;
;1/27/21;SATP;https://www.satp.org/terrorist-activity/india-jan-2021;Südostasien;Indien;IND;Jammu and Kashmir ;Kulgam ;33.64499;75.01803;NB;NB;NB;VERL;IED;;SK;MIL;;;;;1;3;;;;;;;;;;
;1/27/21;Actualite;https://actualite.cd/2021/01/28/beni-des-hommes-armes-creent-la-panique-dans-la-commune-de-beu-et-criblent-de-balles-un;Afrika;DR Kongo;COD;Nord-Kivu;Beni city, Beu, Byahutu;0,49370;29,49610;NB;NB;NB;TÖT;FW;;ZIV;PP;;1;;;;;;;;;;;;;;
;1/27/21;Hiiraan Online;https://www.hiiraan.com/news4/2021/Jan/181490/somalia_16_dead_several_injured_in_3_bomb_blasts.aspx?utm_source=hiiraan&utm_medium=SomaliNewsUpdateFront;Afrika;Somalia;SOM;Middle Shabelle;Balcad;2.30380;45.39210;Al-Shabaab;REMO;NAT;TÖT;IED;;SK;MIL;Militärfahrzeug;2;;;12;4;;;"""(…) and several others injured (…).""";;;;;;;
;1/27/21;Hiiraan Online;https://www.hiiraan.com/news4/2021/Jan/181490/somalia_16_dead_several_injured_in_3_bomb_blasts.aspx?utm_source=hiiraan&utm_medium=SomaliNewsUpdateFront;Afrika;Somalia;SOM;Mogadishu;;2.03493;45.34191;NB;NB;NB;TÖT;IED;Bombe am Straßenrand;ZIV;UNT;Bauarbeiter;2;1;;;;;;;;;;;;;
;1/27/21;Hiiraan Online;https://www.hiiraan.com/news4/2021/Jan/181490/somalia_16_dead_several_injured_in_3_bomb_blasts.aspx?utm_source=hiiraan&utm_medium=SomaliNewsUpdateFront;Afrika;Somalia;SOM;Bay;Diinsoor;2.40267;42.97373;NB;NB;NB;TÖT;IED;;ZIV;ÖP;Restaurant;;3;;1;2;;;Verteilung der Verletzten auf Zivilisten und Sicherheitskräfte unklar;;;;;;;
;1/27/21;SATP;https://www.satp.org/terrorist-activity/india-jan-2021;Südostasien;Indien;IND;Karbi Anglong ;Dhansiri ;26.62899;93.77411;Dimasa National Liberation Army ;SEP;REG;TÖT;FW;;ZIV;PP;;2;1;;;;;;;;;;;;;
;1/28/21;ACLED;https://acleddata.com/yemen-conflict-observatory/#curated (Yemen Conflict Observatory Dataset - YEM61874);Naher & Mittlerer Osten;Jemen;YEM;Al Bayda';Mukayras, Al Mansour;14.00214;45.82822;Al-Qaeda - Arabian Peninsula;REMO;TRANS;TÖT;IED;;SK;MLZ;Houthis;;;;4;;;;;;;;;;;
;1/28/21;SATP;https://satp.org/terrorist-activity/pakistan-Jan-2021;Naher & Mittlerer Osten;Pakistan;PAK;Kech;Balgatar, Cherry Gadgi;26,169106;64,038418;Balochistan Liberation Front ;SEP;REG;TÖT;FW;;ZIV;PP;"Angebl. ""Todesschwadron""-Mitglied";1;;;;;;;;;;;;;;
;1/28/21;SATP;https://www.satp.org/terrorist-activity/india-jan-2021;Südostasien;Indien;IND;Chhattisgarh;Kotrapal;18.99982;80.97262;CPI-M;SOZ;NAT;TÖT;SON;Zu Tode gehackt;ZIV;PP;ehem. Maoist ;1;;;;;;;;;;;;;;
;1/28/21;SATP;https://satp.org/terrorist-activity/afghanistan-jan-2021;Naher & Mittlerer Osten;Afghanistan;AFG;Balkh;Alamkhil;36,7561;66,8952;NB;NB;NB;TÖT;RAM;Mörser;SK;MIL;ANA 209 Shaheen Corps;;;;1;;;;;;;;;;;
;1/28/21;Meir Amit Intelligence and Terrorism Information Center;https://www.terrorism-info.org.il/en/spotlight-on-global-jihad-january-28-february-3-2021/;Naher & Mittlerer Osten ;Syrien;SYR;Homs;Al-Suknah;34.57468;39.22704;ISIS;REMO;TRANS;ZERS;IED;;ZIV;KI;Gas Pipeline;;;;;;;Gas Pipeline gesprengt;Keine Personenschäden;;;;;;;
;1/28/21;NINA;https://www.ninanews.com/Website/News/Details?key=884681;Naher & Mittlerer Osten;Irak;IRQ;Baghdad;Dora;33.25032;44.40416;NB;NB;NB;TÖT;FW;;SK;POL;Offizier, Polizist und Kollege der Direktion für Verbrechensbekämpfung;;;;1;2;;;;;;;;;;
;1/29/21;SATP;https://www.satp.org/terrorist-activity/india-jan-2021;Südostasien;Indien;IND;Kandhamal;Gumu;20.13420;84.01674;CPI-M;SOZ;NAT;ENTF;FW;;ZIV;PP;;;;2;;;;;;;;;;;;
;1/29/21;SATP;https://www.satp.org/terrorist-activity/india-jan-2021;Südostasien;Indien;IND;Kandhamal;Gumu;20.13420;84.01674;CPI-M;SOZ;NAT;VERL;SON;;ZIV;PP;;;1;;;;;;Erst entführt, dann verletzt;;;;;;;
;1/29/21;SATP;https://www.satp.org/terrorist-activity/india-jan-2021;Südostasien;Indien;IND;Rajouri;Kot Dhara ;33.37017;74.38513;NB;NB;NB;ZERS;IED;;ZIV;REL;Tempel;;;;;;;;;;;;;;;
;1/29/21;Stuttgarter Zeitung;https://www.stuttgarter-zeitung.de/inhalt.ermittlungen-in-indien-explosion-nahe-israelischer-botschaft-in-delhi.c2b5e0d6-f4a8-4903-ae2d-b170c1f3c104.html;Südostasien;Indien;IND;New Delhi;Israelische Botschaft;28,6019;77,2214;NB;NB;NB;ZERS;IED;;ZIV;GOV;;;;;;;;3 Autos beschädigt;;;;;;;;
;1/29/21;colombiareports;https://colombiareports.com/colombias-failing-state-part-1-antioquia-and-the-art-of-decapitation/ , https://www.google.com/search?client=firefox-b-d&q=google+translate;Lateinamerika;Kolumbien;COL;Antioquia;Yarumal ;6,963333;-75,417222;NB;NB;NB;TÖT;SON;Enthauptung ;ZIV;PP;Bauer;1;;;;;;;;;;;;;;
;1/29/21;NINA;https://www.ninanews.com/Website/News/Details?key=884714;Naher & Mittlerer Osten;Irak;IRQ;Diyala;Al-Miqdadiya;33.97241;44.92760;NB;NB;NB;ZERS;HGR;;SK;POL;Haus eines Offiziers;;;;;;;;;;;;;;;
;1/29/21;NINA;https://www.ninanews.com/Website/News/Details?key=884768;Naher & Mittlerer Osten;Irak;IRQ;Najaf;Kufa, Palace of Culture and Arts;32.03955;44.40392;NB;NB;NB;VERL;FW;;SK;POL;;;;;;1;;;;;;;;;;
;1/29/21;NINA;https://www.ninanews.com/Website/News/Details?key=884799;Naher & Mittlerer Osten;Irak;IRQ;Baghdad;Adamiyah, Adamiyah Corniche;33.36406;44.36958;NB;NB;NB;ZERS;IED;;ZIV;UNT;Spirituosengeschäft;;;;;;;;;;;;;;;
;1/30/21;CHRDA;https://hrlrc.org/wp-content/uploads/2021/04/CHRDA_HUMAN_RIGHTS_REPORT_BETWEEN_MARCH-2020-MARCH-2021-ON-SEPARATISTS-ATROCITIES.pdf;Afrika;Kamerun;CMR;Nord-Ouest;Mezam, Bamenda, Mile 4 Market;5,99293;10,18470;Amba Boys;SEP;REG;VERL;IED;;ZIV;ÖP;Störung von Papstbesuch;;2;;;;;;;;;;;;;
;1/30/21;SATP;https://www.satp.org/terrorist-activity/india-jan-2021;Südostasien;Indien;IND;Chhattisgarh;Kanker;20.26751;81.49273;CPI-M;SOZ;NAT;TÖT;FW;;SK;POL;;;1;;1;;;;;;;;;;;
;1/30/21;SATP;https://www.satp.org/terrorist-activity/india-jan-2021;Südostasien;Indien;IND;Narayanpur;Tekanar;19.45530;81.22900;CPI-M;SOZ;NAT;TÖT;SON;Scharfe (blanke) Waffen;ZIV;PP;;1;;;;;;;;;;;;;;
;1/30/21;SATP;https://www.satp.org/terrorist-activity/india-jan-2021;Südostasien;Indien;IND;Odisha;Kandhamal ;20.13420;84.01674;CPI-M;SOZ;NAT;TÖT;FW;;ZIV;PP;;2;;;;;;;;;;;;;;
;1/30/21;SATP;https://satp.org/terrorist-activity/afghanistan-jan-2021;Naher & Mittlerer Osten;Afghanistan;AFG;Balkh;;36,7561;66,8952;NB;NB;NB;TÖT;IED;;SK;GD;Offizier Nationale Sicherheit;;3;;1;;;;;;;;;;;
;1/30/21;ACLED;https://www.caboligado.com/reports/cabo-ligado-weekly-25-31-january , https://www.caboligado.com/reports/cabo-ligado-weekly-1-7-february;Afrika;Mosambik;MOZ;Cabo Delgado;Nangade, Nkonga;-11,24040;39,88765;NB;REMO;REG;ENTF;FW;;ZIV;PP;;;;2;;;;Wohnhäuser in Brand gesetzt;;;;;;;;
;1/30/21;SATP;https://satp.org/terrorist-activity/pakistan-Jan-2021;Naher & Mittlerer Osten;Pakistan;PAK;Khyber-Pakhtunkhwa;Peshawar, Central Prison;34,01324;71,56189;NB;NB;NB;TÖT;FW;;SK;POL;Counter Terrorism Department;;;;1;1;;;;;;;;;;
;1/30/21;Actualite;https://actualite.cd/2021/02/01/sud-kivu-4-morts-en-une-journee-dans-trois-attaques-armees-bukavu;Afrika;DR Kongo;COD;Sud-Kivu;Bukavu, Kadutu;-2,51310;28,84260;NB;NB;NB;TÖT;FW;;ZIV;PP;;1;4;;;;;;;;;;;;;
;1/30/21;SATP;https://satp.org/terrorist-activity/afghanistan-jan-2021;Naher & Mittlerer Osten;Afghanistan;AFG;Kandahar;Panjwai;31,5435;65,461;Taliban;REMO;NAT;TÖT;IED;;ZIV;PP;;3;;;;;;;;;;;;;;
;1/30/21;SATP;https://satp.org/terrorist-activity/afghanistan-jan-2021;Naher & Mittlerer Osten;Afghanistan;AFG;Nangarhar;Shirzad, Gandmak, Militärstützpunkt;34,2852;70,0433;Taliban;REMO;TRANS;TÖT;IED;Selbstmordattentäter;SK;MIL;;;;;8;;;;;;;;;;;
;1/30/21;colombiareports;https://colombiareports.com/colombias-failing-state-part-1-antioquia-and-the-art-of-decapitation/;Lateinamerika;Kolumbien;COL;Antioquia;main square of a village in the north ;7,000009;-75,500009;NB;NB;NB;TÖT;SON;Enthauptung ;ZIV;GOV;;1;;;;;;;;;;;;;;
;1/30/21;Crisis Group , Al Jazeera , Crisis24 , Syrian Observatory for Human Rights , New Arab;https://www.crisisgroup.org/crisiswatch/database?location%5B0%5D=83&crisis_state=&created=custom&from_month=1&from_year=2021&to_month=12&to_year=2021&page=1 , https://www.aljazeera.com/news/2021/1/30/bomb-blast-takes-lives-in-syrian-town-of-afrin-turkish-ministry , https://crisis24.garda.com/alerts/2021/01/syria-two-explosions-in-aleppo-governorate-result-in-casualties-jan-31-update-1 , https://www.syriahr.com/en/202938/ , https://www.newarab.com/news/car-bomb-kills-4-northern-syria;Naher & Mittlerer Osten ;Syrien;SYR;Aleppo;Afrin city;36.51465;36.86912;YPG;SEP;REG;TÖT;IED;Autobombe;ZIV;ÖP;Industriegelände in Stadtmitte;4;27;;4;;;;;;;;;;;
;1/30/21;NINA;https://www.ninanews.com/Website/News/Details?key=884863;Naher & Mittlerer Osten;Irak;IRQ;Sulaymaniyah;Sulaymaniyah city, Bakrajo, Headquarters Kurdistan Social Democratic Party;35.55441;45.43268;NB;NB;NB;ZERS;FW;;ZIV;GOV;Sitz der Demokratischen Partei Kurdistans;;;;;;;Gebäude beschädigt;;;;;;;;
;1/31/21;SATP;https://www.satp.org/terrorist-activity/india-jan-2021;Südostasien;Indien;IND;Balaghat;Devarbaili;20.26751;81.49273;CPI-M;SOZ;NAT;ZERS;BRA;;ZIV;TI;;;;;;;;Truck and 2 Tractors set ablaze;;;;;;;;
;1/31/21;SATP;https://satp.org/terrorist-activity/afghanistan-jan-2021;Naher & Mittlerer Osten;Afghanistan;AFG;Kabul;Kabul city, PD12, Shahrak-e-Amniat;34,5187;69,3067;NB;NB;NB;TÖT;FW;;ZIV;PP;;2;;;;;;;;;;;;;;
;1/31/21;SATP;https://satp.org/terrorist-activity/afghanistan-jan-2021;Naher & Mittlerer Osten;Afghanistan;AFG;Kabul;Kabul city, PD5, Afshar;34,5365;69,1076;NB;NB;NB;TÖT;FW;;ZIV;PP;Personenschützer von ehem. Leiter der Wahlbehörde;2;;;;;;;;;;;;;;
;1/31/21;U.S. Dept. of State;https://www.state.gov/reports/country-reports-on-terrorism-2021/thailand;Südostasien;Thailand;THA;Narathiwat;;6.15249;101.72786;NB;SEP;REG;VERL;IED;Falle gestellt;SK;POL;;;;;;8;;;;;;;;;;
;1/31/21;SATP;https://satp.org/terrorist-activity/afghanistan-jan-2021;Naher & Mittlerer Osten;Afghanistan;AFG;Faryab;Almar;35,8479;64,5368;Taliban;REMO;NAT;TÖT;RAM;Mörser;ZIV;PP;;2;14;;;;;;;;;;;;;
;1/31/21;Tagesspiegel , U.S. Dept. of State , Horn Observer;https://www.tagesspiegel.de/politik/anschlag-auf-hotel-in-mogadischu-4226176.html , https://www.state.gov/reports/2021-report-on-international-religious-freedom/somalia/ , https://hornobserver.com/articles/689/Scores-killed-in-a-hotel-attack-in-Somalias-Capital;Afrika;Somalia;SOM;Mogadishu;Waberi, Afrik Hotel;2.02970;45.31007;Al-Shabaab;REMO;NAT;TÖT;IED;Selbstmordanschlag mit Auto, anschließend Stürmung des Hotels mit Feuerwaffen und Granaten;ZIV;GOV;Hotel, Ziel war vermutlich ehemaliger Verteidigungsminister;17;30;;;;;;;;;;;;;
;1/31/21;Crisis24 , Syrian Observatory for Human Rights , Daily Sabah;https://crisis24.garda.com/alerts/2021/01/syria-two-explosions-in-aleppo-governorate-result-in-casualties-jan-31-update-1 , https://www.syriahr.com/en/203237/ , https://www.dailysabah.com/politics/war-on-terror/12-dead-in-suspected-ypg-car-bomb-attacks-in-northern-syria;Naher & Mittlerer Osten ;Syrien;SYR;Aleppo;Al-Bab city;36.37545;37.51484;YPG;SEP;REG;TÖT;IED;Autobombe;SK;MIL;Pro-türkische Rebellen;;;;5;;;;;;;;;;;
;1/31/21;Crisis24 , Syrian Observatory for Human Rights , Daily Sabah;https://crisis24.garda.com/alerts/2021/01/syria-two-explosions-in-aleppo-governorate-result-in-casualties-jan-31-update-1 , https://www.syriahr.com/en/203237/ , https://www.dailysabah.com/politics/war-on-terror/12-dead-in-suspected-ypg-car-bomb-attacks-in-northern-syria;Naher & Mittlerer Osten ;Syrien;SYR;Aleppo;Azaz city;36.58882;37.04719;YPG;SEP;REG;TÖT;IED;Autobombe;ZIV;ÖP;Kulturelles Stadtzentrum;7;30;;;;;;;;;;;;;
;1/31/21;NINA;https://www.ninanews.com/Website/News/Details?key=885092;Naher & Mittlerer Osten;Irak;IRQ;Babil;;32.51790;44.60860;NB;NB;NB;ZERS;FW;;SK;MIL;logistischer Konvoi der internationalen Koalition;;;;;;;;;;;;;;;
;1/31/21;NINA;https://www.ninanews.com/Website/News/Details?key=885143;Naher & Mittlerer Osten;Irak;IRQ;Diyala;Kanaqin, Jalawla, al-Islah;34.28620;45.09610;NB;NB;NB;ZERS;RAM;Mörser;ZIV;PP;;;;;;;;;;;;;;;;
;2/1/21;SATP;https://satp.org/terrorist-activity/pakistan-Feb-2021;Naher & Mittlerer Osten;Pakistan;PAK;Kech;Mand, Sheeraz, Army Checkpoint;26,112053;62,034096;Baloch Republican Army ;SEP;REG;TÖT;FW;Scharfschützengewehre und automatische Waffen;SK;MIL;Militärposten;;;;1;1;;;;;;;;;;
;2/1/21;SATP;https://satp.org/terrorist-activity/afghanistan-Feb-2021;Naher & Mittlerer Osten;Afghanistan;AFG;Kabul;Joi Sheer;34,5156;69,1676;NB;NB;NB;VERL;IED;;SK;POL;;;;;;2;;;;;;;;;;
;2/1/21;SATP;https://satp.org/terrorist-activity/afghanistan-Feb-2021;Naher & Mittlerer Osten;Afghanistan;AFG;Kabul;Salim Karwan;35,555;69,1589;NB;NB;NB;TÖT;IED;;ZIV;PP;;2;2;;;;;;;;;;;;;
;2/1/21;SATP;https://satp.org/terrorist-activity/afghanistan-Feb-2021;Naher & Mittlerer Osten;Afghanistan;AFG;Kabul;Dehmazang;34,5145;69,1567;NB;NB;NB;TÖT;IED;;ZIV;PP;;1;;;;;;;;;;;;;;
;2/1/21;SATP;https://satp.org/terrorist-activity/afghanistan-Feb-2021;Naher & Mittlerer Osten;Afghanistan;AFG;Kabul;Hewadwal, Police District 8;34,493;69,2256;NB;NB;NB;VERL;IED;;ZIV;PP;;;2;;;;;;;;;;;;;
;2/1/21;SATP;https://satp.org/terrorist-activity/afghanistan-Feb-2021;Naher & Mittlerer Osten;Afghanistan;AFG;Kabul;Police District 5;34,5234;69,1124;NB;NB;NB;TÖT;FW;;SK;GD;;;;;1;;;;;;;;;;;
;2/1/21;ACLED;https://www.caboligado.com/reports/cabo-ligado-weekly-1-7-february;Afrika;Mosambik;MOZ;Cabo Delgado;Nangade, Lijungo;-11,27819;39,84036;NB;REMO;REG;ZERS;FW;;ZIV;PP;;;;;;;;;Keine Personenschäden bekannt;;;;;;;
;2/1/21;Hiiraan Online;https://www.hiiraan.com/news4/2021/Feb/181547/mortar_attack_wounds_several_people_in_central_somalia.aspx?utm_source=hiiraan&utm_medium=SomaliNewsUpdateFront;Afrika;Somalia;SOM;Galgaduud;Dhusamareb;5.53560;46.38314;Al-Shabaab;REMO;NAT;TÖT;RAM;Mörser;ZIV;GOV;Regierungstreffen;;3;;;1;;;"""Several people including a police officer were wounded (…).""";;;;;;;
;2/1/21;Hiiraan Online;https://www.hiiraan.com/news/2021/Feb/wararka_maanta1-176527.htm?utm_source=hiiraan&utm_medium=WararkaMaantaFront;Afrika;Somalia;SOM;Lower Shabelle;Golweyn;1.65826;44.58040;NB;NB;NB;TÖT;IED;Mine;ZIV;PP;;12;3;;;;;;;;;;;;;
;2/1/21;NINA;https://www.ninanews.com/Website/News/Details?key=885324;Naher & Mittlerer Osten;Irak;IRQ;Baghdad;Karrada, Street 62;33.30986;44.43899;NB;NB;NB;ZERS;IED;;ZIV;UNT;Spirituosengeschäft und Massage-Salon;;;;;;;;;;;;;;;
;2/1/21;NINA;https://www.ninanews.com/Website/News/Details?key=885186;Naher & Mittlerer Osten;Irak;IRQ;Baghdad;Al-Shaab;33.41020;44.39540;NB;NB;NB;ZERS;HGR;;ZIV;GOV;Gemeindeverwaltung;;;;;;;;Keine Personenschäden angegeben;;;;;;;
;2/2/21;Syrian Network for Human Rights;https://news.snhr.org/2021/02/03/civilian-killed-industrial-warehouses-damaged-by-blast-of-car-bomb-of-unknown-source-in-awlan-village-in-aleppo-suburbs-on-february-2/;Naher & Mittlerer Osten ;Syrien;SYR;Aleppo;Al-Bab city, Awlan;36.38508;37.51493;NB;NB;NB;TÖT;IED;Autobombe;ZIV;UNT;Industrie Lagerhäuser;1;4;;;;;Einige Lagerhäuser teilweise zerstört ;;;;;;;;
;2/2/21;SATP;https://satp.org/terrorist-activity/afghanistan-Feb-2021;Naher & Mittlerer Osten;Afghanistan;AFG;Sar-e-Pul;Gosfandi;36,0688;66,4791;Taliban;REMO;NAT;TÖT;FW;;SK;POL;;;;;6;;;;;;;;;;;
;2/2/21;Hiiraan Online;https://www.hiiraan.com/news4/2021/Feb/181559/one_soldier_killed_after_al_shabaab_ambush_in_middle_shabelle.aspx?utm_source=hiiraan&utm_medium=SomaliNewsUpdateFront;Afrika;Somalia;SOM;Middle Shabelle;Balcad;2.35928;45.38793;Al-Shabaab;REMO;NAT;TÖT;FW;;SK;MIL;Kontrollposten;;;;1;;;;;;;;;;;
;2/2/21;Hiiraan Online;https://www.hiiraan.com/news/2021/Feb/wararka_maanta2-176553.htm?utm_source=hiiraan&utm_medium=WararkaMaantaFront;Afrika;Somalia;SOM;Lower Shabelle;Doonka village;2.60333;45.32598;Al-Shabaab;REMO;NAT;TÖT;FW;Hinterhalt;ZIV;TI;Kohletransport;;;;7;;;;;;;;;;;
;2/2/21;Hiiraan Online , Garowe Online;https://www.hiiraan.com/news/2021/Feb/wararka_maanta3-176557.htm?utm_source=hiiraan&utm_medium=WararkaMaantaFront , https://www.garoweonline.com/en/news/somalia/al-shabaab-fire-mortar-shells-at-burundi-base-in-somalia;Afrika;Somalia;SOM;Middle Shabelle;Jowhar;2.77972;45.50421;Al-Shabaab;REMO;NAT;ZERS;RAM;Mörser;SK;MIL;AU Basis;;;;;;;;Keine Personenschäden angegeben;;;;;;;
;2/2/21;NINA;https://www.ninanews.com/Website/News/Details?key=885378;Naher & Mittlerer Osten;Irak;IRQ;Maysan;Amarah;31.84977;47.14965;NB;NB;NB;ZERS;FW;;SK;MIL;Kontrollposten;;;;;;;;;;;;;;;
;2/2/21;NINA;https://www.ninanews.com/Website/News/Details?key=885409;Naher & Mittlerer Osten;Irak;IRQ;Baghdad;Mansour, al-Yarmuk;33.29624;44.33670;NB;NB;NB;ZERS;IED;;ZIV;UNT;Spirituosengeschäft;;;;;;;;;;;;;;;
;2/2/21;NINA;https://www.ninanews.com/Website/News/Details?key=885420;Naher & Mittlerer Osten;Irak;IRQ;Diyala;Baqubah, Al-Katoon;33.74351;44.59668;NB;NB;NB;TÖT;FW;;ZIV;PP;;1;;;;;;;;;;;;;;
;2/2/21;NINA;https://www.ninanews.com/Website/News/Details?key=885441;Naher & Mittlerer Osten;Irak;IRQ;Kirkuk;Kirkuk ;35.50009;44.39936;NB;NB;NB;VERL;FW;Motorrad;ZIV;PP;Schulwächter;;1;;;;;;;;;;;;;
;2/3/21;U.S. Embassy in Cameroon;https://cm.usembassy.gov/2021-country-reports-on-human-rights-practices-cameroon/;Afrika;Kamerun;CMR;Nord-Ouest;Mezam, Bamenda, Bamenda II Council;5,97855;10,11756;Amba Boys;SEP;REG;ENTF;FW;;ZIV;GOV;Ratsgebäude;;;;;;3;;"3 ""officers"" entführt";;;;;;;
;2/3/21;SATP;https://satp.org/terrorist-activity/afghanistan-Feb-2021;Naher & Mittlerer Osten;Afghanistan;AFG;Uruzgan;Tarin Kot;32,6492;65,902;NB;NB;NB;TÖT;IED;;SK;POL;;;;;4;3;;;;;;;;;;
;2/3/21;SATP;https://www.satp.org/terrorist-activity/india-Feb-2021;Südostasien;Indien;IND;Hailakandi ;Muliwala Lower Primary School ;24.68110;92.56380;NB;NB;NB;ZERS;IED;;ZIV;EDU;;;;;;;;School damaged;;;;;;;;
;2/3/21;Meir Amit Intelligence and Terrorism Information Center;https://www.terrorism-info.org.il/en/spotlight-on-global-jihad-february-4-10-2021/;Naher & Mittlerer Osten ;Syrien;SYR;Deir ez-Zor;Deir ez-Zor city;35.28580;40.05430;NB;NB;NB;TÖT;IED;;SK;MIL;Syrische Soldaten und Milizen;;;;10;4;;;"""(…) and several other soldiers were wounded.""";;;;;;;
;2/3/21;U.S. Dept. of State;https://www.state.gov/reports/country-reports-on-terrorism-2021/lebanon;Naher & Mittlerer Osten;Libanon;LBN;South Governorate;Sidon;33.4447;35.3643;Hisbollah;REMO;TRANS;TÖT;FW;;ZIV;PP;Aktivist;1;;;;;;;"Mord fand in Hizbollah kontrollierten Gebiet statt, sie haben es aber bestritten; lokale Beobachter schreiben den Anschlag der Hisbollah zu";;;;;;;
;2/3/21;Syrian Observatory for Human Rights , Meir Amit Intelligence and Terrorism Information Center;https://www.syriahr.com/en/203477/;Naher & Mittlerer Osten ;Syrien;SYR;Aleppo;Manbij, Hama-Ar-Raqqa road;35.47832;38.16140;ISIS;REMO;TRANS;TÖT;FW;;SK;MLZ;Regime und Regime-freundliche Milizen;;;;19;;;;;;;;;;;
;2/3/21;Al Jazeera , Crisis Group;https://www.aljazeera.com/news/2021/2/3/at-least-nine-soldiers-killed-in-central-mali-ambush-army , https://www.crisisgroup.org/crisiswatch/database?location_region%5B0%5D=1&location%5B0%5D=26&crisis_state=&created=custom&from_month=1&from_year=2021&to_month=12&to_year=2021&page=1;Afrika;Mali;MLI;Mopti;Douentza, Boni;15.07688;-2.22114;JNIM;REMO;TRANS;TÖT;FW;Hinterhalt;SK;MIL;Malische Streitkräfte;;;;9;6;;;;;;;;;;
;2/3/21;NINA;https://www.ninanews.com/Website/News/Details?key=885799;Naher & Mittlerer Osten;Irak;IRQ;Diyala;Miqdadiyah, Abi Sayda;33.90580;44.77820;NB;NB;NB;TÖT;FW;Schüsse aus fahrendem Auto;ZIV;PP;;1;1;;;;;;;;;;;;;
;2/3/21;NINA;https://www.ninanews.com/Website/News/Details?key=885810;Naher & Mittlerer Osten;Irak;IRQ;Baghdad;Tarmia, Dyiala Bridge;33.67119;44.39946;NB;NB;NB;ZERS;IED;;ZIV;UNT;Spirituosengeschäft;;;;;;;;;;;;;;;
;2/4/21;CHRDA;https://hrlrc.org/wp-content/uploads/2021/04/CHRDA_HUMAN_RIGHTS_REPORT_BETWEEN_MARCH-2020-MARCH-2021-ON-SEPARATISTS-ATROCITIES.pdf;Afrika;Kamerun;CMR;Sud-Ouest;Fako, Muyuka;4,28834;9,41174;Amba Boys;SEP;REG;VERL;FW;;ZIV;NGO;Ärzte ohne Grenzen Krankenwagen;;1;;;;;;;;;;;;;
;2/4/21;CHRDA;https://hrlrc.org/wp-content/uploads/2021/04/CHRDA_HUMAN_RIGHTS_REPORT_BETWEEN_MARCH-2020-MARCH-2021-ON-SEPARATISTS-ATROCITIES.pdf;Afrika;Kamerun;CMR;Sud-Ouest;Meme, Mbalangi, Kumba-Buea highway;4,49652;9,45986;Amba Boys;SEP;REG;VERL;FW;;SK;MIL;;;2;;;;;;;;;;;;;
;2/4/21;Actualite;https://actualite.cd/index.php/2021/02/04/beni-adf-2-civils-tues-par-balles-pres-de-mutwanga , https://actualite.cd/2021/02/13/rdc-beni-3-morts-dont-deux-combattants-adf-dans-une-attaque-pres-de-halungupa;Afrika;DR Kongo;COD;Nord-Kivu;Beni, Ruwenzori, Mulwa;0,20090;29,70510;ISCAP;REMO;TRANS;TÖT;FW;;ZIV;PP;;4;;;;;;2 Motorräder in Brand gesetzt;;;;;;;;
;2/4/21;SATP;https://satp.org/terrorist-activity/afghanistan-Feb-2021;Naher & Mittlerer Osten;Afghanistan;AFG;Faryab;Khwaja Sabz Posh;35,9218;64,6455;NB;NB;NB;TÖT;FW;;SK;MIL;Kommandant von Batallion;;;;5;;;;;;;;;;;
;2/4/21;SATP;https://satp.org/terrorist-activity/afghanistan-Feb-2021;Naher & Mittlerer Osten;Afghanistan;AFG;Khan Abad;Tap-e-Akhtar;36,6799;69,1143;Taliban;REMO;NAT;TÖT;FW;;SK;POL;;;;;16;;;;;;;;;;;
;2/4/21;NINA;https://www.ninanews.com/Website/News/Details?key=885853;Naher & Mittlerer Osten;Irak;IRQ;Diyala;Jalawla, Zour al-Qasalah;34.30710;45.11740;ISIS;REMO;TRANS;TÖT;FW;;SK;MIL;Militärposten;;;;1;2;;;;;;;;;;
;2/5/21;SATP;https://satp.org/terrorist-activity/pakistan-Feb-2021;Naher & Mittlerer Osten;Pakistan;PAK;Sibi;Luni Chowk;29,633148;67,921064;Baloch Republican Army ;SEP;REG;VERL;HGR;Granate von einem Motorrad aus geworfen;ZIV;ÖP;Kashmir Solidaritätstag Rally;;24;;;;;;;;;;;;;
;2/5/21;Journal de Montreal , Actualite;https://www.journaldemontreal.com/2021/02/07/rdc-au-moins-12-civils-tues-dans-une-nouvelle-attaque-des-combattants-adf-a-beni , https://actualite.cd/2021/02/06/rdc-beni-une-nouvelle-attaque-adf-fait-au-moins-15-morts-pres-de-halungupa-ruwenzori , https://actualite.cd/2021/02/13/rdc-beni-3-morts-dont-deux-combattants-adf-dans-une-attaque-pres-de-halungupa;Afrika;DR Kongo;COD;Nord-Kivu;Beni, Mabule;0,40291;29,61426;ISCAP;REMO;TRANS;TÖT;FW;;ZIV;PP;Bauern;16;;;;;;;;;;;;;;
;2/5/21;Actualite;https://actualite.cd/2021/02/06/rdc-beni-une-nouvelle-attaque-adf-fait-au-moins-15-morts-pres-de-halungupa-ruwenzori , https://actualite.cd/2021/02/08/rdc-beni-de-nouveau-sous-le-choc-cinq-morts-dans-une-attaque-des-combattants-adf;Afrika;DR Kongo;COD;Nord-Kivu;Beni, Halungupa, Ngadu;0,42310;29,65440;ISCAP;REMO;TRANS;TÖT;FW;;ZIV;PP;;1;;;;;;;;;;;;;;
;2/5/21;SATP;https://satp.org/terrorist-activity/pakistan-Feb-2021;Naher & Mittlerer Osten;Pakistan;PAK;Quetta;Inscomb Road, Deputy Commissioner Office;30,19776;67,010437;NB;NB;NB;TÖT;IED;;ZIV;ÖP;Kashmir Solidaritätstag Rally;2;4;;;;;;;;;;;;;
;2/5/21;Crisis Group;https://www.crisisgroup.org/crisiswatch/database?location%5B0%5D=27&crisis_state=&created=custom&from_month=1&from_year=2021&to_month=12&to_year=2021&page=1;Afrika;Niger;NER;Maradi;Guidan-Roumdji, Guilbadi;13.66479;6.69527;NB;NB;NB;TÖT;FW;;ZIV;PP;Dorf;1;4;;;;;;;;;;;;;
;2/5/21;Eons Intelligence , Meir Amit Intelligence and Terrorism Information Center;https://eonsintelligence.com/details/news-108923456/boko-haram-iswap-ambush-nigerian-troops-protecting-ongoing-road-construction-works-in-borno-kill-3-soldiers-1249637810 , https://www.terrorism-info.org.il/en/spotlight-on-global-jihad-february-4-10-2021/;Afrika;Nigeria;NGA;Borno;Goniri-Kafa road;11.47330;13.6309;ISWAP;REMO;TRANS;TÖT;FW;;ZIV;TI;Straßenbau;;;;3;;;2 Arbeitsfahrzeuge in Brand gesetzt;;;;;;;;
;2/5/21;NINA;https://www.ninanews.com/Website/News/Details?key=886139;Naher & Mittlerer Osten;Irak;IRQ;Kirkuk;Daquq;35.02320;44.19800;ISIS;REMO;TRANS;TÖT;FW;;SK;POL;;;;;1;2;;;;;;;;;;
;2/6/21;SATP , Afghan Online Press;https://satp.org/terrorist-activity/afghanistan-Feb-2021 , http://www.aopnews.com/taliban/blasts-in-kabul-kill-at-least-three-people/;Naher & Mittlerer Osten;Afghanistan;AFG;Kabul;Kabul city, Bagh-e-Qazi;34,5042;69,1797;NB;NB;NB;TÖT;IED;;ZIV;PP;;2;5;;;;;;;;;;;;;
;2/6/21;SATP , Afghan Online Press;https://satp.org/terrorist-activity/afghanistan-Feb-2021 , http://www.aopnews.com/taliban/blasts-in-kabul-kill-at-least-three-people/;Naher & Mittlerer Osten;Afghanistan;AFG;Kabul;Kabul city, Hese Awal;34,5743;69,1236;NB;NB;NB;TÖT;IED;;SK;POL;;;;;1;;;;;;;;;;;
;2/6/21;SATP;https://www.satp.org/terrorist-activity/india-Feb-2021;Südostasien;Indien;IND;Jammu and Kashmir ;Srinagar, Nowgam, Chhanapora;34.02771;74.81483;NB;NB;NB;VERL;FW;;SK;MLZ;CRPF;;;;;1;;;;;;;;;;
;2/6/21;Hiiraan Online;https://www.hiiraan.com/news4/2021/Feb/181592/roadside_bomb_kills_at_least_1_in_somalia_official.aspx?utm_source=hiiraan&utm_medium=SomaliNewsUpdateFront;Afrika;Somalia;SOM;Mogadishu;Afrik hotel;2.03004;45.30955;NB;NB;NB;TÖT;IED;Bombe am Straßenrand;ZIV;PP;Kugelsicheres Fahrzeug;1;3;;;;;;;;;;;;;
;2/6/21;Meir Amit Intelligence and Terrorism Information Center;https://www.terrorism-info.org.il/en/spotlight-on-global-jihad-february-4-10-2021/;Naher & Mittlerer Osten ;Syrien;SYR;Deir ez-Zor;Thayyem oil field;35.20059;40.08374;ISIS;REMO;TRANS;TÖT;FW;;SK;MIL;Syrische Soldaten;;;;3;16;;;Angriff in der Nähe von Ölfeld;;;;;;;
;2/6/21;NINA;https://www.ninanews.com/Website/News/Details?key=886198;Naher & Mittlerer Osten;Irak;IRQ;Nineveh;Makhmur, Kharaba Jabr;35.71467;43.34544;NB;NB;NB;ZERS;BRA;;ZIV;KI;Biometrisches Modernisierungszentrum;;;;;;;Gebäude abgbrannt;;;;;;;;
;2/7/21;Crisis Group;https://www.crisisgroup.org/crisiswatch/database?location%5B0%5D=83&crisis_state=&created=custom&from_month=1&from_year=2021&to_month=12&to_year=2021&page=1;Naher & Mittlerer Osten ;Syrien;SYR;Idlib;Maarat an-Numan, Kafr Nabl;35.61515;36.56464;Ansar al-Tawhid;REMO;REG;TÖT;FW;;SK;MIL;Russische Hauptquartiere mit russischem und syrischen Soldaten ;;;;11;;;;;;;;;;;
;2/7/21;SATP;https://www.satp.org/terrorist-activity/india-Feb-2021;Südostasien;Indien;IND;Chhattisgarh;Bijapur, Peddagellur;18.77389;80.82057;CPI-M;SOZ;NAT;TÖT;IED;;SK;POL;;;;;1;;;;;;;;;;;
;2/7/21;Actualite;https://actualite.cd/2021/02/08/rdc-beni-de-nouveau-sous-le-choc-cinq-morts-dans-une-attaque-des-combattants-adf;Afrika;DR Kongo;COD;Nord-Kivu;Beni, Halungupa;0,42730;29,62370;ISCAP;REMO;TRANS;TÖT;FW;;ZIV;PP;;5;;4;;;;10 Geschäfte in Brand gesetzt;"""(…) several people are missing.""";;;;;;;
;2/7/21;SATP;https://satp.org/terrorist-activity/afghanistan-Feb-2021;Naher & Mittlerer Osten;Afghanistan;AFG;Uruzgan;;32,8453;66,187;NB;NB;NB;TÖT;IED;;SK;MLZ;PUF;;;;1;;;;;;;;;;;
;2/7/21;SATP;https://satp.org/terrorist-activity/afghanistan-Feb-2021;Naher & Mittlerer Osten;Afghanistan;AFG;Nangarhar;Khogyani;34,1893;70,1913;NB;NB;NB;TÖT;IED;;SK;POL;;;;;1;2;;;;;;;;;;
;2/7/21;SATP;https://satp.org/terrorist-activity/afghanistan-Feb-2021;Naher & Mittlerer Osten;Afghanistan;AFG;Nangarhar;Jalalabad;34,4283;70,4578;NB;NB;NB;TÖT;IED;;SK;POL;;;3;;;2;;;;;;;;;;
;2/7/21;SATP;https://www.satp.org/terrorist-activity/india-Feb-2021;Südostasien;Indien;IND;Nongpok Keithelmanbi ;Leikhong;25.09958;93.94576;NB;NB;NB;ENTF;FW;;ZIV;TI;;;;3;;;;;;;;;;;;
;2/7/21;ACLED;https://www.caboligado.com/reports/cabo-ligado-weekly-8-14-february;Afrika;Mosambik;MOZ;Cabo Delgado;Macomia, Chai See;-11,93350;40,08650;NB;REMO;REG;VERL;SON;;ZIV;PP;;;2;;;;;;Zunächst entführt, dann verletzt und freigelassen;;;;;;;
;2/7/21;SATP;https://satp.org/terrorist-activity/afghanistan-Feb-2021;Naher & Mittlerer Osten;Afghanistan;AFG;Badghis;Qala-e-Naw;34,9692;63,1297;Taliban;REMO;NAT;TÖT;FW;;SK;GD;;;;;1;;;;;;;;;;;
;2/7/21;SATP;https://satp.org/terrorist-activity/afghanistan-Feb-2021;Naher & Mittlerer Osten;Afghanistan;AFG;Badghis;Aab Kamari;35,0236;62,9178;Taliban;REMO;NAT;TÖT;FW;;SK;POL;;;;;5;;;;;;;;;;;
;2/7/21;DW , Hiiraan Online;https://www.dw.com/de/bombenexplosion-trifft-sicherheitskr%C3%A4fte-in-somalia/a-56490062 , https://www.hiiraan.com/news4/2021/Feb/181601/roadside_bomb_kills_12_somali_soldiers.aspx?utm_source=hiiraan&utm_medium=SomaliNewsUpdateFront;Afrika;Somalia;SOM;Galgaduud;Ceel Dheere;5.36810;46.19056;Al-Shabaab;REMO;NAT;TÖT;IED;;SK;GD;"Konvoi von Bundesstatlichem GD; Ranghoher Kommandeur gestorben";;;;13;;;;;;;;;;;
;2/7/21;Radio Okapi;https://www.radiookapi.net/2021/02/08/actualite/securite/nord-kivu-un-collaborateur-du-gouverneur-tue-luke-par-des-presumes-mai;Afrika;DR Kongo;COD;Nord-Kivu;Masisi, Osso-Banyungu;-1,40344;28,88143;Mai-Mai;SEP;REG;TÖT;FW;;ZIV;GOV;Offizieller des Gouverneurs;1;2;1;;;;;;;;;;;;
;2/7/21;NINA;https://www.ninanews.com/Website/News/Details?key=886491;Naher & Mittlerer Osten;Irak;IRQ;Saladin;Samarra;34.19620;43.83790;NB;NB;NB;ZERS;IED;;SK;MIL;logistischer Konvoi der Internationalen Koalition;;;;;;;;;;;;;;;
;2/8/21;Crisis Group;https://www.crisisgroup.org/crisiswatch/database?location%5B0%5D=11&crisis_state=&created=custom&from_month=1&from_year=2021&to_month=12&to_year=2021&page=1;Afrika;Kenia;KEN;Mandera;Mandera North, Jabi;3,72012;41,10324;Al-Shabaab;REMO;TRANS;TÖT;FW;;ZIV;PP;Dorf;1;;;1;;;;;;;;;;;
;2/8/21;Radio Okapi , Actualite;https://www.radiookapi.net/2021/02/09/actualite/securite/beni-10-morts-dans-une-nouvelle-attaque-attribuee-aux-adf-kithovirwa , https://actualite.cd/2021/02/09/rdc-nouvelle-tragedie-beni-au-moins-12-civils-tues-dans-une-attaque-adf-pres-de-mwenda , https://actualite.cd/2021/02/09/beni-10-corps-inhumes-mwenda , https://actualite.cd/2021/02/10/rdc-beni-les-attaques-adf-ont-fait-37-morts-en-moins-dune-semaine-la-societe-civile-du;Afrika;DR Kongo;COD;Nord-Kivu;Beni, Kithovirwa;0,42662;29,72422;ISCAP;REMO;TRANS;TÖT;SON;Messerangriff;ZIV;PP;Dorf;11;3;2;;;;;;;;;;;;
;2/8/21;SATP;https://satp.org/terrorist-activity/afghanistan-Feb-2021;Naher & Mittlerer Osten;Afghanistan;AFG;Kabul;Omid-e-Sabz township (PD6);34,4724;69,0776;NB;NB;NB;TÖT;IED;;ZIV;GOV;;;2;;;;;;;;;;;;;
;2/8/21;SATP;https://satp.org/terrorist-activity/pakistan-Feb-2021;Naher & Mittlerer Osten;Pakistan;PAK;Kech;Turbat, Satellite;25,997613;63,014067;NB;NB;NB;TÖT;FW;;SK;POL;Bruder von zwei hochrangigen Polizisten;1;;;;;;;;;;;;;;
;2/8/21;Crisis Group;https://www.crisisgroup.org/crisiswatch/database?location%5B0%5D=27&crisis_state=&created=custom&from_month=1&from_year=2021&to_month=12&to_year=2021&page=1;Afrika;Niger;NER;Maradi;Guidan-Roumdji, Dan Mani;13.66479;6.69527;NB;NB;NB;TÖT;FW;;ZIV;PP;Dorf;1;;;;;;;;;;;;;;
;2/8/21;Crisis Group;https://www.crisisgroup.org/crisiswatch/database?location%5B0%5D=27&crisis_state=&created=custom&from_month=1&from_year=2021&to_month=12&to_year=2021&page=1;Afrika;Niger;NER;Maradi;Guidan-Roumdji, Gaja;13.59117;6.50689;NB;NB;NB;TÖT;FW;;ZIV;PP;Dorf;3;;;;;;;;;;;;;;
;2/8/21;Alarabiya News , Syrian Observatory for Human Rights;https://english.alarabiya.net/News/middle-east/2021/02/08/Terrorism-ISIS-ambush-kills-26-pro-regime-fighters-in-east-Syria-a-war-monitor-says , https://www.syriahr.com/en/204784/;Naher & Mittlerer Osten ;Syrien;SYR;Deir ez-Zor;Al-Mayadeen desert;34.89666;40.07522;ISIS;REMO;TRANS;TÖT;FW;Hinterhalt;SK;MLZ;Regime und Regime-freundliches Sicherheitspersonal;;;;26;;;;;;;;;;;
;2/9/21;ACLED;https://acleddata.com/curated-data-files/#regional (Africa Dataset - KEN7642);Afrika;Kenia;KEN;Mandera;Banissa, Turbi;3,86170;40,50170;NB;NB;NB;ZERS;FW;;SK;Pol;Polizeistation;;;;;;;;Keine Schäden bekannt;;;;;;;
;2/9/21;SATP;https://satp.org/terrorist-activity/afghanistan-Feb-2021;Naher & Mittlerer Osten;Afghanistan;AFG;Herat;Herat-Islam Qala highway;34,4451;61,5933;NB;NB;NB;TÖT;IED;;SK;MLZ;PUF;;;;4;;;;;;;;;;;
;2/9/21;SATP;https://satp.org/terrorist-activity/afghanistan-Feb-2021;Naher & Mittlerer Osten;Afghanistan;AFG;Kabul;Bagh-e-Daud, PD5;34,5234;69,1124;NB;NB;NB;TÖT;FW;;ZIV;GOV;Mitarbeiter d. Ministeriums f. ländliche Entwicklung;5;;;;;;;;;;;;;;
;2/9/21;Greenpeace Magazin;https://www.greenpeace-magazin.de/ticker/unbekannte-toeten-fuenf-regierungsmitarbeiter-kabul;Naher & Mittlerer Osten;Afghanistan;AFG;Kabul;;34.52695;69.18506;NB;NB;NB;TÖT;IED;Bombe am Straßenrand;ZIV;GOV;Fahrer Außenministerium;1;;;;;;;;;;;;;;
;2/9/21;SATP;https://satp.org/terrorist-activity/pakistan-Feb-2021;Naher & Mittlerer Osten;Pakistan;PAK;Kalat;Mangochar tehsil, Killi Khurasani;29,645603;66,387621;NB;NB;NB;TÖT;FW;Am frühen Morgen während die Opfer schliefen wurde das Feuer eröffnet;ZIV;KI;Arbeiter Brunnenbau;3;1;;;;;;;;;;;;;
;2/9/21;SATP;https://satp.org/terrorist-activity/afghanistan-Feb-2021;Naher & Mittlerer Osten;Afghanistan;AFG;Kash Rod;Muar;31,7603;62,9843;Taliban;REMO;NAT;TÖT;FW;;SK;POL;;;;;9;;;;;;;;;;;
;2/10/21;Actualite;https://actualite.cd/2021/02/11/beni-2-morts-dans-une-nouvelle-attaque-pres-de-mutwanga;Afrika;DR Kongo;COD;Nord-Kivu;Beni, Ruwenzori, Kakalali;0,36720;29,73350;ISCAP;REMO;TRANS;TÖT;SON;;ZIV;PP;;1;;3;;;;;2 Entführte freigekommen;;;;;;;
;2/10/21;SATP;https://satp.org/terrorist-activity/afghanistan-Feb-2021;Naher & Mittlerer Osten;Afghanistan;AFG;Logar;Barak-i-Barak;33,874;69,0219;NB;NB;NB;VERL;IED;;ZIV;ÖP;;;11;;;4;;;;;;;;;;
;2/10/21;SATP , Reuters;https://satp.org/terrorist-activity/afghanistan-Feb-2021 , https://www.reuters.com/article/us-afghanistan-attacks-united-nations-idUSKBN2AB25P;Naher & Mittlerer Osten;Afghanistan;AFG;Kabul;Surobi, Jalalabad-Kabul highway;34,5914;69,7594;NB;NB;NB;TÖT;FW;;SK;POL;;;;;5;;;;;;;;;;;
;2/10/21;SATP;https://satp.org/terrorist-activity/afghanistan-Feb-2021;Naher & Mittlerer Osten;Afghanistan;AFG;Nangarhar;Kama;34,4135;70,7382;NB;NB;NB;TÖT;IED;;ZIV;PP;;1;;;;;;;;;;;;;;
;2/10/21;SATP;https://satp.org/terrorist-activity/afghanistan-Feb-2021;Naher & Mittlerer Osten;Afghanistan;AFG;Nangarhar;Behsud;34,4545;70,4788;NB;NB;NB;TÖT;IED;;ZIV;PP;;1;;;;;;;;;;;;;;
;2/10/21;SATP;https://satp.org/terrorist-activity/afghanistan-Feb-2021;Naher & Mittlerer Osten;Afghanistan;AFG;Kabul;Kart-e-Parwan;34,5299;69,1437;NB;NB;NB;TÖT;IED;;SK;POL;;;;;3;;;;;;;;;;;
;2/10/21;U.S. Dept. of State;https://www.state.gov/reports/country-reports-on-terrorism-2021/saudi-arabia#:~:text=Significant%20cross%2Dborder%20incidents%20in,caused%20damage%20to%20several%20buildings.;Naher & Mittlerer Osten ;Saudi-Arabien;SAU;Asir;Abha, Abha International Airport;18.24393;42.67698;Houthi;REMO;TRANS;VERL;RAM;Schrapnell verursacht Brand;ZIV;TI;Passagierflugzeug;;12;;;;;;;;;;;;;
;2/10/21;UN News , MINUSMA , Crisis Group;https://news.un.org/en/story/2021/02/1084342 , https://minusma.unmissions.org/en/un-security-council-press-statement-%C2%A0attack-against-united-nations-multidimensional-integrated , https://www.crisisgroup.org/crisiswatch/database?location_region%5B0%5D=1&location%5B0%5D=26&crisis_state=&created=custom&from_month=1&from_year=2021&to_month=12&to_year=2021&page=1;Afrika;Mali;MLI;Mopti;Douentza, Kerena;15.03148;-2.68655;JNIM;REMO;TRANS;VERL;FW;;SK;MIL;UN-Blauhelm Stützpunkt;;;;1;27;;;;;;;;;;
;2/10/21;NINA;https://www.ninanews.com/Website/News/Details?key=886935;Naher & Mittlerer Osten;Irak;IRQ;Diyala;Jalawla, Al-Islah;34.30710;45.11740;ISIS;REMO;TRANS;TÖT;FW;Scharfschütze;SK;MIL;Militärposten;;;;1;;;;;;;;;;;
;2/10/21;NINA;https://www.ninanews.com/Website/News/Details?key=887075;Naher & Mittlerer Osten;Irak;IRQ;Baghdad;Yusufiyah, highway;33.06849;44.24909;NB;NB;NB;ZERS;IED;;SK;MIL;logistischer Konvoi der Internationalen Koalition;;;;;;;;;;;;;;;
;2/11/21;Spiegel;https://www.spiegel.de/ausland/afghanistan-uno-konvoi-beschossen-fuenf-sicherheitskraefte-tot-a-f0c1494c-ff2d-401c-9832-23428d46d934;Naher & Mittlerer Osten;Afghanistan;AFG;Laghman;Kabul-Jalalabad road;34.49899;69.86489;NB;NB;NB;TÖT;FW;Fahrzeug durch Beschuss von Fahrbahn abgebracht;SK;MIL;UN Konvoi mit afghanischem Geleitschutz;;;;5;;;;Keine Verluste von Seiten der UN;;;;;;;
;2/11/21;SATP;https://satp.org/terrorist-activity/pakistan-Feb-2021;Naher & Mittlerer Osten;Pakistan;PAK;Khyber-Pakhtunkhwa;Malakand, Bajaur, Mamund, Mokha/Ghandai/Gali;34,831846;71,406188;NB;NB;NB;TÖT;RAM;Raketen aus Afghanistan;ZIV;PP;;1;7;;;;;;Sämtliche Opfer waren Kinder;;;;;;;
;2/11/21;SATP;https://satp.org/terrorist-activity/pakistan-Feb-2021;Naher & Mittlerer Osten;Pakistan;PAK;Peshawar;Inquilab Police Station;34,015137;71,524915;NB;NB;NB;TÖT;FW;;ZIV;REL;Doktor Abdul Qadir, Angehöriger der Ahmadiyya;1;;;;;;;;;;;;;;
;2/11/21;SATP;https://satp.org/terrorist-activity/pakistan-Feb-2021;Naher & Mittlerer Osten;Pakistan;PAK;South Waziristan;Makeen;32,626574;69,841872;NB;NB;NB;TÖT;FW;;SK;MIL;Sicherheitskräfte;;;;4;;;;Vier Terroristen wurden ebenfalls getötet;;;;;;;
;2/11/21;NINA;https://www.ninanews.com/Website/News/Details?key=887331;Naher & Mittlerer Osten;Irak;IRQ;Kirkuk;Daquq, Arab Koy;35.00690;44.45690;ISIS;REMO;TRANS;TÖT;FW;;SK;POL;;;;;3;2;;;;;;;;;;
;2/12/21;Actualite;https://actualite.cd/2021/02/13/rdc-beni-3-morts-dont-deux-combattants-adf-dans-une-attaque-pres-de-halungupa;Afrika;DR Kongo;COD;Nord-Kivu;Beni, Halungupa, Bwerere;0,41580;29,64250;ISCAP;REMO;TRANS;TÖT;FW;;ZIV;PP;;1;;;;1;;;;;;;;;;
;2/12/21;SATP;https://satp.org/terrorist-activity/afghanistan-Feb-2021;Naher & Mittlerer Osten;Afghanistan;AFG;Kunar;Chapa Dara;34,9454;70,7979;NB;NB;NB;TÖT;IED;;SK;POL;;;;;5;;;;;;;;;;;
;2/12/21;SATP;https://satp.org/terrorist-activity/afghanistan-Feb-2021;Naher & Mittlerer Osten;Afghanistan;AFG;Kunduz;Qotar Blaq, Imam Sahib district;37,1187;68,9517;Taliban;REMO;NAT;TÖT;IED;;ZIV;PP;;2;;;;;;;;;;;;;;
;2/12/21;Hiiraan Online;https://www.hiiraan.com/news4/2021/Feb/181647/blast_hits_local_gov_t_office_in_somali_capital.aspx?utm_source=hiiraan&utm_medium=SomaliNewsUpdateFront;Afrika;Somalia;SOM;Mogadishu;Hodan, Bakaara market;2.03895;45.30607;NB;NB;NB;ZERS;HGR;;ZIV;GOV;Regierungsbüro;;;;;;;;Keine Verletzten angegeben;;;;;;;
;2/12/21;NINA;https://www.ninanews.com/Website/News/Details?key=887406;Naher & Mittlerer Osten;Irak;IRQ;Diyala;Al-Khalis, Al-Thawafa;33.81709;44.52396;NB;NB;NB;ZERS;FW;;SK;POL;Sicherheitspersonal;;;;;;;Schaden am Auto;;;;;;;;
;2/13/21;Actualite;https://actualite.cd/2021/02/14/beni-3-morts-dans-une-nouvelle-attaque-kilya;Afrika;DR Kongo;COD;Nord-Kivu;Beni, Kilya;0,38874;29,59379;ISCAP;REMO;TRANS;TÖT;SON;In eigenen Häusern brutal exekutiert;ZIV;PP;;3;;5;;;;;5 Menschen befreit;;;;;;;
;2/13/21;SATP;https://satp.org/terrorist-activity/afghanistan-Feb-2021;Naher & Mittlerer Osten;Afghanistan;AFG;Nangarhar;Jalalabad;34,4283;70,4578;NB;NB;NB;VERL;IED;;ZIV;PP;;;3;;;;;;;;;;;;;
;2/13/21;SATP;https://satp.org/terrorist-activity/afghanistan-Feb-2021;Naher & Mittlerer Osten;Afghanistan;AFG;Kabul;4th Macroryan, Police District 9;34,5431;69,2026;NB;NB;NB;TÖT;FW;;ZIV;GOV;Fahrer des Verteidigungsministers;2;;;;;;;;;;;;;;
;2/13/21;Bangkok Post;https://www.bangkokpost.com/thailand/general/2067695/blast-guns-wreak-more-south-havoc;Südostasien;Thailand;THA;Narathiwat;Ra-ngae, Ban Pla Sai;6.15249;101.72786;NB;SEP;REG;VERL;IED;;SK;MLZ;Rangers;;;;;2;;;;;;;;;;
;2/13/21;Bangkok Post;https://www.bangkokpost.com/thailand/general/2067695/blast-guns-wreak-more-south-havoc;Südostasien;Thailand;THA;Pattani;;6.74124;101.36206;NB;SEP;REG;ZERS;FW;;SK;MLZ;;;;;;;;;Keine Verletzten;;;;;;;
;2/13/21;Bangkok Post;https://www.bangkokpost.com/thailand/general/2067695/blast-guns-wreak-more-south-havoc;Südostasien;Thailand;THA;Yala;Raman;6.49661;101.43494;NB;SEP;REG;ZERS;FW;;SK;POL;Wohnung der Polizei;;;;;;;;Keine Verletzten;;;;;;;
;2/13/21;SATP;https://satp.org/terrorist-activity/pakistan-Feb-2021;Naher & Mittlerer Osten;Pakistan;PAK;North Waziristan;Mir Ali Tehsil Road, Hauptbasar;32,97002;70,277585;NB;NB;NB;TÖT;FW;Drive-by aus einem Auto;ZIV;PP;;2;1;;;;;;;;;;;;;
;2/13/21;Syrian Network for Human Rights;https://news.snhr.org/2021/02/13/one-person-killed-and-market-damaged-in-al-raee-town-in-aleppo-suburbs-by-a-blast-of-a-car-bomb-of-unknown-source-on-february-13/;Naher & Mittlerer Osten ;Syrien;SYR;Aleppo;Al-Rai city;36.61174;37.44768;NB;NB;NB;TÖT;IED;;ZIV;ÖP;Markt;1;12;;;;;Einige Läden und Marktstände zerstört;;;;;;;;
;2/13/21;SATP , der Standard;https://satp.org/terrorist-activity/afghanistan-Feb-2021 , https://www.derstandard.de/story/2000124151404/fuenf-getoetete-und-zwoelf-verletzte-polizisten-in-afghanistan;Naher & Mittlerer Osten;Afghanistan;AFG;Kandahar;Kohk, Arghandab district;31,6638;65,6721;Taliban;REMO;NAT;TÖT;IED;Selbstmordanschlag;SK;POL;;;;;;12;;;;;;;;;;
;2/13/21;DW , Voice of America;https://www.dw.com/en/somalia-suicide-bomber-strikes-near-presidential-palace/a-56559562 , https://www.voanews.com/a/africa_least-one-dead-several-wounded-suicide-bomb-attack-mogadishu/6201994.html;Afrika;Somalia;SOM;Mogadishu;Wardhigley, Villa Somalia;2.04100;45.33681;Al-Shabaab;REMO;NAT;TÖT;IED;Autobombe;ZIV;GOV;;1;7;;;;;Mind. 12 Fahrzeuge beschädigt;Täter wurde verfolgt nachdem er einen Kontrollpunkt durchbrochen hat und sprengte sich noch vor Erreichen des Palastes;;;;;;;
;2/13/21;Radio Okapi;https://www.radiookapi.net/2021/02/15/actualite/securite/ituri-une-femme-tuee-par-les-miliciens-de-fpic;Afrika;DR Kongo;COD;Ituri;Irumu, Kabarole;1,17715;30,01091;FPIC;SEP;REG;TÖT;SON;;ZIV;PP;;1;;;;;;60 Kühe gestohlen, 11 getötet;;;;;;;;
;2/14/21;CHRDA;https://hrlrc.org/wp-content/uploads/2021/04/CHRDA_HUMAN_RIGHTS_REPORT_BETWEEN_MARCH-2020-MARCH-2021-ON-SEPARATISTS-ATROCITIES.pdf;Afrika;Kamerun;CMR;Sud-Ouest;Ndian, Ekondo Titi, Bafumar;4,60183;9,03664;Amba Boys;SEP;REG;TÖT;FW;;SK;MIL;;;;;3;1;;;;;;;;;;
;2/14/21;UNOCHA;https://reliefweb.int/report/cameroon/cameroon-north-west-and-south-west-situation-report-no-28-28-february-2021;Afrika;Kamerun;CMR;Nord-Ouest;Boyo, Kom;6,34583;10,37532;Amba Boys;SEP;REG;ENTF;FW;;ZIV;GOV;Dorfvorsteher;;;1;;;;;Nach zwei Stunden freigelassen;;;;;;;
;2/14/21;Al Jazeera , Actualite;https://www.aljazeera.com/news/2021/2/14/at-least-11-killed-in-rebel-attack-on-dr-congos-lubumbashi , https://actualite.cd/2021/02/14/rdc-11-morts-dont-4-soldats-et-6-miliciens-dans-les-affrontements-lubumbashi , https://actualite.cd/2021/04/15/nouvelle-incursion-des-presumes-bakata-katanga-lubumbashi-un-policier-tue;Afrika;DR Kongo;COD;Haut-Katanga;Lubumbashi, Kibati/Kimbeimbe;-11,67970;27,47884;Bakata-Katanga;SEP;REG;TÖT;FW;;SK;MIL;Militärcamps;1;;;10;;;;;;;;;;;
;2/14/21;Reuters , Radio Okapi , Actualite;https://www.reuters.com/article/uk-congo-security-idUSKBN2AF0R9/ , https://www.radiookapi.net/2021/02/15/actualite/securite/ituri-des-presumes-adf-attaquent-le-village-de-ndalya-14-civils-tues , https://actualite.cd/2021/03/03/rdc-des-combattants-adf-investissent-un-marche-et-tuent-une-dizaine-de-civils-dans-un , https://actualite.cd/2021/02/18/ituri-une-accalmie-precaire-regne-au-village-ndaliya-apres-les-tueries-de-pres-de-20;Afrika;DR Kongo;COD;Ituri;Irumu, Ndalya;1,05995;30,05250;ISCAP;REMO;TRANS;TÖT;FW;;ZIV;REL;Dorf, Kirche;11;4;;7;;;Kirche in Brand gesteckt;;;;;;;;
;2/14/21;SATP;https://satp.org/terrorist-activity/afghanistan-Feb-2021;Naher & Mittlerer Osten;Afghanistan;AFG;Uruzgan;Tarinkot;32,6539;65,9033;NB;NB;NB;TÖT;IED;;SK;POL;;;;;1;1;;;;;;;;;;
;2/14/21;SATP;https://satp.org/terrorist-activity/pakistan-Feb-2021;Naher & Mittlerer Osten;Pakistan;PAK;Kech;Hoshab, N-85 Highway;26,0497;63,9185;NB;NB;NB;TÖT;FW;;SK;MLZ;Kontrollposten Frontier Corps;;;;1;;;;;;;;;;;
;2/14/21;SATP;https://satp.org/terrorist-activity/afghanistan-Feb-2021;Naher & Mittlerer Osten;Afghanistan;AFG;Zabul;Qalat;32,1068;66,9057;Taliban;REMO;NAT;TÖT;FW;Polizist hat Kameraden verraten;SK;POL;;;;;13;;;;;;;;;;;
;2/14/21;SATP;https://satp.org/terrorist-activity/afghanistan-Feb-2021;Naher & Mittlerer Osten;Afghanistan;AFG;Sahr-e-Safa;Qalat;32,1068;66,9057;Taliban;REMO;NAT;TÖT;FW;;SK;POL;;;;;4;2;;;;;;;;;;
;2/14/21;SATP;https://satp.org/terrorist-activity/afghanistan-Feb-2021;Naher & Mittlerer Osten;Afghanistan;AFG;Herat;Pashdan Dam, Karokh district;34,2886;62,4648;Taliban;REMO;NAT;ENTF;FW;;ZIV;UNT;;;;11;;;;;4 entlassen, 7 weiterhin entführt;;;;;;;
;2/14/21;Hiiraan Online;https://www.hiiraan.com/news4/2021/Feb/181656/suicide_car_bombing_kills_2_in_somali_capital.aspx?utm_source=hiiraan&utm_medium=SomaliNewsUpdateFront;Afrika;Somalia;SOM;Mogadishu;Dabka, Makka al-Mukarama road;2.03488;45.32359;Al-Shabaab;REMO;NAT;TÖT;IED;Selbstmordanschlag;ZIV;GOV;Checkpoint für das Parlament;2;9;;;2;;;Verteilung der Verletzten auf Zivilisten und Sicherheitskräfte unklar;;;;;;;
;2/14/21;Hiiraan Online;https://www.hiiraan.com/news4/2021/Feb/181663/mogadishu_police_link_murder_of_two_pregnant_women_to_al_shabaab.aspx?utm_source=hiiraan&utm_medium=SomaliNewsUpdateFront;Afrika;Somalia;SOM;Mogadishu;Dayniile;2.05761;45.28547;Al-Shabaab;REMO;NAT;TÖT;FW;;ZIV;GOV;Reinigungskräfte des Verteidigungsministeriums;2;1;;;;;;;;;;;;;
;2/14/21;Daily Sabah;https://www.dailysabah.com/politics/war-on-terror/civilian-killed-4-others-injured-in-ypgpkk-carbomb-in-n-syria;Naher & Mittlerer Osten ;Syrien;SYR;Aleppo;Afrin, Jandaris;36.39411;36.68975;YPG;SEP;REG;TÖT;IED;Autobombe;ZIV;PP;;1;4;;;;;;;;;;;;;
;2/14/21;NINA;https://www.ninanews.com/Website/News/Details?key=887768;Naher & Mittlerer Osten;Irak;IRQ;Baghdad;Karrada, Arasat Street;33.29539;44.43183;NB;NB;NB;ZERS;IED;;ZIV;PP;Massagezentrum;;;;;;;;;;;;;;;
;2/14/21;NINA;https://www.ninanews.com/Website/News/Details?key=887834;Naher & Mittlerer Osten;Irak;IRQ;Saladin;Tuz, Yanka;34.8797;44.5036;NB;NB;NB;TÖT;FW;;SK;POL;Kontrollposten;;;;1;;;;;;;;;;;
;2/15/21;CHRDA;https://hrlrc.org/wp-content/uploads/2021/04/CHRDA_HUMAN_RIGHTS_REPORT_BETWEEN_MARCH-2020-MARCH-2021-ON-SEPARATISTS-ATROCITIES.pdf;Afrika;Kamerun;CMR;Nord-Ouest;Bui, Kumbo;6,20944;10,68677;Amba Boys;SEP;REG;TÖT;FW;;SK;MIL;;;;;1;;;;;;;;;;;
;2/15/21;Crisis Group;https://www.crisisgroup.org/crisiswatch/database?location%5B0%5D=11&crisis_state=&created=custom&from_month=1&from_year=2021&to_month=12&to_year=2021&page=1;Afrika;Kenia;KEN;Wajir;Wajir East, Khorof Harar;2,20203;40,75396;Al-Shabaab;REMO;TRANS;ZERS;FW;;SK;POL;Polizeilager;;;;;;;;Keine Schäden bekannt;;;;;;;
;2/15/21;SATP;https://www.satp.org/terrorist-activity/india-Feb-2021;Südostasien;Indien;IND;Amujhmad ;Temrugaon;19.41711;81.44483;CPI-M;SOZ;NAT;TÖT;FW;;ZIV;GOV;;1;2;;;;;;;;;;;;;
;2/15/21;The Defense Post , Actualite;https://www.thedefensepost.com/2021/02/16/10-killed-dr-congo-attack/?expand_article=1 , https://actualite.cd/2021/02/16/rdc-10-morts-dans-une-nouvelle-attaque-des-combattants-adf-pres-de-bulongo;Afrika;DR Kongo;COD;Nord-Kivu;Beni, Kalembo/Libokora;0,40291;29,61426;ISCAP;REMO;TRANS;TÖT;FW;;ZIV;PP;Dorf;10;2;;;;;"Shops und Apotheken ausgeraubt; 5 Häuser in Brand gesetzt; Motorräder in Brand gesetzt";;;;;;;;
;2/15/21;SATP;https://satp.org/terrorist-activity/afghanistan-Feb-2021;Naher & Mittlerer Osten;Afghanistan;AFG;Faryab;Almar;35,8479;64,5368;NB;NB;NB;TÖT;IED;;SK;POL;;;;;7;;;;;;;;;;;
;2/15/21;SATP;https://satp.org/terrorist-activity/afghanistan-Feb-2021;Naher & Mittlerer Osten;Afghanistan;AFG;Zabul;Qalat;32,1068;66,9057;Taliban;REMO;NAT;TÖT;FW;;SK;POL;;;;;6;2;3;;;;;;;;;
;2/15/21;Crisis Group , Anadolu Ajansi;https://www.crisisgroup.org/crisiswatch/database?location%5B0%5D=28&crisis_state=&created=custom&from_month=1&from_year=2021&to_month=12&to_year=2021&page=1 , https://www.aa.com.tr/en/africa/boko-haram-kills-7-soldiers-in-northeast-nigeria/2148773;Afrika;Nigeria;NGA;Borno;Marte;12.36498;13.82981;ISWAP;REMO;TRANS;TÖT;FW;;SK;MIL;;;;;7;5;;;"""(…) and many others were wounded.""";;;;;;;
;2/15/21;NINA;https://www.ninanews.com/Website/News/Details?key=888020;Naher & Mittlerer Osten;Irak;IRQ;Diyala;Miqdadiyah, Abi Sayda, Sheikhi;33.91003;44.76414;ISIS;REMO;TRANS;VERL;FW;Scharfschütze;SK;POL;Sicherheitsposten;;;;;1;;;;;;;;;;
;2/15/21;NINA;https://www.ninanews.com/Website/News/Details?key=887975;Naher & Mittlerer Osten;Irak;IRQ;Kirkuk;Daquq, Wadi Hashish;35.01430;44.00020;NB;NB;NB;TÖT;IED;;SK;MIL;;;;;1;2;;;;;;;;;;
;2/15/21;NINA;https://www.ninanews.com/Website/News/Details?key=888043 , https://www.ninanews.com/Website/News/Details?key=888045 , https://www.ninanews.com/Website/News/Details?key=888310 , https://www.ninanews.com/Website/News/Details?key=888082 , https://www.ninanews.com/Website/News/Details?key=888072 , https://www.ninanews.com/Website/News/Details?key=888065 , https://www.ninanews.com/Website/News/Details?key=888065 , https://www.ninanews.com/Website/News/Details?key=888050 , https://www.ninanews.com/Website/News/Details?key=888051;Naher & Mittlerer Osten;Irak;IRQ;Erbil;Waziran;36.20259;43.98724;NB;NB;NB;VERL;RAM;Mörser, Katyusha Raketen;ZIV;PP;;1;6;;;;;;;;;;;;;
;2/16/21;SATP;https://www.satp.org/terrorist-activity/india-Feb-2021;Südostasien;Indien;IND;Jharkhand;Lohardaga, dundru forest ;23.61018;85.27993;CPI-M;SOZ;NAT;TÖT;IED;;SK;POL;;;;;1;;;;;;;;;;;
;2/16/21;Radio Okapi , Actualite;https://www.radiookapi.net/2021/02/17/actualite/securite/beni-4-morts-dans-une-autre-attaque-des-adf-oicha , https://actualite.cd/2021/02/17/beni-4-morts-dans-une-nouvelle-attaque-oicha-bilan-provisoire;Afrika;DR Kongo;COD;Nord-Kivu;Beni, Oicha;0,70096;29,52018;ISCAP;REMO;TRANS;TÖT;FW;;ZIV;PP;Dorf;4;2;;;;;;;;;;;;;
;2/16/21;SATP;https://satp.org/terrorist-activity/afghanistan-Feb-2021;Naher & Mittlerer Osten;Afghanistan;AFG;Nangarhar;Jalalabad, PD3;34,4347;70,4381;NB;NB;NB;TÖT;FW;;SK;POL;;;;;1;2;;;;;;;;;;
;2/16/21;SATP;https://satp.org/terrorist-activity/afghanistan-Feb-2021;Naher & Mittlerer Osten;Afghanistan;AFG;Nangarhar;Jalalabad, PD4;34,4246;70,4658;NB;NB;NB;TÖT;FW;;SK;POL;;1;;;2;;;;;;;;;;;
;2/16/21;SATP;https://satp.org/terrorist-activity/afghanistan-Feb-2021;Naher & Mittlerer Osten;Afghanistan;AFG;Takhar;Dasht-e-Qala;37,1564;69,443;NB;NB;NB;TÖT;IED;;SK;MIL;;;;;3;4;;;;;;;;;;
;2/16/21;SATP;https://www.satp.org/terrorist-activity/india-Feb-2021;Südostasien;Indien;IND;Bijbehara;Pazalpora;34.36302;74.46245;NB;NB;NB;ZERS;IED;;SK;POL;;;;;;;;;;;;;;;;
;2/16/21;Carta de Mocambique;https://cartamz.com/index.php/politica/item/7285-terroristas-atacam-posicao-das-fds-em-muidumbe;Afrika;Mosambik;MOZ;Cabo Delgado;Muidumbe, Xitaxi;-11,80914;40,00637;NB;REMO;REG;VERL;FW;;SK;MIL;;;;;;1;;;;;;;;;;
;2/16/21;Actualite;https://actualite.cd/2021/02/17/sud-kivu-un-militaire-tue-lors-dune-attaque-des-miliciens-pres-de-minembwe;Afrika;DR Kongo;COD;Sud-Kivu;Fizi, Kabingo;-3,99106;28,70372;Twirwaneho;SEP;REG;TÖT;FW;;SK;MIL;Armeecamp;;2;;1;;;;;;;;;;;
;2/16/21;Daily Sabah;https://www.dailysabah.com/politics/war-on-terror/suspected-ypg-attack-leaves-1-civilian-dead-3-hurt-in-nw-syria;Naher & Mittlerer Osten ;Syrien;SYR;Aleppo;Al-Bab city;36.37545;37.51484;YPG;SEP;REG;TÖT;IED;Autobombe;ZIV;ÖP;Industriegebiet;1;3;;;;;Läden und Fahrzeuge beschädigt;;;;;;;;
;2/17/21;UNOCHA;https://reliefweb.int/report/cameroon/cameroon-north-west-and-south-west-situation-report-no-28-28-february-2021;Afrika;Kamerun;CMR;Nord-Ouest;Mezam, Bamenda, Abangoh quarters;5,93991;10,15130;Amba Boys;SEP;REG;ENTF;FW;;ZIV;EDU;Weiterführende Schule;;;2;;;;;2 Lehrer entführt;;;;;;;
;2/17/21;SATP;https://satp.org/terrorist-activity/pakistan-Feb-2021;Naher & Mittlerer Osten;Pakistan;PAK;Kohlu;Kahan tehsil;29,487134;69,192392;Balochistan Liberation Army ;SEP;REG;TÖT;FW;;SK;MLZ;Kontrollposten Frontier Corps;;;;5;6;;Außenposten niedergebrannt;Munition und Waffen entwendet;;;;;;;
;2/17/21;SATP;https://www.satp.org/terrorist-activity/india-Feb-2021;Südostasien;Indien;IND;Rajnandgaon;Khursipar Khurd forest;22.03840;79.63757;CPI-M;SOZ;NAT;TÖT;FW;;ZIV;PP;;1;;;;;;;Wurde erst enführt und dann getötet;;;;;;;
;2/17/21;Crisis Group;https://www.crisisgroup.org/crisiswatch/database?location_region%5B0%5D=1&location%5B0%5D=26&crisis_state=&created=custom&from_month=1&from_year=2021&to_month=12&to_year=2021&page=1;Afrika;Mali;MLI;Mopti;Bandiagara;14.46100;-3.58800;NB;REMO;NB;TÖT;FW;;ZIV;PP;;9;;;;;;;;;;;;;;
;2/17/21;colombiareports;https://colombiareports.com/colombia-registers-12th-massacre-so-far-this-year/ , https://www.rfi.fr/en/five-coffee-pickers-killed-in-colombian-massacre;Lateinamerika;Kolumbien;COL;Antioquia;Andes;5,656421;-75,879654;NB;NB;NB;TÖT;FW;;ZIV;UNT;Kaffeebauer;5;1;;;;;;;;;;;;;
;2/17/21;Hiiraan Online;https://www.hiiraan.com/news/2021/Feb/wararka_maanta17-176721.htm?utm_source=hiiraan&utm_medium=WararkaMaantaFront;Afrika;Somalia;SOM;Mogadishu;Hawle Wadag;2.05036;45.32332;NB;NB;NB;TÖT;FW;;ZIV;VIP;Bekannter Fotograf, angebl. Zusammenarbeit mit SK;1;;;;;;;;;;;;;;
;2/17/21;SATP;https://www.satp.org/terrorist-activity/india-Feb-2021;Südostasien;Indien;IND;Srinagar ;Durganag;34.07561;74.83255;Muslim Janbaz Force ;SEP;REG;VERL;FW;;ZIV;PP;;1;;;;;;;;;;;;;;
;2/17/21;NINA;https://www.ninanews.com/Website/News/Details?key=888491;Naher & Mittlerer Osten;Irak;IRQ;Diyala;Kanaqin, al-Dakat;34.31990;45.38057;ISIS;REMO;TRANS;TÖT;FW;;SK;MLZ;Sicherheitsposten der PMF;;;;1;3;;;;;;;;;;
;2/17/21;NINA;https://www.ninanews.com/Website/News/Details?key=888474;Naher & Mittlerer Osten;Irak;IRQ;Dhi Qar;;31.19580;46.23730;NB;NB;NB;ZERS;IED;;SK;MIL;logistischer Konvoi der Internationalen Koalition;;;;;;;;;;;;;;;
;2/18/21;SATP;https://satp.org/terrorist-activity/afghanistan-Feb-2021;Naher & Mittlerer Osten;Afghanistan;AFG;Kabul;Police District 3;34,5053;69,1405;NB;NB;NB;TÖT;IED;;ZIV;EDU;;2;;;;;;;;;;;;;;
;2/18/21;SATP;https://satp.org/terrorist-activity/pakistan-Feb-2021;Naher & Mittlerer Osten;Pakistan;PAK;Karachi;SITE;24,905306;66,992844;NB;NB;NB;TÖT;FW;;SK;POL;;;;;1;;;;;;;;;;;
;2/18/21;SATP;https://satp.org/terrorist-activity/pakistan-Feb-2021;Naher & Mittlerer Osten;Pakistan;PAK;South Waziristan;Sara Rogha;32,474232;70,002676;NB;NB;NB;TÖT;FW;;SK;MLZ;Kontrollposten Frontier Corps;;;;5;1;;;;;;;;;;
;2/18/21;SATP;https://satp.org/terrorist-activity/pakistan-Feb-2021;Naher & Mittlerer Osten;Pakistan;PAK;Quetta;Jabal-e-Noor;30,197105;66,951273;NB;NB;NB;TÖT;IED;Sprengstoff war an Motorrad angebracht;SK;MLZ;Frontier Corps;;;;1;1;;;;;;;;;;
;2/18/21;Radio Okapi;https://www.radiookapi.net/2021/02/21/actualite/securite/attaque-de-la-milice-codeco-en-ituri-16-morts-dont-10-civils-mongwalu;Afrika;DR Kongo;COD;Ituri;Djugu, Mongwalu;1,81734;30,23497;CODECO;SEP;REG;TÖT;FW;;ZIV;PP;;10;;;;;;30 Häuser in Brand gesteckt;Massaker an Zivilbevölkerung während Search-Operation;;;;;;;
;2/18/21;Anadolu Ajansi;https://www.aa.com.tr/en/africa/boko-haram-beheads-woodcutters-in-northeast-nigeria/2153740;Afrika;Nigeria;NGA;Borno;Damboa;11.15044;12.75941;ISWAP;REMO;TRANS;TÖT;SON;;ZIV;PP;Holzfäller;6;;;;;;;Opfer geköpft;;;;;;;
;2/18/21;NINA;https://www.ninanews.com/Website/News/Details?key=888500;Naher & Mittlerer Osten;Irak;IRQ;Diyala;Kanaqin;34.40610;45.30690;ISIS;REMO;TRANS;TÖT;FW;;SK;MLZ;PMF;;;;3;5;;;;;;;;;;
;2/18/21;NINA;https://www.ninanews.com/Website/News/Details?key=888561;Naher & Mittlerer Osten;Irak;IRQ;Nineveh;Hammam Al-Alil, Al-Athba;36.15620;43.11310;NB;NB;NB;ZERS;IED;;SK;MIL;Militärfahrzeug;;;;;;;Schaden am Auto;;;;;;;;
;2/18/21;NINA;https://www.ninanews.com/Website/News/Details?key=888702;Naher & Mittlerer Osten;Irak;IRQ;Diyala;Jalawla Gerichtsgebäude;34.26675;45.15884;NB;NB;NB;ZERS;RAM;Mörser;ZIV;KI;Gerichtsgebäude;;;;;;;;;;;;;;;
;2/19/21;Radio Okapi;https://www.radiookapi.net/2021/02/19/actualite/securite/nord-kivu-un-mort-dans-une-embuscade-des-adf-musuku-felix-tshisekedi;Afrika;DR Kongo;COD;Nord-Kivu;Beni, Musuku;0,56924;29,43095;ISCAP;REMO;TRANS;TÖT;FW;;ZIV;PP;;1;1;;;;;;;;;;;;;
;2/19/21;SATP;https://www.satp.org/terrorist-activity/india-Feb-2021;Südostasien;Indien;IND;Srinagar ;Baghat ;34.12554;74.94425;NB;NB;NB;TÖT;FW;;SK;POL;;;;;2;;;;;;;;;;;
;2/19/21;Carta de Mocambique;https://cartamz.com/index.php/sociedade/item/7300-ataques-em-cabo-delgado-quatro-mortos-no-ataque-a-quionga-em-palma;Afrika;Mosambik;MOZ;Cabo Delgado;Palma, Quionga;-10,59605;40,50983;NB;REMO;REG;TÖT;FW;;ZIV;GOV;Leiter der Administration;4;;;;;;Mehrere Häuser einschließlich des administrativen Leiters zerstört;;;;;;;;
;2/19/21;Meir Amit Intelligence and Terrorism Information Center;https://www.terrorism-info.org.il/en/spotlight-on-global-jihad-february-18-24-2021/;Afrika;Nigeria;NGA;Borno;Dikwa;12.03485;13.91878;ISWAP;REMO;TRANS;TÖT;FW;;SK;MIL;Militärbasis;;;;15;4;;;"""(…) and several others were wounded.""";;;;;;;
;2/19/21;NINA;https://www.ninanews.com/Website/News/Details?key=888733;Naher & Mittlerer Osten;Irak;IRQ;Basra;;30.52180;47.71430;NB;NB;NB;ZERS;IED;;SK;MIL;logistischer Konvoi der Internationalen Koalition;;;;;;;;;;;;;;;
;2/19/21;NINA;https://www.ninanews.com/Website/News/Details?key=888786;Naher & Mittlerer Osten;Irak;IRQ;Diyala;Al-Miqdadiya, Al-Hasawiya;33.95297;44.85735;NB;NB;NB;ENTF;FW;;ZIV;PP;;;;1;;;;;;;;;;;;
;2/20/21;Actualite;https://actualite.cd/2021/02/21/beni-un-civil-decapite-pres-de-mbau-des-combattants-adf-soupconnes;Afrika;DR Kongo;COD;Ituri;Mambasa, Palunza;0,65790;29,46290;ISCAP;REMO;TRANS;TÖT;SON;;ZIV;PP;;1;;;;;;;Opfer geköpft;;;;;;;
;2/20/21;SATP;https://satp.org/terrorist-activity/afghanistan-Feb-2021;Naher & Mittlerer Osten;Afghanistan;AFG;Kabul;Darulaman Road;34,4886;69,1369;NB;NB;NB;VERL;IED;;ZIV;PP;;;2;;;;;;;;;;;;;
;2/20/21;SATP;https://satp.org/terrorist-activity/afghanistan-Feb-2021;Naher & Mittlerer Osten;Afghanistan;AFG;Kabul;Kart-e-Parwan;34,5299;69,1437;NB;NB;NB;TÖT;IED;;ZIV;PP;;2;;;;;;;;;;;;;;
;2/20/21;SATP;https://satp.org/terrorist-activity/afghanistan-Feb-2021;Naher & Mittlerer Osten;Afghanistan;AFG;Kabul;Pul-e-Wahdat;34,5042;69,1267;NB;NB;NB;TÖT;IED;;SK;POL;;;;;2;;;;;;;;;;;
;2/20/21;Meir Amit Intelligence and Terrorism Information Center;https://www.terrorism-info.org.il/en/spotlight-on-global-jihad-february-25-march-3-2021/;Naher & Mittlerer Osten ;Syrien;SYR;Ar-Raqqa;Al-Thawrah;35.42549;38.27939;ISIS;REMO;TRANS;TÖT;FW;;SK;MIL;Syrische Soldaten und Milizen;;;;9;4;;;"""(…) and several others were wounded.""";;;;;;;
;2/20/21;Meir Amit Intelligence and Terrorism Information Center;https://www.terrorism-info.org.il/en/spotlight-on-global-jihad-february-18-24-2021/;Naher & Mittlerer Osten ;Syrien;SYR;Deir ez-Zor;Deir Ez-Zor city;35.34970;40.28537;ISIS;REMO;TRANS;TÖT;FW;;SK;MIL;Iran-freundliche Milizen;;;;4;;;;;;;;;;;
;2/20/21;Syrian Network for Human Rights , Daily Sabah;https://news.snhr.org/2021/02/21/severe-damage-in-a-car-bomb-blast-in-sejjo-town-in-aleppo-suburbs-on-february-20/ , https://www.dailysabah.com/politics/war-on-terror/at-least-6-civilians-injured-in-terrorist-attack-in-syrias-azaz;Naher & Mittlerer Osten ;Syrien;SYR;Aleppo;Azaz, As-Salama;36.61791;37.07730;YPG;SEP;REG;VERL;IED;Autobombe;ZIV;ÖP;Markt;;5;;;;;Einige Läden und Marktstände zerstört;;;;;;;;
;2/20/21;NINA;https://www.ninanews.com/Website/News/Details?key=888864;Naher & Mittlerer Osten;Irak;IRQ;Babil;Musayyib, Jorf Al-Nasr;32.86800;44.17920;NB;NB;NB;TÖT;IED;;SK;MLZ;PMF;;;;1;1;;;;;;;;;;
;2/20/21;NINA;https://www.ninanews.com/Website/News/Details?key=889003 , https://www.ninanews.com/Website/News/Details?key=889006 , https://www.ninanews.com/Website/News/Details?key=889020;Naher & Mittlerer Osten;Irak;IRQ;Saladin;Balad, Balad Air Force Base;33.93326;44.36672;NB;NB;NB;ZERS;RAM;Katyusha-Raketen;SK;MIL;Amerikanisches Unternehmen in der Luftwaffe von Balad;;1;;;;;;;;;;;;;
;2/21/21;SATP;https://www.satp.org/terrorist-activity/india-Feb-2021;Südostasien;Indien;IND;Malkangiri;Mathili, gagapadar forest ;18.34358;81.88252;CPI-M;SOZ;NAT;VERL;IED;;SK;MIL;;;;;;1;;;;;;;;;;
;2/21/21;Actualite;https://actualite.cd/2021/02/22/rdc-beni-les-combattants-adf-tuent-5-personnes-pres-de-mbau;Afrika;DR Kongo;COD;Ituri;Irumu, Musandaba;0,65790;29,46310;ISCAP;REMO;TRANS;TÖT;FW;;ZIV;PP;Bauern;5;;;;;;;;;;;;;;
;2/21/21;SATP;https://satp.org/terrorist-activity/afghanistan-Feb-2021;Naher & Mittlerer Osten;Afghanistan;AFG;Kabul;Baraki roundabout;34,5382;69,1447;NB;NB;NB;TÖT;IED;;ZIV;PP;;4;3;;;;;;;;;;;;;
;2/21/21;SATP;https://satp.org/terrorist-activity/afghanistan-Feb-2021;Naher & Mittlerer Osten;Afghanistan;AFG;Helmand;Lashkar Gah;31,5974;64,3886;NB;NB;NB;TÖT;IED;;ZIV;ÖP;;1;15;;;;;;;;;;;;;
;2/21/21;Al Jazeera; https://www.aljazeera.com/news/2021/2/21/libyas-powerful-interior-minister-survives-assassination-attempt;Afrika;Libyen;LBY;Tripoli;Tripoli city;32,84746;13,24045;NB;NB;NB;VERL;FW;;ZIV;GOV;Innenminister;;;;;1;;;Verl. SK- Leibwächter des Ministers;;;;;;;
;2/21/21;NINA;https://www.ninanews.com/Website/News/Details?key=889181;Naher & Mittlerer Osten;Irak;IRQ;Maysan;Amarah;31.84977;47.14965;NB;NB;NB;ZERS;IED;;SK;GD;Haus des Direktors für Integritätsuntersuchungen;;;;;;;Schäden an Haus und Auto;;;;;;;;
;2/22/21;Radio Okapi , Actualite;https://www.radiookapi.net/2021/02/24/actualite/securite/beni-12-morts-lors-dune-double-attaque-attribuee-aux-rebelles-adf;Afrika;DR Kongo;COD;Nord-Kivu;Beni, Kisima, Beni-Kasindi road;0,39860;29,57290;ISCAP;REMO;TRANS;TÖT;FW;;ZIV;PP;;11;;;;;;Mindestens 1 Geschäft in Brand gesetzt;;;;;;;;
;2/22/21;Actualite;https://actualite.cd/2021/02/23/rdc-adf-3-civils-tues-dans-une-nouvelle-attaque-kilya-beni;Afrika;DR Kongo;COD;Nord-Kivu;Beni, Kilya;0,38874;29,59379;ISCAP;REMO;TRANS;TÖT;FW;;ZIV;PP;;3;;;;;;;;;;;;;;
;2/22/21;Actualite;https://actualite.cd/2021/02/22/rdc-2-morts-dans-une-nouvelle-embuscade-rebelle-sur-la-route-beni-kasindi;Afrika;DR Kongo;COD;Nord-Kivu;Beni, Ruwenzori, Mighende, Beni-Kasindi road;0,36360;29,62190;ISCAP;REMO;TRANS;TÖT;FW;Hinterhalt;ZIV;PP;Händler;2;;;;;;;;;;;;;;
;2/22/21;SATP;https://satp.org/terrorist-activity/afghanistan-Feb-2021;Naher & Mittlerer Osten;Afghanistan;AFG;Herat;Herat city;34,3524;62,2014;NB;NB;NB;TÖT;FW;;ZIV;GOV;;;;;2;;;;;;;;;;;
;2/22/21;ACLED;https://www.caboligado.com/reports/cabo-ligado-weekly-22-28-february-2021;Afrika;Mosambik;MOZ;Cabo Delgado;Nangade, Ngalonga;-11,31620;39,90500;NB;REMO;REG;TÖT;SON;;ZIV;PP;;2;;;;;;;2 Menschen geköpft;;;;;;;
;2/22/21;Carta de Mocambique , ACLED;https://cartamz.com/index.php/politica/item/7351-terroristas-cada-vez-mais-proximos-da-vila-de-nangade?fbclid=IwAR3LfjP_wSq3R9Z8XVIU1jHEJrmSTn5xezBWpGU7eUnDqUTL6nUKcRBHJLU , https://www.caboligado.com/reports/cabo-ligado-weekly-22-28-february-2021;Afrika;Mosambik;MOZ;Cabo Delgado;Mocimboa da Praia, Mitope;-11,41123;40,00168;NB;REMO;REG;TÖT;SON;;ZIV;PP;;3;;3;;;;;Zunächst 6 entführt: 3 davon geköpft, 1 später freigelassen;;;;;;;
;2/22/21;NYT;https://www.nytimes.com/2021/02/22/world/asia/pakistan-aid-workers-killed.html;Naher & Mittlerer Osten;Pakistan;PAK;Nordwasiristan ;Mir Ali Mirali;32,97002;70,277585;NB;NB;NB;TÖT;FW;;ZIV;NGO;;4;1;;;;;;;;;;;;;
;2/22/21;Reuters , NYT , UN World Food Programme , il Fatto Quotidiano;https://www.reuters.com/article/us-congo-security/italys-envoy-to-congo-killed-in-attack-on-u-n-convoy-idUSKBN2AM106/?il=0 , https://www.nytimes.com/2021/02/22/world/africa/italy-ambassador-killed-congo-ambush.html , https://www.wfp.org/news/attack-world-food-programme-field-mission-eastern-democratic-republic-congo , https://www.ilfattoquotidiano.it/2021/02/22/lambasciatore-luca-attanasio-e-il-carabiniere-vittorio-iacovacci-uccisi-in-agguato-in-congo-mattarella-lutto-per-servitori-dello-stato/6109427/;Afrika;DR Kongo;COD;Nord-Kivu;Nyiragongo, Kibumba;-1,57188;29,28730;Democratic Forces for the Liberation of Rwanda;SEP;REG;TÖT;FW;;ZIV;GOV;World Food Programme Konvoi, italienischer Botschafter;2;2;;1;;;;"""a number of other passengers (…) sustained injuries""";;;;;;;
;2/22/21;NINA;https://www.ninanews.com/Website/News/Details?key=889401 , https://www.ninanews.com/Website/News/Details?key=889403 , https://www.ninanews.com/Website/News/Details?key=889405 , https://www.ninanews.com/Website/News/Details?key=889403 , https://www.ninanews.com/Website/News/Details?key=889434;Naher & Mittlerer Osten;Irak;IRQ;Baghdad;Green Zone;33.30611;44.38794;NB;NB;NB;ZERS;RAM;Katyusha-Raketen;ZIV;GOV;US-Botschaft;;;;;;;;Unterschiedliche Angaben zu Verletzten, spätere Meldungen geben keine Opfer an;;;;;;;
;2/23/21;Anadolu Ajansi , U.S. Dept. of State , Premium Times Nigeria;https://www.aa.com.tr/en/africa/nigeria-10-dead-50-hurt-in-boko-haram-mortar-attacks/2155361 , https://www.state.gov/reports/country-reports-on-terrorism-2021/nigeria/ , https://www.premiumtimesng.com/news/headlines/444937-updated-10-killed-60-injured-in-boko-haram-attack-on-maiduguri.html;Afrika;Nigeria;NGA;Borno;Maiduguri, Kaleri/Bulabulin/Gwange/Adam Kolo;11.82860;13.15340;Boko Haram;REMO;TRANS;TÖT;RAM;Mörser;ZIV;ÖP;;16;54;;;;;;;;;;;;;
;2/23/21;SATP;https://www.satp.org/terrorist-activity/india-Feb-2021;Südostasien;Indien;IND;Dantewada;Bade Gaatav ;18.84563;81.38393;CPI-M;SOZ;NAT;TÖT;SON;Kehle aufgeschlitzt;ZIV;PP;;1;;;;;;;;;;;;;;
;2/23/21;Radio Okapi , Actualite;https://www.radiookapi.net/2021/02/24/actualite/securite/beni-12-morts-lors-dune-double-attaque-attribuee-aux-rebelles-adf , https://actualite.cd/2021/02/24/beni-un-mort-et-deux-civils-blesses-dans-une-nouvelle-attaque-oicha;Afrika;DR Kongo;COD;Nord-Kivu;Beni, Oicha, Pakanza/Mbimbi;0,70320;29,51220;ISCAP;REMO;TRANS;TÖT;FW;;ZIV;PP;;1;2;;;;;;;;;;;;;
;2/23/21;Actualite;https://actualite.cd/2021/02/24/rdc-beni-le-secteur-de-ruwenzori-de-plus-en-plus-meurtri-au-moins-11-morts-dans-une , https://actualite.cd/2021/02/25/beni-le-bilan-de-lattaque-de-kisima-est-revu-la-hausse-apres-la-decouverte-dautres-corps;Afrika;DR Kongo;COD;Nord-Kivu;Beni, Kisima, Beni-Kasindi road;0,39860;29,57290;ISCAP;REMO;TRANS;TÖT;FW;;ZIV;PP;;17;;;;;;Mindestens 1 Geschäft in Brand gesetzt;;;;;;;;
;2/23/21;SATP;https://satp.org/terrorist-activity/afghanistan-Feb-2021;Naher & Mittlerer Osten;Afghanistan;AFG;Nuristan;Nurgaram;35,3561;70,855;Taliban;REMO;NAT;TÖT;FW;;SK;POL;;;;;1;4;;;;;;;;;;
;2/23/21;SATP;https://satp.org/terrorist-activity/afghanistan-Feb-2021;Naher & Mittlerer Osten;Afghanistan;AFG;Baghlan-e-Markazi;Hospital;36,3181;68,8193;Taliban;REMO;NAT;TÖT;FW;;ZIV;PP;Chefarzt der Chirurgie;1;;;;;;;;;;;;;;
;2/23/21;U.S. Dept. of State;https://www.state.gov/reports/2021-report-on-international-religious-freedom/somalia/;Afrika;Somalia;SOM;Mogadishu;Xamar Weyne;2.03251;45.33897;Al-Shabaab;REMO;NAT;VERL;IED;Werfen einer Selbstmordweste;SK;POL;Polizeistation;;;;;3;;;;;;;;;;
;2/23/21;Radio Okapi;https://www.radiookapi.net/2021/02/26/actualite/securite/djugu-7-personnes-tuees-par-des-miliciens-de-codeco-banyari-kilo;Afrika;DR Kongo;COD;Ituri;Djugu, Tchibi Tchibi;1,77579;30,18330;CODECO;SEP;REG;TÖT;FW;;ZIV;PP;Bäuerin;1;;;;;;;;;;;;;;
;2/23/21;Radio Okapi;https://www.radiookapi.net/2021/02/24/actualite/securite/ituri-11-personnes-tuees-babelebe-par-des-miliciens-fpic;Afrika;DR Kongo;COD;Ituri;Irumu, Mugangu;1,28931;30,12987;FPIC;SEP;REG;TÖT;FW;;ZIV;PP;Dorf;11;;5;;;;19 Häuser in Brand gesteckt;"""Some residents were taken hostage (…). Among them, there are minor girls and adults (…).""";;;;;;;
;2/23/21;Daily Sabah;https://www.dailysabah.com/politics/war-on-terror/ypg-terrorist-attack-kills-2-sna-soldiers-in-northern-syria;Naher & Mittlerer Osten ;Syrien;SYR;Ar-Raqqa;Tell Abyad, Ayn Isa;36.38598;38.86366;YPG;SEP;REG;TÖT;RAM;Rakete;SK;MIL;Syrische Armee;;;;2;7;;;;;;;;;;
;2/24/21;SATP;https://www.satp.org/terrorist-activity/india-Feb-2021;Südostasien;Indien;IND;Chhattisgarh;Narayanpur, Kukur ;19.71955;81.24719;CPI-M;SOZ;NAT;TÖT;FW;;SK;MIL;;;;;1;;;;;;;;;;;
;2/24/21;SATP;https://www.satp.org/terrorist-activity/india-Feb-2021;Südostasien;Indien;IND;Chhattisgarh;Narayanpur, Kukrajhar ;19.37938;81.07949;CPI-M;SOZ;NAT;VERL;IED;;SK;MIL;;;;;;1;;;;;;;;;;
;2/24/21;SATP;https://www.satp.org/terrorist-activity/india-Feb-2021;Südostasien;Indien;IND;Chhattisgarh;Narayanpur, Sonpur ;19.70491;81.00739;CPI-M;SOZ;NAT;TÖT;IED;;SK;POL;;;;;1;;;;;;;;;;;
;2/24/21;Radio Okapi;https://www.radiookapi.net/2021/02/25/actualite/securite/irumu-3-morts-et-des-maisons-incendiees-lors-dune-incursion-des;Afrika;DR Kongo;COD;Ituri;Irumu, Mambelenga;1,17715;30,01091;ISCAP;REMO;TRANS;TÖT;FW;;ZIV;PP;;3;;;;;;Mehrere Geschäfte und 2 Reismühlen in Brand gesetzt;;;;;;;;
;2/24/21;SATP;https://satp.org/terrorist-activity/afghanistan-Feb-2021;Naher & Mittlerer Osten;Afghanistan;AFG;Herat;Qudus Abad (Kohsan Ditr.);34,6515;61,2016;NB;NB;NB;TÖT;IED;;SK;MLZ;PuF;;;;6;4;;;;;;;;;;
;2/24/21;Radio Okapi;https://www.radiookapi.net/2021/02/26/actualite/securite/djugu-7-personnes-tuees-par-des-miliciens-de-codeco-banyari-kilo;Afrika;DR Kongo;COD;Ituri;Djugu, Kabakaba;1,73128;30,11656;CODECO;SEP;REG;TÖT;FW;;ZIV;UNT;Goldabbau;3;2;;;;;;;;;;;;;
;2/24/21;Actualite , Radio Okapi;https://actualite.cd/2021/02/25/rdc-beni-nouvelle-attaque-mangina-trois-personnes-tuees , https://www.radiookapi.net/2021/02/25/actualite/securite/nord-kivu-3-morts-la-suite-dune-double-attaque-mangina-et-makeke;Afrika;DR Kongo;COD;Nord-Kivu;Beni, Mangina, Makeke barrier;0,60920;29,30080;Mai-Mai;SEP;REG;TÖT;FW;;SK;MIL;Militärcamp;;;;1;;;;;;;;;;;
;2/24/21;NINA;https://www.ninanews.com/Website/News/Details?key=889692;Naher & Mittlerer Osten;Irak;IRQ;Baghdad;Adhamiya;33.37312;44.37275;NB;NB;NB;ZERS;IED;;ZIV;UNT;Spirituosengeschäfte;;;;;;;;;;;;;;;
;2/24/21;NINA;https://www.ninanews.com/Website/News/Details?key=889692;Naher & Mittlerer Osten;Irak;IRQ;Baghdad;Karrada;33.30514;44.43575;NB;NB;NB;ZERS;IED;;ZIV;UNT;Spirituosengeschäfte;;;;;;;;;;;;;;;
;2/24/21;NINA;https://www.ninanews.com/Website/News/Details?key=889733;Naher & Mittlerer Osten;Irak;IRQ;Diyala;Bani Saad, Sheikh Arab;33.72520;44.52793;NB;NB;NB;TÖT;FW;;SK;POL;;;;;1;;;;;;;;;;;
;2/25/21;CHRDA;https://hrlrc.org/wp-content/uploads/2021/04/CHRDA_HUMAN_RIGHTS_REPORT_BETWEEN_MARCH-2020-MARCH-2021-ON-SEPARATISTS-ATROCITIES.pdf;Afrika;Kamerun;CMR;Nord-Ouest;Bui, Kumbo;6,20944;10,68677;Amba Boys;SEP;REG;TÖT;IED;IED und Schüsse;SK;MIL;Miltärtruck;;;;2;3;;Truck zerstört;"""several injured""";;;;;;;
;2/25/21;ACLED;https://acleddata.com/curated-data-files/#regional (Africa Dataset - KEN7648);Afrika;Kenia;KEN;Mandera;Lafey, Fino, Sheikh Barrow;3,38390;41,28590;Al-Shabaab;REMO;TRANS;ZERS;FW;Hit-and-run Angriff;SK;POL;Grenzpolizei;;;;;;;;IS behauptet einen Polizisten getötet zu haben;;;;;;;
;2/25/21;SATP;https://satp.org/terrorist-activity/afghanistan-Feb-2021;Naher & Mittlerer Osten;Afghanistan;AFG;Ghor;Firozkoh;34,5191;65,2481;NB;NB;NB;TÖT;FW;;ZIV;PP;;3;;;;;;;;;;;;;;
;2/25/21;Carta de Mocambique , Zitamar News;https://cartamz.com/index.php/politica/item/7351-terroristas-cada-vez-mais-proximos-da-vila-de-nangade , https://cartamz.com/index.php/politica/item/7354-ataques-em-cabo-delgado-terroristas-matam-tres-pessoas-em-palma , https://www.zitamar.com/defence-forces-kill-six-insurgents-in-nangade/;Afrika;Mosambik;MOZ;Cabo Delgado;Nangade, Luneke;-11,10090;39,77740;NB;REMO;REG;TÖT;FW;;ZIV;PP;;4;2;;;;;;;;;;;;;
;2/25/21;SATP;https://satp.org/terrorist-activity/pakistan-Feb-2021;Naher & Mittlerer Osten;Pakistan;PAK;Khuzdar;Khatan Chowk;27,575764;66,808198;NB;NB;NB;VERL;IED;IED an Motorrad;ZIV;UNT;Mitarbeiter einer privaten Firma;;4;;;;;Pickup stark beschädigt;;;;;;;;
;2/25/21;U.S. Dept. of State , Benar News;https://www.state.gov/reports/country-reports-on-terrorism-2021/thailand;Südostasien;Thailand;THA;Narathiwat;Ra-ngae;6.26618;101.69577;NB;SEP;REG;TÖT;IED;IED und Kleinwaffen;SK;MLZ;Ranger;;;;2;1;;;;;;;;;;
;2/25/21;Syrian Network for Human Rights;https://news.snhr.org/2021/02/26/massacre-of-civilians-in-a-blast-of-a-car-bomb-of-unknown-source-in-ras-al-ein-city-in-hasaka-on-february-25/;Naher & Mittlerer Osten ;Syrien;SYR;Al-Hasakah;Ras al-Ayn city;36.84959;40.07399;NB;NB;NB;TÖT;IED;Autobombe;ZIV;ÖP;Markt;5;10;;;;;;;;;;;;;
;2/25/21;The Defense Post , Crisis Group;https://thedefensepost.com/2021/02/26/nine-gendarmes-killed-central-mali/ , https://www.crisisgroup.org/crisiswatch/database?location_region%5B0%5D=1&location%5B0%5D=26&crisis_state=&created=custom&from_month=1&from_year=2021&to_month=12&to_year=2021&page=1;Afrika;Mali;MLI;Mopti;Bandiagara town;14.35050;-3.61128;JNIM;REMO;TRANS;TÖT;FW;;SK;POL;Gendarmerie Posten ;;;;9;9;;;;;;;;;;
;2/25/21;NINA;https://www.ninanews.com/Website/News/Details?key=889990;Naher & Mittlerer Osten;Irak;IRQ;Baghdad;Baghdad-Babil international highway;33.01010;44.45720;NB;NB;NB;ZERS;IED;;ZIV;KI;logistischer Konvoi der internationalen Koalition;;;;;;;;;;;;;;;
;2/26/21;Radio Okapi , Actualite;https://www.radiookapi.net/2021/02/26/actualite/securite/beni-3-civils-tues-dans-une-embuscade-des-adf-sur-laxe-routier-beni , https://actualite.cd/2021/02/26/rdc-une-embuscade-attribuee-aux-combattants-adf-fait-trois-morts-sur-la-route-beni;Afrika;DR Kongo;COD;Nord-Kivu;Beni, Ruwenzori, Nzangi, Beni-Kasindi road;0,37557;29,60448;ISCAP;REMO;TRANS;TÖT;FW;Hinterhalt;ZIV;PP;;3;;;;;;1 Fahrzeug und 1 Motorrad in Brand gesetzt;;;;;;;;
;2/26/21;SATP;https://satp.org/terrorist-activity/afghanistan-Feb-2021;Naher & Mittlerer Osten;Afghanistan;AFG;Nangarhar;Jalalabad;34,4283;70,4578;NB;NB;NB;TÖT;IED;;ZIV;PP;;1;;;;;;;;;;;;;;
;2/26/21;SATP;https://satp.org/terrorist-activity/afghanistan-Feb-2021;Naher & Mittlerer Osten;Afghanistan;AFG;Kandahar;Arghandab;31,6638;65,6721;NB;NB;NB;TÖT;IED;;SK;POL;;;;;4;;;;;;;;;;;
;2/26/21;Carta de Mocambique , DW;https://cartamz.com/index.php/politica/item/7354-ataques-em-cabo-delgado-terroristas-matam-tres-pessoas-em-palma , https://www.dw.com/pt-002/grupo-armado-ataca-aldeia-e-posto-fronteiri%C3%A7o-no-norte-de-mo%C3%A7ambique/a-56729082?maca=pt-002-Twitter-sharing;Afrika;Mosambik;MOZ;Cabo Delgado;Palma, Quirinde;-10,61334;40,56546;NB;REMO;REG;TÖT;FW;;ZIV;PP;;7;;3;;;;Häuser zerstört;"""(…) in addition to the kidnapping of residents.""; 3 der Todesopfer wurden geköpft";;;;;;;
;2/27/21;UNOCHA;https://reliefweb.int/report/cameroon/cameroon-north-west-and-south-west-situation-report-no-28-28-february-2021;Afrika;Kamerun;CMR;Nord-Ouest;Mezam;5,99732;10,36837;Amba Boys;SEP;REG;VERL;FW;;ZIV;PP;Bus;;3;;;;;;"UN Mitarbeiter und Zivilisten ""ssaulted and taken to the bush""";;;;;;;
;2/27/21;Daily Post Nigeria;https://dailypost.ng/2021/02/27/suspected-boko-haram-landmine-injures-tcn-staff-in-borno/;Afrika;Nigeria;NGA;Borno;Kaga, Mainok;11.82987;12.63098;Boko Haram;REMO;TRANS;VERL;IED;Landmine;ZIV;KI;Elektro Techniker;;2;;;;;;;;;;;;;
;2/27/21;SATP;https://satp.org/terrorist-activity/pakistan-Feb-2021;Naher & Mittlerer Osten;Pakistan;PAK;Kharan;Lijjay;29,002717;65,875387;Baloch Republican Army ;SEP;REG;TÖT;RAM;Raketen und automatische Waffen auf Außenposten;SK;MLZ;Frontier Corps;;;;2;;;;;;;;;;;
;2/27/21;SATP;https://www.satp.org/terrorist-activity/india-Feb-2021;Südostasien;Indien;IND;Gumla ;Marwa;23.15908;84.44352;CPI-M;SOZ;NAT;VERL;IED;;ZIV;PP;;;1;;;;;;;;;;;;;
;2/27/21;Radio Okapi , Actualite;https://www.radiookapi.net/2021/02/28/actualite/securite/ituri-une-nouvelle-attaque-des-adf-fait-7-victimes-dans-la-localite-de , https://actualite.cd/2021/02/28/rdc-adf-9-morts-dans-de-deux-nouvelles-attaques-beni-et-irumu;Afrika;DR Kongo;COD;Ituri;Irumu, Bwakadi;0,95184;29,75928;ISCAP;REMO;TRANS;TÖT;FW;;ZIV;PP;Dorf;6;;;1;;;5 Häuser in Brand gesteckt;;;;;;;;
;2/27/21;SATP;https://www.satp.org/terrorist-activity/india-Feb-2021;Südostasien;Indien;IND;Manipur;Tengnoupal, Moreh Bazar, De-Khunai Resort Hotel;24.24934;94.30258;NB;NB;NB;ZERS;IED;;ZIV;TOU;Hotel;;;;;;;Tor und Fenster beschädigt;;;;;;;;
;2/27/21;DW;https://www.dw.com/pt-002/grupo-armado-ataca-aldeia-e-posto-fronteiri%C3%A7o-no-norte-de-mo%C3%A7ambique/a-56729082?maca=pt-002-Twitter-sharing;Afrika;Mosambik;MOZ;Cabo Delgado;Palma, Namoto;-10,53840;40,39120;NB;REMO;REG;ZERS;FW;;SK;MIL;Grenzposten;;;;;;;;Keine Personenschäden angegeben;;;;;;;
;2/27/21;Meir Amit Intelligence and Terrorism Information Center;https://www.terrorism-info.org.il/en/spotlight-on-global-jihad-february-25-march-3-2021/;Naher & Mittlerer Osten ;Syrien;SYR;Homs;Al-Mukharram, Abu Khashab;34.80537;37.19886;ISIS;REMO;TRANS;ZERS;IED;;ZIV;KI;Gas Pipeline;;;;;;;Gas Pipeline gesprengt;Keine Personenschäden;;;;;;;
;2/28/21;TheCable;https://www.thecable.ng/how-lafiya-dole-commander-escaped-death-in-boko-haram-ambush/;Afrika;Nigeria;NGA;Borno;Damaturu-Maiduguri;11.74452;11.96128;Boko Haram;REMO;TRANS;VERL;FW;Hinterhalt;SK;MIL;Kommandeur;;3;;;;;;"""Some soldiers were said to have been badly injured (…).""";;;;;;;
;2/28/21;Radio Okapi;https://www.radiookapi.net/2021/02/28/actualite/securite/ituri-une-nouvelle-attaque-des-adf-fait-7-victimes-dans-la-localite-de;Afrika;DR Kongo;COD;Nord-Kivu;Beni, Banande-Kainama;0,86465;29,79911;ISCAP;REMO;TRANS;TÖT;FW;;ZIV;PP;;2;3;;;;;5 Häuser in Brand gesteckt;;;;;;;;
;2/28/21;Voice of America , Actualite;https://www.voanews.com/a/africa_militia-raids-eastern-dr-congo-kill-10-civilians-says-army/6202671.html , https://actualite.cd/2021/02/28/des-combattants-adf-endeuillent-lituri-6-morts-dans-une-nouvelle-attaque-irumu;Afrika;DR Kongo;COD;Ituri;Irumu, Boyo;0,93543;29,72975;ISCAP;REMO;TRANS;TÖT;SON;Köpfungen;ZIV;PP;;7;;;1;;;Häuser in Brand gesteckt;;;;;;;;
;2/28/21;Radio Okapi;https://www.radiookapi.net/2021/02/28/actualite/securite/beni-2-civils-tues-et-5-maisons-incendiees-dans-une-nouvelle-attaque;Afrika;DR Kongo;COD;Nord-Kivu;Beni, Kitimba;0,71522;29,85251;ISCAP;REMO;TRANS;TÖT;FW;;SK;MIL;Militärcamp, dann Zivilisten;2;2;;;;;5 Häuser in Brand gesteckt;;;;;;;;
;2/28/21;SATP;https://satp.org/terrorist-activity/afghanistan-Feb-2021;Naher & Mittlerer Osten;Afghanistan;AFG;Ghazni;;33,2868;67,7556;NB;NB;NB;VERL;IED;;ZIV;PP;;;3;;;2;;;;;;;;;;
;2/28/21;SATP;https://satp.org/terrorist-activity/pakistan-Feb-2021;Naher & Mittlerer Osten;Pakistan;PAK;Islamabad;Barakahu;33,706815;73,086977;NB;NB;NB;TÖT;FW;;ZIV;REL;Gebetsführer Mufti Ikram, sein Sohn (13) und einer seiner Schüler;3;;;;;;;;;;;;;;
;2/28/21;Hiiraan Online;https://www.hiiraan.com/news4/2021/Feb/181825/two_separate_attacks_target_sna_deputy_district_commissioner_in_mogadishu.aspx?utm_source=hiiraan&utm_medium=SomaliNewsUpdateFront;Afrika;Somalia;SOM;Mogadishu;Hodan, Abdi Qassim road;2.03896;45.30603;Al-Shabaab;REMO;NAT;TÖT;IED;Landmine;SK;MIL;General mit Konvoi;1;;;3;;;;;;;;;;;
;2/28/21;Hiiraan Online;https://www.hiiraan.com/news4/2021/Feb/181825/two_separate_attacks_target_sna_deputy_district_commissioner_in_mogadishu.aspx?utm_source=hiiraan&utm_medium=SomaliNewsUpdateFront;Afrika;Somalia;SOM;Mogadishu;Daru-Saalam City ;2.13429;45.32023;Al-Shabaab;REMO;NAT;ZERS;IED;Landmine;ZIV;GOV;Distriktkommissar;;;;;;;;Keine Personenschäden angegeben;;;;;;;
;2/28/21;Hiiraan Online;https://www.hiiraan.com/news/2021/Feb/wararka_maanta28-176850.htm?utm_source=hiiraan&utm_medium=WararkaMaantaFront;Afrika;Somalia;SOM;Mogadishu;Bakara market;2.04952;45.32057;NB;NB;NB;TÖT;FW;;SK;MLZ;;;;;2;;;;;;;;;;;
;2/28/21;Radio France Internationale , Crisis Group;https://www.rfi.fr/en/africa/20210301-jihadists-kill-nine-people-in-mali-s-mopti-region , https://www.crisisgroup.org/crisiswatch/database?location_region%5B0%5D=1&location%5B0%5D=26&crisis_state=&created=custom&from_month=1&from_year=2021&to_month=12&to_year=2021&page=1;Afrika;Mali;MLI;Mopti;Bandiagara, Gorey/Simikanda/Diamnati;14.08412;-4.01444;JNIM;REMO;TRANS;TÖT;FW;;ZIV;PP;Dörfer;9;;;;;;Gebäude in Brand gesetzt;Jihadists als Angreifer identifiziert;;;;;;;
;2/28/21;NINA;https://www.ninanews.com/Website/News/Details?key=890690;Naher & Mittlerer Osten;Irak;IRQ;Diyala;Kanan, Al-Ruwaishid;33.61000;44.85170;ISIS;REMO;TRANS;TÖT;FW;;ZIV;PP;Schafhirten;2;;1;;;;abgebranntes Auto;;;;;;;;
;2/28/21;NINA;https://www.ninanews.com/Website/News/Details?key=890553;Naher & Mittlerer Osten;Irak;IRQ;Nineveh;Hatra, Sakhriyat;35.24427;42.16061;NB;NB;NB;TÖT;IED;;ZIV;PP;;3;;;;;;;;;;;;;;
;2/28/21;NINA;https://www.ninanews.com/Website/News/Details?key=890587 , https://www.ninanews.com/Website/News/Details?key=890606;Naher & Mittlerer Osten;Irak;IRQ;Anbar;Al-Shamiya;34.09590;42.42990;NB;NB;NB;TÖT;IED;Autobombe;SK;MLZ;Armee und Mobilisierungskräfte der Gemeinden;;;;7;7;;;;;;;;;;
;3/1/21;Voice of America , Actualite;https://www.voanews.com/a/africa_militia-raids-eastern-dr-congo-kill-10-civilians-says-army/6202671.html , https://actualite.cd/2021/02/28/rdc-adf-9-morts-dans-de-deux-nouvelles-attaques-beni-et-irumu;Afrika;DR Kongo;COD;Nord-Kivu;Beni, Kainama;0,85751;29,75584;ISCAP;REMO;TRANS;TÖT;FW;;ZIV;PP;;2;;;;;;6 Häuser in Brand gesteckt;;;;;;;;
;3/1/21;SATP;https://satp.org/terrorist-activity/afghanistan-Mar-2021;Naher & Mittlerer Osten;Afghanistan;AFG;Jawzjan;;36,8047;65,8254;NB;NB;NB;TÖT;IED;;SK;MIL;;1;3;;;;;;;;;;;;;
;3/1/21;Zitamar News;https://www.zitamar.com/defence-forces-kill-six-insurgents-in-nangade/;Afrika;Mosambik;MOZ;Cabo Delgado;Nangade, Eduardo Mondlane;-11,21190;39,71120;NB;REMO;REG;TÖT;FW;;ZIV;PP;;2;;;;;;;;;;;;;;
;3/1/21;Club of Mozambique;https://clubofmozambique.com/news/mozambique-four-rail-workers-go-missing-on-sena-line-noticias-report-185864/;Afrika;Mosambik;MOZ;Sofala;Marromeu, Nhamitanga-Marromeu railway;-18,24040;35,50780;NB;NB;NB;ENTF;FW;;ZIV;TI;Bahnarbeiter;;;4;;;;;;;;;;;;
;3/1/21;Actualite;https://actualite.cd/2021/03/01/des-humanitaires-enleves-fizi-le-cri-de-coeur-de-ladministrateur-du-territoire-ces-actes;Afrika;DR Kongo;COD;Sud-Kivu;Fizi, Lukongo, Fizi-Baraka road;-4,29458;28,95491;NB;NB;NB;ENTF;FW;;ZIV;NGO;Norwegian Refugee Council;;;5;;;;;;;;;;;;
;3/1/21;Crisis Group;https://www.crisisgroup.org/crisiswatch/database?location%5B%5D=27&crisis_state=&created=custom&from_month=1&from_year=2021&to_month=12&to_year=2021;Afrika;Niger;NER;Diffa;Gueskerou, Garin Wanzam;13.48291;12.84332;NB;NB;NB;TÖT;FW;;ZIV;PP;;4;;;;;;;IS oder Boko Horam hinter Anschlag vermutet;;;;;;;
;3/1/21;Horn Observer;https://hornobserver.com/articles/726/Freelance-journalist-gunned-down-in-Central-Somalia-town-of-Galkacyo , https://hornobserver.com/articles/733/Al-Shabaab-takes-credit-for-assassinating-critical-journalist-in-central-Somalia;Afrika;Somalia;SOM;Mudug;Galkayo;6.73100; 47.45000;Al-Shabaab;REMO;NAT;TÖT;FW;;ZIV;MEDIA;Journalist;1;1;;;;;;;;;;;;;
;3/1/21;RND , U.S. Dept. of State , Meir Amit Intelligence and Terrorism Information Center;https://www.rnd.de/politik/nigeria-bewaffnete-gruppen-greifen-hilfseinrichtungen-und-krankenhaus-an-MO5AWDFDGPITK2UDHXIKRARC2I.html , https://www.state.gov/reports/country-reports-on-terrorism-2021/nigeria/ , https://www.terrorism-info.org.il/en/spotlight-on-global-jihad-february-25-march-3-2021/;Afrika;Nigeria;NGA;Borno;Dikwa;12.03320;13.91490;ISWAP;REMO;TRANS;ZERS;BRA;;ZIV;NGO;Gebäude mehrerer Hilfsorganisationen und Krankenhaus;;;;;;;Gebäude abgebrannt;Opferzahlen nicht angegeben;;;;;;;
;3/1/21;NINA;https://www.ninanews.com/Website/News/Details?key=890853;Naher & Mittlerer Osten;Irak;IRQ;Diyala;Buhriz, Khalil al-Hasnawi;33.46711;44.67350;NB;NB;NB;ZERS;RAM;Mörser;ZIV;PP;Dorf;;;;;;;;;;;;;;;
;3/2/21;ACLED;https://acleddata.com/curated-data-files/#regional (Africa Dataset - KEN7649);Afrika;Kenia;KEN;Wajir;Wajir East, Wajir Bor, Wajir Bor Secondary School;1,75733;40,54765;Al-Shabaab;REMO;TRANS;ENTF;FW;;ZIV;EDU;;;;1;;;;;;;;;;;;
;3/2/21;Reuters , Actualite;https://www.reuters.com/article/us-congo-security-idUSKBN2AV1X9/ , https://actualite.cd/2021/03/03/rdc-des-combattants-adf-investissent-un-marche-et-tuent-une-dizaine-de-civils-dans-un;Afrika;DR Kongo;COD;Ituri;Irumu, Mambelenga;1,02268;29,58330;ISCAP;REMO;TRANS;TÖT;FW;;ZIV;ÖP;Markt;10;;;;;;;;;;;;;;
;3/2/21;SATP , Radio Free Europe/Radio Liberty;https://www.satp.org/terrorist-activity/afghanistan-Mar-2021 , https://gandhara.rferl.org/a/female-tv-journalists-killed-enikas-jalalabad/31129606.html;Naher & Mittlerer Osten;Afghanistan;AFG;Nangarhar;Jalalabad, PD1, Zargaran;34,435;70,4593;ISKP;REMO;TRANS;TÖT;FW;;ZIV;MEDIA;female worker;3;;;;;;;;;;;;;;
;3/2/21;SATP , Radio Free Europe/Radio Liberty;https://www.satp.org/terrorist-activity/afghanistan-Mar-2021 , https://gandhara.rferl.org/a/female-tv-journalists-killed-enikas-jalalabad/31129606.html;Naher & Mittlerer Osten;Afghanistan;AFG;Nangarhar;Jalalabad, PD4, Qasbeh;34,4283;70,4578;ISKP;REMO;TRANS;TÖT;FW;;ZIV;MEDIA;female worker;1;;;;;;;;;;;;;;
;3/2/21;U.S. Dept of State;https://www.state.gov/reports/2021-country-reports-on-human-rights-practices/burkina-faso;Afrika;Burkina Faso;BFA;Sahel;Djibo-Namssiguia road;13,97722;-1,67707;NB;NB;NB;TÖT;IED;IED auf der Straße;ZIV;PP;Krankenwagen;6;;;;;;;;;;;;;;
;3/2/21;ACLED;https://www.caboligado.com/reports/cabo-ligado-weekly-1-7-march-2021;Afrika;Mosambik;MOZ;Cabo Delgado;Palma, Namoto;-10,53840;40,39120;NB;REMO;REG;ZERS;BRA;;SK;MIL;Grenzposten;;;;;;;Grenzposten niedergebrannt;Keine Personenschäden angegeben;;;;;;;
;3/2/21;Actualite;https://actualite.cd/2021/03/03/rdc-une-semaine-apres-lattaque-de-kibumba-un-magistrat-militaire-tue-dans-une-embuscade;Afrika;DR Kongo;COD;Nord-Kivu;Nyiragongo, Katale;-1,33895;29,36832;NB;NB;NB;TÖT;FW;;SK;MIL;"Chef der Rutshuru Militärpolizei; Kommandant des 3409. Regiments";;;;1;1;;;;;;;;;;
;3/2/21;Crisis Group;https://www.crisisgroup.org/crisiswatch/database?location%5B%5D=27&crisis_state=&created=custom&from_month=1&from_year=2021&to_month=12&to_year=2021;Afrika;Niger;NER;Diffa;Maine-Soroa;13.21505;12.02810;NB;NB;NB;TÖT;FW;;SK;POL;Gendarmerie Posten ;;;;2;;;;IS oder Boko Horam hinter Anschlag vermutet;;;;;;;
;3/2/21;U.S. Dept. of State , Atalayar;https://www.state.gov/reports/country-reports-on-terrorism-2021/saudi-arabia#:~:text=Significant%20cross%2Dborder%20incidents%20in,caused%20damage%20to%20several%20buildings. , https://www.atalayar.com/en/articulo/politics/houthi-missile-injures-five-saudi-city-jizan/20210302131504150144.html;Naher & Mittlerer Osten ;Saudi-Arabien;SAU;Jazan;Jazan city;16.89256;42.57198;Houthi;REMO;TRANS;VERL;RAM;Drohnen-Angriff;ZIV;ÖP;Mehrere Gebäude;;5;;;;;;;;;;;;;
;3/2/21;NINA;https://www.ninanews.com/Website/News/Details?key=890998;Naher & Mittlerer Osten;Irak;IRQ;Babil;International Highway;32.59080;44.55300;NB;NB;NB;;IED;;SK;MIL;logistischer Konvoi der internationalen Koalition;;;;;;;;;;;;;;;
;3/3/21;SATP;https://www.satp.org/terrorist-activity/afghanistan-Mar-2021;Naher & Mittlerer Osten;Afghanistan;AFG;Nangarhar;Surkhrod ;34,4004;70,3418;NB;NB;NB;TÖT;FW;;ZIV;UNT;Fabrik;7;;;;;;;;;;;;;;
;3/3/21;SATP;https://www.satp.org/terrorist-activity/afghanistan-Mar-2021;Naher & Mittlerer Osten;Afghanistan;AFG;Kabul;Kabul city, D17;34,5216;69,1123;NB;NB;NB;TÖT;FW;;ZIV ;REL;cleric;1;;;;;;;;;;;;;;
;3/3/21;Zitamar News;https://www.zitamar.com/insurgents-attack-villages-in-nangade-and-kill-three-in-military-ambush/;Afrika;Mosambik;MOZ;Cabo Delgado;Nangade, Litingina;-11,22901;39,63265;NB;REMO;REG;TÖT;FW;;SK;MIL;;;;;3;;;;;;;;;;;
;3/3/21;Zitamar News;https://www.zitamar.com/insurgents-attack-villages-in-nangade-and-kill-three-in-military-ambush/;Afrika;Mosambik;MOZ;Cabo Delgado;Nangade, N'gangolo;-11,28368;39,61156;NB;REMO;REG;TÖT;FW;;ZIV;PP;;2;;;;;;;;;;;;;;
;3/3/21;Zitamar News;https://www.zitamar.com/insurgents-attack-villages-in-nangade-and-kill-three-in-military-ambush/;Afrika;Mosambik;MOZ;Cabo Delgado;Nangade, Samora Machel;-11,25030;39,72834;NB;REMO;REG;ZERS;FW;;ZIV;PP;;;;;;;;;Keine Personenschäden angegeben;;;;;;;
;3/3/21;NINA;https://www.ninanews.com/Website/News/Details?key=891231;Naher & Mittlerer Osten;Irak;IRQ;Diyala;Jalawla, Zour Al-Islah;34.40660;45.12460;ISIS;REMO;TRANS;VERL;FW;Scharfschütze;SK;MIL;;;;;;2;;;;;;;;;;
;3/3/21;NINA;https://www.ninanews.com/Website/News/Details?key=891164;Naher & Mittlerer Osten;Irak;IRQ;Baghdad;Palestine Street;33.34204;44.43871;NB;NB;NB;ZERS;HGR;;ZIV;PP;Wohnhaus;;;;;;;;;;;;;;;
;3/3/21;NINA;https://www.ninanews.com/Website/News/Details?key=891259;Naher & Mittlerer Osten;Irak;IRQ;Saladin;Tuz, Yeniga;34.85633;44.56738;NB;NB;NB;TÖT;IED;;SK;MLZ;PMF;;;;1;1;;;;;;;;;;
;3/3/21;NINA;https://www.ninanews.com/Website/News/Details?key=891263;Naher & Mittlerer Osten;Irak;IRQ;Qadisiyah;International Highway;31.95755;45.05939;NB;NB;NB;ZERS;IED;;SK;MIL;logistischer Konvoi der Internationalen Koalition;;;;;;;Fahrzeug beschädigt;;;;;;;;
;3/4/21;ACLED;https://acleddata.com/curated-data-files/#regional (Africa Dataset - KEN7650);Afrika;Kenia;KEN;Wajir;Wajir East, Qarsa;2,07819;40,74778;Al-Shabaab;REMO;TRANS;ZERS;FW;;SK;MIL;;;;;;;;;Keine Schäden bekannt;;;;;;;
;3/4/21;SATP;https://www.satp.org/terrorist-activity/india-Mar-2021;Südostasien;Indien;IND;West Singhbhum ;Hoyahatu;22.79957;85.55863;CPI-M;SOZ;NAT;TÖT;IED;;SK;POL;;;;;3;2;;;;;;;;;;
;3/4/21;SATP;https://www.satp.org/terrorist-activity/india-Mar-2021;Südostasien;Indien;IND;Dantewada;Pahurnar;19.10168;81.33845;CPI-M;SOZ;NAT;TÖT;IED;;SK;MIL;;;;;1;;;;;;;;;;;
;3/4/21;SATP ;https://www.satp.org/terrorist-activity/afghanistan-Mar-2021;Naher & Mittlerer Osten;Afghanistan;AFG;Nangarhar;Jalalabad, PD5;34,4248;70,4365;NB;NB;NB;TÖT;IED;;ZIV;PP;female doctor;1;;;;;;;;;;;;;;
;3/4/21;SATP;https://www.satp.org/terrorist-activity/afghanistan-Mar-2021;Naher & Mittlerer Osten;Afghanistan;AFG;Nangarhar;Jalalabad, PD3;34,4347;70,4381;NB;NB;NB;VERL;IED;MIED;ZIV;PP;;;2;;;;;;;;;;;;;
;3/4/21;ACLED;https://www.caboligado.com/reports/cabo-ligado-weekly-1-7-march-2021;Afrika;Mosambik;MOZ;Cabo Delgado;Nangade, 3 de Fevereiro;-11,07073;39,75297;NB;REMO;REG;ZERS;BRA;;ZIV;PP;;;;;;;;Häuser niedergebrannt;Keine Personenschäden angegeben;;;;;;;
;3/4/21;ACLED;https://www.caboligado.com/reports/cabo-ligado-weekly-1-7-march-2021;Afrika;Mosambik;MOZ;Cabo Delgado;Nangade, Samora Machel;-11,25030;39,72834;NB;REMO;REG;ZERS;FW;;ZIV;PP;;;;;;;;;Keine Personenschäden angegeben;;;;;;;
;3/4/21;Club of Mozambique;https://clubofmozambique.com/news/driver-injured-in-attack-on-coal-train-on-sena-line-central-mozambique-185900/;Afrika;Mosambik;MOZ;Sofala;Cheringoma, Cundue-Mazamba railway;-18,62850;34,88450;NB;NB;NB;VERL;FW;;ZIV;TI;Zug;;1;;;;;;;;;;;;;
;3/4/21;Crisis Group;https://www.crisisgroup.org/crisiswatch/database?location_region%5B0%5D=1&location%5B0%5D=26&crisis_state=&created=custom&from_month=1&from_year=2021&to_month=12&to_year=2021&page=0;Afrika;Mali;MLI;Mopti;Koro, Dinangourou;14.45093;-2.24497;JNIM;REMO;TRANS;TÖT;FW;;SK;MIL;Militör Stützpunkt;;;;1;;;;;;;;;;;
;3/4/21;Radio Okapi;https://www.radiookapi.net/2021/03/05/actualite/securite/nord-kivu-1-militaire-tue-et-4-civils-blesses-lors-dune-incursion-des;Afrika;DR Kongo;COD;Nord-Kivu;Lubero, Makumo;-0,19946;28,90240;Mai-Mai;SEP;REG;VERL;SON;;ZIV;PP;Dorf;;4;;;;;;;;;;;;;
;3/4/21;Daily Sabah;https://www.dailysabah.com/politics/war-on-terror/ypg-terrorists-injure-3-civilians-in-syrias-afrin;Naher & Mittlerer Osten ;Syrien;SYR;Aleppo;Afrin, Maryamayn;36.52890;36.94855;YPG;SEP;REG;VERL;RAM;Rakete;ZIV;PP;;;3;;;;;;;;;;;;;
;3/4/21;NINA;https://www.ninanews.com/Website/News/Details?key=891483;Naher & Mittlerer Osten;Irak;IRQ;Diyala;Jalawla, Zour Sheikh Baba;34.29300;45.03810;NB;NB;NB;VERL;IED;;SK;MIL;;;;;;2;;;;;;;;;;
;3/5/21;UNOCHA;https://reliefweb.int/report/cameroon/cameroon-situation-report-24-may-2021;Afrika;Kamerun;CMR;Sud-Ouest;Fako, Batoke;4,02833;9,09972;Amba Boys;SEP;REG;ENTF;FW;;ZIV;EDU;Schüler;;;1;;;;;Unbeschadet gefunden;;;;;;;
;3/5/21;SATP;https://www.satp.org/terrorist-activity/india-Mar-2021;Südostasien;Indien;IND;Visakhapatnam ;Kothapalem;16.57840;79.87518;CPI-M;SOZ;NAT;TÖT;SON;Zu Tode gehackt;ZIV ;PP;alleged police informer, former CPI member;1;;;;;;;;;;;;;;
;3/5/21;SATP;https://www.satp.org/terrorist-activity/afghanistan-Mar-2021;Naher & Mittlerer Osten;Afghanistan;AFG;Parwan;Jabal Saraj, Kabul-Parwan road;35,0567;69,1908;NB;NB;NB;VERL;IED;;SK;POL;;;;;;3;;;;;;;;;;
;3/5/21;SATP;https://www.satp.org/terrorist-activity/india-Mar-2021;Südostasien;Indien;IND;Jammu and Kashmir ;Srinagar, Fateh Kadal;34.08519;74.80834;NB;NB;NB;ZERS;HGR;;SK;POL;;;;;;;;;Keine Personenschäden;;;;;;;
;3/5/21;SATP;https://www.satp.org/terrorist-activity/india-Mar-2021;Südostasien;Indien;IND;Jammu and Kashmir ;Pulwama, Dangerpora;33.80716;74.83000;NB;NB;NB;ZERS;IED;;ZIV ;PP;;;;;;;;;Keine Personenschäden;;;;;;;
;3/5/21;SATP;https://satp.org/terrorist-activity/pakistan-Mar-2021;Naher & Mittlerer Osten;Pakistan;PAK;Balochistan;Sibi;29,553206;67,880824;NB;NB;NB;TÖT;IED;Bombe am Straßenrand;ZIV;UNT;Punjabische Arbeiter;5;3;;;2;;;;;;;;;;
;3/5/21;SATP;https://www.satp.org/terrorist-activity/afghanistan-Mar-2021;Naher & Mittlerer Osten;Afghanistan;AFG;Balkh;Chimtal, Lab-e-Nahr;36,512;67,0357;Taliban;REMO;NAT;TÖT;FW;;SK;MIL;;;;;7;4;;;;;;;;;;
;3/5/21;Greenpeace magazin;https://www.greenpeace-magazin.de/ticker/mutmassliche-terroristen-greifen-gefaengnis-somalia , https://www.hiiraan.com/news/2021/May/wararka_maanta25-177675.htm?utm_source=hiiraan&utm_medium=WararkaMaantaFront;Afrika;Somalia;SOM;Bari;Bosaso;11.26760;49.18720;Al-Shabaab;REMO;NAT;TÖT;IED;Zunächst Explosion, dann Schüsse;SK;POL;Gefängnis um Insassen zu befreien;;;;9;2;;;;;;;;;;
;3/5/21;ORF , Horn Observer;https://orf.at/stories/3204159/ , https://hornobserver.com/articles/737/Suicide-bomber-kills-10-wounds-30-in-a-restaurant-attack-in-Somalias-Capital-Police;Afrika;Somalia;SOM;Mogadishu;Hamarweyne, Luul Yemeni Restaurant;2.01100;45.33500;Al-Shabaab;REMO;NAT;TÖT;IED;;ZIV;GOV;Populäres Restaurant, das von Regierungsmitarbeitern, Sicherheitspersonal und der städtischen Bevölkerung häufig genutzt wird;21;36;;;;;Gebäude in der Nähe eingestürzt;;;;;;;;
;3/6/21;UNOCHA;https://reliefweb.int/report/cameroon/cameroon-situation-report-24-may-2021;Afrika;Kamerun;CMR;Nord-Ouest;Mezam, Bamenda, Nkwen, Mile 4;5,98451;10,19191;Amba Boys;SEP;REG;ENTF;FW;;ZIV;EDU;Lehrer und Schüler;;;3;;;;;Schüler freigelassen, Situation der Lehrer ungewiss;;;;;;;
;3/6/21;Vanguard Nigeria;https://www.vanguardngr.com/2021/03/boko-haram-kills-security-personnel-two-civilians-in-borno/;Afrika;Nigeria;NGA;Borno;Askira Uba, Rumirgo;10.60468;13.03060;Boko Haram;REMO;TRANS;TÖT;FW;;ZIV;PP;Siedlung;2;1;;1;;;;;;;;;;;
;3/6/21;SATP;https://satp.org/terrorist-activity/pakistan-Mar-2021;Naher & Mittlerer Osten;Pakistan;PAK;Gwadar;Jiwani;25,053751;61,770729;Balochistan Liberation Army ;SEP;REG;TÖT;FW;Überfall auf Fahrzeug;SK;MIL;Marinepersonal;;;;2;1;;;;;;;;;;
;3/6/21;SATP;https://www.satp.org/terrorist-activity/afghanistan-Mar-2021;Naher & Mittlerer Osten;Afghanistan;AFG;Helmand;Lashkar Gah, Police Headquarters;31,5974;64,3727;NB;NB;NB;TÖT;IED;Autobombe;SK;POL;head of National Prosecutor's Office;;;;3;;;;;;;;;;;
;3/6/21;SATP;https://www.satp.org/terrorist-activity/afghanistan-Mar-2021;Naher & Mittlerer Osten;Afghanistan;AFG;Balkh;Nahr-e-Shahi;36,6715;67,0168;Taliban;REMO;NAT;TÖT;FW;;SK;POL;;;;;8;6;;;;;;;;;;
;3/6/21;Hiiraan Online;https://www.hiiraan.com/news4/2021/Mar/181888/soldier_civilian_dead_4_hurt_in_somalia_suicide_blast.aspx?utm_source=hiiraan&utm_medium=SomaliNewsUpdateFront;Afrika;Somalia;SOM;Bakool;Wajid;3.80925;43.24708;Al-Shabaab;REMO;NAT;TÖT;IED;Selbstmordanschlag;SK;MIL;Restaurant;1;2;;1;2;;;;;;;;;;
;3/7/21;Actualite;https://actualite.cd/2021/03/08/ituri-une-nouvelle-attaque-des-combattants-adf-fait-des-morts-irumu;Afrika;DR Kongo;COD;Ituri;Irumu, Ndimo;1,11646;29,62824;ISCAP;REMO;TRANS;TÖT;FW;;ZIV;ÖP;Markt;3;;8;;;;;Unter Opfern auch explizit 2 Pygmäen;;;;;;;
;3/7/21;SATP;https://www.satp.org/terrorist-activity/afghanistan-Mar-2021;Naher & Mittlerer Osten;Afghanistan;AFG;Helmand;Lashkargah, PD1;31,5974;64,3727;NB;NB;NB;TÖT;FW;;SK;POL;policewoman's husband killed ;1;;;;1;;;;;;;;;;
;3/7/21;SATP;https://www.satp.org/terrorist-activity/afghanistan-Mar-2021;Naher & Mittlerer Osten;Afghanistan;AFG;Kandahar;Kandahar city, Shaheed Khakriz School;31,61655;65,7471;NB;NB;NB;TÖT;IED;;ZIV;EDU;;;;;1;;;;;;;;;;;
;3/7/21;SATP;https://www.satp.org/terrorist-activity/afghanistan-Mar-2021;Naher & Mittlerer Osten;Afghanistan;AFG;Kabul;Kabul city, D19;34,5542;69,214;NB;NB;NB;TÖT;IED;;ZIV;PP;;1;4;;;;;;;;;;;;;
;3/7/21;Carta de Mocambique;https://www.cartamz.com/~cartamzc/index.php/sociedade/item/7431-terroristas-forcam-alfandegas-a-abandonar-seu-posto-em-nangade;Afrika;Mosambik;MOZ;Cabo Delgado;Nangade, Nonje;-10,95320;39,67580;NB;REMO;REG;VERL;FW;;SK;POL;Zoll;;;;;3;;;"""(…) some of the agents required first aid (…).""";;;;;;;
;3/7/21;ACLED;https://www.caboligado.com/reports/cabo-ligado-weekly-8-14-march-2021;Afrika;Mosambik;MOZ;Cabo Delgado;Nangade, Chacamba;-11,00125;39,78016;NB;REMO;REG;ZERS;FW;;ZIV;PP;;;;;;;;;Keine Personenschäden angegeben;;;;;;;
;3/7/21;ACLED;https://www.caboligado.com/reports/cabo-ligado-weekly-8-14-march-2021;Afrika;Mosambik;MOZ;Cabo Delgado;Nangade, Namuembe;-11,34501;39,70641;NB;REMO;REG;ZERS;BRA;;ZIV;PP;;;;;;;;Hääuser niedergebrannt;Keine Personenschäden angegeben;;;;;;;
;3/7/21;SATP;https://satp.org/terrorist-activity/pakistan-Mar-2021;Naher & Mittlerer Osten;Pakistan;PAK;Islamabad;G-13;33,651719;72,966747;NB;NB;NB;TÖT;FW;;SK;POL;Hauptmann getötet, Polizist und Kommissar verletzt;;;;1;2;;;;;;;;;;
;3/7/21;SATP;https://satp.org/terrorist-activity/pakistan-Mar-2021;Naher & Mittlerer Osten;Pakistan;PAK;Ghotki;Ubauro;28,152425;69,73465;NB;NB;NB;VERL;IED;Bombe vor Büro;SK;POL;Stellvertretenden Polizeikommissars;;4;;;;;;4 Kinder verletzt;;;;;;;
;3/7/21;SATP;https://satp.org/terrorist-activity/pakistan-Mar-2021;Naher & Mittlerer Osten;Pakistan;PAK;Rawalpindi;Jhelum Road;33,691993;73,054341;NB;NB;NB;TÖT;FW;;SK;POL;Fahrzeug von Racecourse Station House Officer;;;;1;;;;;;;;;;;
;3/7/21;SATP;https://www.satp.org/terrorist-activity/afghanistan-Mar-2021;Naher & Mittlerer Osten;Afghanistan;AFG;Daikundi;Pato;33,6;66,0661;Taliban;REMO;NAT;TÖT;FW;;SK;POL;;;;;4;2;;;;;;;;;;
;3/7/21;Hiiraan Online;https://www.hiiraan.com/news4/2021/Mar/181894/three_soldiers_killed_in_landmine_attack_in_southwestern_somalia.aspx?utm_source=hiiraan&utm_medium=SomaliNewsUpdateFront;Afrika;Somalia;SOM;Bakool;Wajid;3.80925;43.24708;Al-Shabaab;REMO;NAT;TÖT;IED;Landmine;SK;MIL;Militärfahrzeug;;;;3;6;;;;;;;;;;
;3/7/21;Daily Sabah;https://www.dailysabah.com/politics/1-civilian-injured-in-ypg-attack-in-syrias-al-bab/news;Naher & Mittlerer Osten ;Syrien;SYR;Aleppo;Al-Bab, Hazvan/Susyan;36.42070;37.42493;YPG;SEP;REG;VERL;RAM;Mörser;ZIV;PP;;1;;;;;;;Koordinaten geben Mitte der beiden betroffenen Orte an;;;;;;;
;3/7/21;NINA;https://www.ninanews.com/Website/News/Details?key=892238;Naher & Mittlerer Osten;Irak;IRQ;Baghdad;Tarmia;33.66653;44.37937;NB;NB;NB;TÖT;FW;Scharfschütze;SK;MIL;;;;;1;;;;;;;;;;;
;3/8/21;Radio Okapi;https://www.radiookapi.net/2021/03/09/actualite/securite/ituri-8-morts-dans-lincursion-des-adf-apende;Afrika;DR Kongo;COD;Ituri;Irumu, Appende;1,10728;29,61777;ISCAP;REMO;TRANS;TÖT;FW;Als Polizisten ausgegeben;ZIV;PP;Dorf;8;;;;;;10 Häuser in Brand gesetzt;;;;;;;;
;3/8/21;Actualite;https://actualite.cd/2021/03/11/rdc-beni-nouvelle-decouverte-macabre-des-corps-sans-vie-halungupa;Afrika;DR Kongo;COD;Nord-Kivu;Beni, Halungupa, Kukuranzu;0,44310;29,63920;ISCAP;REMO;TRANS;TÖT;FW;;ZIV;PP;;2;;;;;;;1 Person geköpft;;;;;;;
;3/8/21;SATP;https://www.satp.org/terrorist-activity/afghanistan-Mar-2021;Naher & Mittlerer Osten;Afghanistan;AFG;Ghazni;Dehyak, Tasang;33,462;68,7734;NB;NB;NB;TÖT;IED;;SK;POL;Police Chief;;;;1;;;;;;;;;;;
;3/8/21;SATP;https://www.satp.org/terrorist-activity/afghanistan-Mar-2021;Naher & Mittlerer Osten;Afghanistan;AFG;Kabul;Kabul city, D5;34,0554;69,1248;NB;NB;NB;TÖT ;FW;;ZIV;GOV;Prosecutor;;;;1;;;;;;;;;;;
;3/8/21;Radio Okapi;https://www.radiookapi.net/2021/03/11/actualite/securite/kongolo-4-morts-dans-une-attaque-de-mai-mai-malaika;Afrika;DR Kongo;COD;Tanganyika;Kongolo, Kasange;-5,14187;27,59856;Mai-Mai;SEP;REG;TÖT;FW;;SK;MIL;;;;;4;7;;;;;;;;;;
;3/8/21;NINA;https://www.ninanews.com/Website/News/Details?key=892329;Naher & Mittlerer Osten;Irak;IRQ;Kirkuk;Hawija, Riyad;35.27337;43.91716;NB;NB;NB;VERL;IED;;SK;POL;;;;;;7;;;;;;;;;;
;3/8/21;NINA;https://www.ninanews.com/Website/News/Details?key=892538 , https://www.ninanews.com/Website/News/Details?key=892542;Naher & Mittlerer Osten;Irak;IRQ;Baghdad;Adhamiya, Imams Bridge;33.37444;44.35853;NB;NB;NB;VERL;HGR;;ZIV;PP;;;8;;;;;;;;;;;;;
;3/9/21;The Star;https://www.the-star.co.ke/counties/north-eastern/2021-03-11-police-repulse-al-shabaab-attempt-to-attack-mandera-camp/;Afrika;Kenia;KEN;Mandera;Kutulo, El-Ram;2,33370;40,89040;Al-Shabaab;REMO;TRANS;ZERS;FW;;SK;POL;;;;;;;;Keine Schäden angegeben;Keine Personenschäden bekannt;;;;;;;
;3/9/21;SATP;https://satp.org/terrorist-activity/pakistan-Mar-2021;Naher & Mittlerer Osten;Pakistan;PAK;Karachi;Lyari, Sindh Solid Waste Management Board;24,814516;67,018246;NB;NB;NB;VERL;FW;Drive-by von einem Motorrad;ZIV;GOV;Müllabfuhr;;2;;;;;;;;;;;;;
;3/9/21;SATP;https://satp.org/terrorist-activity/pakistan-Mar-2021;Naher & Mittlerer Osten;Pakistan;PAK;North Waziristan;Darpa Khel;32,990219;70,051803;NB;NB;NB;VERL;IED;Landmine;ZIV;PP;Hirte;;1;;;;;;;;;;;;;
;3/9/21;Crisis24;https://crisis24.garda.com/alerts/2021/03/syria-suspected-car-bomb-explosion-near-ras-al-ayn-injures-five-people-march-9;Naher & Mittlerer Osten ;Syrien;SYR;Al-Hasakah;Ras al-Ayn city;36.84959;40.07399;NB;NB;NB;VERL;IED;Autobombe;SK;MLZ;Checkpoint der Syrian National Army;;;;;5;;;;;;;;;;
;3/9/21;Actualite;https://actualite.cd/2021/03/10/sud-kivu-apres-une-attaque-des-miliciens-les-soldats-accuses-de-se-rabattre-sur-la;Afrika;DR Kongo;COD;Sud-Kivu;Fizi, Alelenge;-4,62756;29,11042;NB;NB;NB;TÖT;FW;;SK;MIL;;;;;2;;;;;;;;;;;
;3/9/21;Horn Observer;https://hornobserver.com/articles/745/UN-Envoy-to-Somalia-Condemns-the-Mortar-Attack-on-the-Aden-Adde-International-Airport-Area;Afrika;Somalia;SOM;Mogadishu;Aden Adde International Airport;2.01416;45.30406;Al-Shabaab;REMO;NAT;VERL;RAM;Mörser;SK;MIL;African Union Friedenstruppen;;;;;2;;;;;;;;;;
;3/9/21;Crisis Group;https://www.crisisgroup.org/crisiswatch/database?location%5B%5D=27&crisis_state=&created=custom&from_month=1&from_year=2021&to_month=12&to_year=2021;Afrika;Niger;NER;Tillaberi;Ouallam, Dinara;15.03721;2.62890;ISGS;REMO;TRANS;TÖT;FW;;ZIV;PP;Dorf;8;;;;;;;;;;;;;;
;3/10/21;Radio Okapi , Actualite;https://www.radiookapi.net/2021/03/11/actualite/securite/beni-3-personnes-tuees-par-les-adf-matombo , https://actualite.cd/2021/03/11/beni-peine-designes-daesh-rdc-les-combattants-adf-tuent-3-personnes-dans-une-attaque;Afrika;DR Kongo;COD;Nord-Kivu;Beni, Matombo;0,71419;29,53571;ISCAP;REMO;TRANS;TÖT;SON;;ZIV;PP;Dorf;3;;;;;;;Opfer erst entführt und für Wegführung missbraucht;;;;;;;
;3/10/21;SATP;https://www.satp.org/terrorist-activity/afghanistan-Mar-2021;Naher & Mittlerer Osten;Afghanistan;AFG;Kandahar;Kandahar city, PD9;31,6262;65,7392;NB;NB;NB;TÖT;FW;;SK;POL;commander;;;;1;;;;;;;;;;;
;3/10/21;SATP;https://www.satp.org/terrorist-activity/afghanistan-Mar-2021;Naher & Mittlerer Osten;Afghanistan;AFG;Kabul;Kabul city, PD10;34,5492;69,1866;NB;NB;NB;VERL;FW;;ZIV;GOV;Iranian embassy;;1;;;;;;;;;;;;;
;3/10/21;SATP;https://www.satp.org/terrorist-activity/afghanistan-Mar-2021;Naher & Mittlerer Osten;Afghanistan;AFG;Nangarhar;Jalalabad, PD8;34,4283;70,4578;NB;NB;NB;VERL;IED;;SK ;MIL;;;;;;2;;;;;;;;;;
;3/10/21;Hiiraan Online;https://www.hiiraan.com/news4/2021/Mar/181935/somalia_1_dead_as_bomb_targets_covid_19_awareness_team.aspx?utm_source=hiiraan&utm_medium=SomaliNewsUpdateFront , https://www.hiiraan.com/news4/2021/Mar/181930/one_killed_three_injured_in_grenade_attack_targeting_covid_19_campaigners_in_mogadishu.aspx?utm_source=hiiraan&utm_medium=SomaliNewsUpdateFront;Afrika;Somalia;SOM;Mogadishu;Kaaraan, Doob-doore;2.06090;45.39240;NB;NB;NB;TÖT;IED;Landmine;ZIV;NGO;Covid-19 Aufklärungsteam;1;;;;3;;;;;;;;;;
;3/10/21;Crisis Group;https://www.crisisgroup.org/crisiswatch/database?location%5B%5D=27&crisis_state=&created=custom&from_month=1&from_year=2021&to_month=12&to_year=2021;Afrika;Niger;NER;Tillaberi;Ouallam, Kaourakeri;10.60455;13.03051;ISGS;REMO;TRANS;TÖT;FW;;ZIV;PP;Dorf;6;;;;;;;;;;;;;;
;3/10/21;SATP;https://www.satp.org/terrorist-activity/india-Mar-2021;Südostasien;Indien;IND;Imphal West;Imphal;24.82000;93.95000;People's Revolutionary Party of Kangleipak;SEP;REG;VERL;HGR;;SK;MLZ;;;;;;1;;;;;;;;;;
;3/11/21;SATP;https://www.satp.org/terrorist-activity/afghanistan-Mar-2021;Naher & Mittlerer Osten;Afghanistan;AFG;Paktia;Gardez;33,5995;69,229;NB;NB;NB;TÖT;FW;;ZIV;GOV;Prosecutor;1;;;;;;;;;;;;;;
;3/11/21;SATP;https://satp.org/terrorist-activity/pakistan-Mar-2021;Naher & Mittlerer Osten;Pakistan;PAK;Rawalpindi;Railway Carriage Factory;33,630531;73,017971;NB;NB;NB;TÖT;FW;Drive-by von einem Motorrad;SK;POL;Verkehrspolizist;;;;1;;;;;;;;;;;
;3/11/21;SATP;https://www.satp.org/terrorist-activity/afghanistan-Mar-2021;Naher & Mittlerer Osten;Afghanistan;AFG;Ghor;Firozkoh, Paikamar;34,1804;64,8863;Taliban;REMO;NAT;TÖT;FW;;SK;MLZ;Leader of a Public Uprising Unit ;1;;;1;;;;;;;;;;;
;3/11/21;Crisis Group , Mehr News Agency;https://www.crisisgroup.org/crisiswatch/database?location%5B0%5D=28&crisis_state=&created=custom&from_month=1&from_year=2021&to_month=12&to_year=2021&page=0 , https://en.mehrnews.com/news/171068/19-Nigerian-military-forces-killed-in-Boko-Haram-attack;Afrika;Nigeria;NGA;Borno;Gudumbali;12.94363;13.17703;ISWAP;REMO;TRANS;TÖT;FW;Hinterhalt;SK;MIL;Militärkonvoi, Multinational Task Force;;;;19;4;;;"""(…) several soldiers were also injured in the attack.""";;;;;;;
;3/11/21;SATP;https://www.satp.org/terrorist-activity/india-Mar-2021;Südostasien;Indien;IND;Latehar;Bareini More ;23.74632;84.50911;Jharkhand Jan Mukti Parishad ;SOZ;REG;TÖT;FW;;ZIV;UNT;;1;;;;;;;;;;;;;;
;3/11/21;NINA;https://www.ninanews.com/Website/News/Details?key=892902;Naher & Mittlerer Osten;Irak;IRQ;Diyala;Miqdadiyah, Abi Sayda, Qaryat az Zuhayrat;33.95002;44.79465;NB;NB;NB;VERL;HGR;;ZIV;PP;;;1;;;;;;;;;;;;;
;3/12/21;Al-Masdar Online;https://almasdaronline.com/articles/218179;Naher & Mittlerer Osten;Jemen;YEM;Abyan;Mudiyah;13.90374;46.25002;Al-Qaeda - Arabian Peninsula;REMO;TRANS;TÖT;FW;;SK;MLZ;Security Belt Forces;;;;1;;;;;;;;;;;
;3/12/21;SATP;https://www.satp.org/terrorist-activity/afghanistan-Mar-2021;Naher & Mittlerer Osten;Afghanistan;AFG;Kandahar;Dand;31,5962;65,8027;NB;NB;NB;TÖT;IED;;SK;POL;;1;;;;2;;;;;;;;;;
;3/12/21;SATP;https://www.satp.org/terrorist-activity/afghanistan-Mar-2021;Naher & Mittlerer Osten;Afghanistan;AFG;Herat;Herat city, D14;34,3485;62,2036;NB;NB;NB;TÖT;IED;;ZIV;ÖP;;7;60;;1;;;;;;;;;;;
;3/12/21;SATP;https://www.satp.org/terrorist-activity/afghanistan-Mar-2021;Naher & Mittlerer Osten;Afghanistan;AFG;Kapisa;Mahmud-Raqi, PD1, Qala-e-Sayed Khan;34,956;69,6565;NB;NB;NB;TÖT;FW;;SK;POL;Commander Criminal Investigation Department (CID) of the province;;;;1;;;;;;;;;;;
;3/12/21;SATP;https://www.satp.org/terrorist-activity/afghanistan-Mar-2021;Naher & Mittlerer Osten;Afghanistan;AFG;Ghor;Asheqan;34,1804;64,8863;NB;NB;NB;TÖT;IED;;ZIV;GOV;Governor ;1;;;;;;;;;;;;;;
;3/12/21;Actualite;https://actualite.cd/2021/03/23/rdc-maniema-quatre-personnes-tuees-et-des-villages-incendies-dans-une-attaque-bangu;Afrika;DR Kongo;COD;Maniema;Kabambare, Bangu-bangu Bahombo, Kalonda/Penelwanga/Benga/Mandevu/Magogo/Nkasamu;-4,64298;27,10974;Mai-Mai;Sep;REG;TÖT;BRA;;ZIV;PP;;4;;;;;;6 Dörfer niedergebrannt;;;;;;;;
;3/12/21;NINA;https://www.ninanews.com/Website/News/Details?key=893059;Naher & Mittlerer Osten;Irak;IRQ;Diyala;Miqdadiyah, Khaylaniyah;33.99813;44.89542;ISIS;REMO;TRANS;TÖT;FW;Scharfschütze;SK;MIL;;;;;1;;;;;;;;;;;
;3/12/21;NINA;https://www.ninanews.com/Website/News/Details?key=893083 , https://www.ninanews.com/Website/News/Details?key=893135;Naher & Mittlerer Osten;Irak;IRQ;Saladin;Al-Alam, Tikrit, Aljoubor;34.68277;43.69074;ISIS;REMO;TRANS;TÖT;FW;;ZIV;PP;Eine Familie;6;;;;;;;;;;;;;;
;3/12/21;NINA;https://www.ninanews.com/Website/News/Details?key=893112;Naher & Mittlerer Osten;Irak;IRQ;Diyala;Baqubah, Bani Saad;33.68040;44.50180;NB;NB;NB;ZERS;FW;;ZIV;GOV;Staatsanwalt;;;;;;;;Kein Personenschaden;;;;;;;
;3/13/21;HumAngle , Actualite;https://humanglemedia.com/allied-democratic-forces-rebels-kill-5-in-dr-congo/ , https://actualite.cd/2021/03/14/rdc-adf-trois-personnes-tuees-coups-de-machette-dans-un-hopital-pres-de-mamove-et-de , https://actualite.cd/2021/03/14/rdc-beni-le-bilan-de-lattaque-de-kalalangwe-revu-la-hausse;Afrika;DR Kongo;COD;Nord-Kivu;Beni, Kalalangwe;0,79527;29,46660;ISCAP;REMO;TRANS;TÖT;FW;;ZIV;KI;3/8 Opfern Patienten eines Krankenhauses;8;;;;;;;;;;;;;;
;3/13/21;Radio Okapi;https://www.radiookapi.net/2021/03/14/actualite/securite/ituri-les-adf-prennent-en-otage-plusieurs-personnes-mutweyi;Afrika;DR Kongo;COD;Ituri;Irumu, Mutweyi;1,17715;30,01091;ISCAP;REMO;TRANS;ENTF;FW;;ZIV;PP;;;;20;;;;;"""(…) indicates that some hostages have escaped.""";;;;;;;
;3/13/21;Actualite;https://actualite.cd/2021/03/14/rdc-beni-nouvelle-decouverte-macabre-dun-corps-ruwenzori;Afrika;DR Kongo;COD;Nord-Kivu;Beni, Ruwenzori, Muntobo;0,43900;29,69180;ISCAP;REMO;TRANS;TÖT;SON;;ZIV;PP;;1;;;;;;;Opfer geköpft;;;;;;;
;3/13/21;RND;https://www.rnd.de/politik/afghanistan-acht-tote-und-54-verletzte-bei-bombenanschlag-PCLSDIWUEQZCQWK2XAI6C4WAYU.html;Naher & Mittlerer Osten;Afghanistan;AFG;Herat;Nähe Polizeigebäude;34.3373;62.1922;NB;NB;NB;TÖT;IED;;SK;POL;;8;54;;;;;mind. 14 Häuser beschädigt;Opfer fast ausschließlich zivil. Anzahlen wurden nicht nach ZIV oder SK unterschieden;;;;;;;
;3/13/21;SATP;https://www.satp.org/terrorist-activity/india-Mar-2021;Südostasien;Indien;IND;Baramulla;Sopore;34.28676;74.46240;NB;NB;NB;VERL;HGR;;SK;POL;;;;;;2;;;;;;;;;;
;3/13/21;SATP;https://www.satp.org/terrorist-activity/afghanistan-Mar-2021;Naher & Mittlerer Osten;Afghanistan;AFG;Zabul;Qalat, Norq;32,107;66,9068;Taliban;REMO;NAT;TÖT;RAM;Mörser;ZIV;PP;;3;3;;;;;;;;;;;;;
;3/13/21;SATP;https://www.satp.org/terrorist-activity/afghanistan-Mar-2021;Naher & Mittlerer Osten;Afghanistan;AFG;Urozgan;Trinkot-Kandahar highway;32,559;65,8691;Taliban;REMO;NAT;TÖT;IED;;ZIV;PP;;3;4;;;;;;;;;;;;;
;3/13/21;Hiiraan Online;https://www.hiiraan.com/news4/2021/Mar/181972/somali_1_killed_in_bomb_attack_on_military_officer.aspx?utm_source=hiiraan&utm_medium=SomaliNewsUpdateFront;Afrika;Somalia;SOM;Mogadishu;Waberi, General Kahiye Police Academy;2.02443;45.32497;NB;NB;NB;TÖT;IED;;SK;MIL;Militärfahrzeug;;;;1;4;;;"""(…) and several people wounded (…).""";;;;;;;
;3/13/21;NINA;https://www.ninanews.com/Website/News/Details?key=893254;Naher & Mittlerer Osten;Irak;IRQ;Nineveh;Mosul, Qayyarah, Muhanna ;35.83215;43.30021;NB;NB;NB;VERL;IED;;ZIV;PP;;;2;;;;;;;;;;;;;
;3/14/21;Al Jazeera;https://www.aljazeera.com/news/2021/3/15/at-least-a-dozen-killed-in-easter-dr-congo-attack;Afrika;DR Kongo;COD;Nord-Kivu;Beni, Bulongo;0,33243;29,67639;ISCAP;REMO;TRANS;TÖT;SON;;ZIV;PP;;15;;;;;;;;;;;;;;
;3/14/21;SATP;https://www.satp.org/terrorist-activity/afghanistan-Mar-2021;Naher & Mittlerer Osten;Afghanistan;AFG;Kabul;Kabul city, D3, Pul-e-Sokhta;34,5449;69,1433;NB;NB;NB;TÖT;IED;;ZIV;TI;;1;5;;;;;;;;;;;;;
;3/14/21;SATP;https://www.satp.org/terrorist-activity/afghanistan-Mar-2021;Naher & Mittlerer Osten;Afghanistan;AFG;Kabul;Kabul city, D6, Sar-e-Karez;34,4894;69,1344;NB;NB;NB;TÖT;IED;;ZIV;TI;;2;7;;;;;;;;;;;;;
;3/14/21;SATP;https://www.satp.org/terrorist-activity/afghanistan-Mar-2021;Naher & Mittlerer Osten;Afghanistan;AFG;Ghazni;Ghazni city, PD2, Qala-e-Qadam;33,5476;68,4234;NB;NB;NB;TÖT;FW;;ZIV;GOV;court;1;;;;;;;;;;;;;;
;3/14/21;SATP;https://www.satp.org/terrorist-activity/afghanistan-Mar-2021;Naher & Mittlerer Osten;Afghanistan;AFG;Nangarhar;Jalalabad, D1;34,435;70,4593;NB;NB;NB;TÖT;FW;;ZIV;KI;;;;;1;;;;;;;;;;;
;3/14/21;Crisis Group;https://www.crisisgroup.org/crisiswatch/database?location%5B0%5D=28&crisis_state=&created=custom&from_month=1&from_year=2021&to_month=12&to_year=2021&page=0;Afrika;Nigeria;NGA;Borno;Mobbar, Damasak;13.10405;12.51033;ISWAP;REMO;TRANS;TÖT;FW;;SK;MIL;Armee Supercamp;;;;12;;;;;;;;;;;
;3/14/21;Daily Sabah;https://www.dailysabah.com/politics/war-on-terror/2-civilians-killed-in-ypgpkk-terror-attack-in-syrias-jarablus;Naher & Mittlerer Osten ;Syrien;SYR;Aleppo;Jarabulus city;36.81820;38.00986;YPG;SEP;REG;TÖT;RAM;Mörser;ZIV;PP;;2;1;;;;;;;;;;;;;
;3/14/21;NINA;https://www.ninanews.com/Website/News/Details?key=893334;Naher & Mittlerer Osten;Irak;IRQ;Nineveh;Al-Baay, Mount Sinjar, Dukji;36.34887;41.30224;NB;NB;NB;TÖT;FW;;SK;MIL;Grenzschutz;;;;1;;;;;;;;;;;
;3/15/21;Radio Okapi;https://www.radiookapi.net/2021/03/16/actualite/securite/djugu-3-personnes-tuees-et-13-autres-blessees-par-les-miliciens-de-la , https://www.radiookapi.net/2021/03/18/actualite/securite/ituri-le-bilan-de-lattaque-de-codeco-mambisa-passe-de-8-16-morts;Afrika;DR Kongo;COD;Ituri;Djugu, Garua;1,97775;30,32547;CODECO;SEP;REG;TÖT;FW;;ZIV;PP;;14;30;;2;10;;;Identität der Verletzten unklar;;;;;;;
;3/15/21;SATP;https://satp.org/terrorist-activity/pakistan-Mar-2021;Naher & Mittlerer Osten;Pakistan;PAK;Karachi;Orangi;24,951729;67,002271;Balochistan Liberation Army ;SEP;REG;TÖT;IED;Bombe an am Straßenrand stehenden Motorrad;SK;MLZ;Ranger;;8;;1;2;;;;;;;;;;
;3/15/21;SATP;https://www.satp.org/terrorist-activity/afghanistan-Mar-2021;Naher & Mittlerer Osten;Afghanistan;AFG;Kabul;Kabul city, Dahan-e-Bagh;34,5335;69,1501;NB;NB;NB;TÖT;IED;;ZIV;GOV;;3;;;;;;;;;;;;;;
;3/15/21;SATP;https://www.satp.org/terrorist-activity/afghanistan-Mar-2021;Naher & Mittlerer Osten;Afghanistan;AFG;Zabul;Qalat city, Chowk;32,107;66,9068;Taliban;REMO;NAT;TÖT;IED;;ZIV ;GOV;;1;;;;;;;;;;;;;;
;3/15/21;Al Jazeera , The Defense Post;https://www.aljazeera.com/news/2021/3/17/at-least-33-killed-in-northern-mali-attack , https://thedefensepost.com/2021/03/22/is-claims-mali-army-attack/;Afrika;Mali;MLI;Gao;Ansongo, Tessit;15.22556;0.29209;ISGS;REMO;TRANS;TÖT;FW;;SK;MIL;Militär Stützpunkt;;;;33;14;;;;;;;;;;
;3/15/21;FAZ , Crisis Group;https://www.faz.net/aktuell/gesellschaft/massaker-auf-markthaendler-fast-60-tote-bei-angriffen-in-niger-17249254.html , https://www.crisisgroup.org/crisiswatch/database?location%5B%5D=27&crisis_state=&created=custom&from_month=1&from_year=2021&to_month=12&to_year=2021;Afrika;Niger;NER;Tillabéri;Ouallam, Chinagoder, Darey-Dey;14.20901;1.45600;ISGS;REMO;TRANS;TÖT;FW;;ZIV;ETH;Zarma Ethnie;58;;;;;;;;;;;;;;
;3/15/21;NINA;https://www.ninanews.com/Website/News/Details?key=893501;Naher & Mittlerer Osten;Irak;IRQ;Diyala;Baquba, Al-Makhisa;33.86590;44.71570;ISIS;REMO;TRANS;ZERS;IED;;ZIV;PP;Private Häuser;;;;;;;zwei Häuser zerstört;;;;;;;;
;3/16/21;Channels Television , Premium Times Nigeria;https://www.channelstv.com/2021/03/16/boko-haram-insurgents-attack-yobe-community-burns-school-healthcare-centre/ , https://www.premiumtimesng.com/news/headlines/449275-boko-haram-burns-military-base-school-health-facility-in-yobe.html?tztc=1;Afrika;Nigeria;NGA;Yobe;Gujba, Katarko;11.56176;11.91642;Boko Haram;REMO;TRANS;ZERS;BRA;;ZIV;PP;Schule, Gesundheitszentrum, Militärcamp;;;;;;;Schule, Gesundheitszentrum, Militärcamp niedergebrannt;Keine Personenschäden angegeben;;;;;;;
;3/16/21;SATP;https://www.satp.org/terrorist-activity/afghanistan-Mar-2021;Naher & Mittlerer Osten;Afghanistan;AFG;Herat;Karokh, Pashdan dam;34,4877;62,5983;NB;NB;NB;TÖT;FW;;SK;POL;;;;;3;;;;;;;;;;;
;3/16/21;SATP;https://www.satp.org/terrorist-activity/afghanistan-Mar-2021;Naher & Mittlerer Osten;Afghanistan;AFG;Kabul;Pagham;34,5882;68,9586;NB;NB;NB;TÖT;FW;;SK;POL;;;;;2;;;;;;;;;;;
;3/16/21;SATP;https://www.satp.org/terrorist-activity/afghanistan-Mar-2021;Naher & Mittlerer Osten;Afghanistan;AFG;Baghlan;Pul-e-Khumri;35,9513;68,7106;Taliban;REMO;NAT;TÖT;FW;;ZIV;EDU;;2;;;;;;;;;;;;;;
;3/16/21;Meir Amit Intelligence and Terrorism Information Center;https://www.terrorism-info.org.il/en/spotlight-on-global-jihad-march-18-24-2021/;Naher & Mittlerer Osten ;Syrien;SYR;Deir ez-Zor;Al-Mayadin desert;35.19938;40.71875;ISIS;REMO;TRANS;TÖT;IED;;SK;MIL;Iranische Soldaten;;;;2;;;;;;;;;;;
;3/17/21;SATP;https://www.satp.org/terrorist-activity/afghanistan-Mar-2021;Naher & Mittlerer Osten;Afghanistan;AFG;Kabul;Kabul city, PD8 ;34,5147;69,1842;NB;NB;NB;TÖT;FW;;ZIV;GOV;former district governorn of the Charkh District;1;;;;;;;;;;;;;;
;3/17/21;SATP;https://www.satp.org/terrorist-activity/afghanistan-Mar-2021;Naher & Mittlerer Osten;Afghanistan;AFG;Nangarhar;Jalalabad;34,4258;70,463;NB;NB;NB;VERL;IED;;ZIV;PP;;;2;;;;;;;;;;;;;
;3/17/21;NINA;https://www.ninanews.com/Website/News/Details?key=893887;Naher & Mittlerer Osten;Irak;IRQ;Kirkuk;Daquq, Rashad, Garhat Ghazan;35.19628;44.00657;NB;NB;NB;VERL;IED;;SK;POL;;;;;;1;;;;;;;;;;
;3/17/21;NINA;https://www.ninanews.com/Website/News/Details?key=893925;Naher & Mittlerer Osten;Irak;IRQ;Diyala;Khalis, Adhaim;34.24930;44.63610;NB;NB;NB;ZERS;IED;;ZIV;KI;Stromversorgung;;;;;;;Zwei Strommasten zerstört;;;;;;;;
;3/18/21;U.S. Dept. of State , Al-Mashareq;https://www.state.gov/reports/country-reports-on-terrorism-2021/yemen , https://almashareq.com/en_GB/articles/cnmi_am/features/2021/03/31/feature-01;Naher & Mittlerer Osten;Jemen;YEM;Abyan;Ahwar;13.65514;46.79864;Al-Qaeda - Arabian Peninsula;REMO;TRANS;TÖT;RAM;RPGs und Feuerwaffen;SK;MLZ;Security Belt Forces checkpoint;4;;;8;;;;;;;;;;;
;3/18/21;U.S. Dept of State;https://www.state.gov/reports/country-reports-on-terrorism-2021/cameroon/;Afrika;Kamerun;CMR;Extrême-Nord;Diamaré, Kangaléri;10,60028;14,54792;Boko Haram;REMO;TRANS;TÖT;BRA;;ZIV;PP;Dorf;2;;;;;;mind. 52 Häuser zerstört;;;;;;;;
;3/18/21;Actualite;https://actualite.cd/2021/03/18/beni-3-morts-dans-une-attaque-pres-de-mayimoya;Afrika;DR Kongo;COD;Nord-Kivu;Beni, Mbuji-Mayi;0,79310;29,55000;ISCAP;REMO;TRANS;TÖT;FW;;ZIV;PP;;3;;;;;;5 Motorräder in Brand gesetzt;;;;;;;;
;3/18/21;Actualite;https://actualite.cd/2021/03/20/ituri-deux-attaques-adf-font-6-morts-irumu;Afrika;DR Kongo;COD;Ituri;Irumu, Mahala;1,09844;29,61841;ISCAP;REMO;TRANS;TÖT;FW;;ZIV;PP;;5;;4;;;;Häuser in Brand gesetzt;"""(…) several people taken hostage (…).""";;;;;;;
;3/18/21;Actualite;https://actualite.cd/2021/03/19/ituri-plusieurs-personnes-disparues-la-suite-dune-attaque-adf-irumu;Afrika;DR Kongo;COD;Ituri;Irumu, Ndalya;1,05995;30,05250;ISCAP;REMO;TRANS;ENTF;FW;;ZIV;PP;;;;5;;;;;"""They managed to kidnap a significant number of residents.""";;;;;;;
;3/18/21;U.S. Dept of State;https://www.state.gov/reports/2021-country-reports-on-human-rights-practices/burkina-faso;Afrika;Burkina Faso;BFA;Sahel;Yagha, Sebba-Mansila road;13,31065;0,60474;NB;NB;NB;ENTF;FW;;ZIV;PP;Gesundheitspersonal;;;6;;;;;2 Frauen freigelassen, 4 Männer unklar;;;;;;;
;3/18/21;SATP;https://www.satp.org/terrorist-activity/afghanistan-Mar-2021;Naher & Mittlerer Osten;Afghanistan;AFG;Kabul;Kabul city, D17, Sar-e-Kotal;34,5884;69,1399;NB;NB;NB;TÖT;IED;;ZIV;GOV;;4;14;;;;;;;;;;;;;
;3/18/21;Actualite;https://actualite.cd/2021/03/20/sud-kivu-cinq-civils-tues-dans-une-attaque-des-miliciens-itombwe;Afrika;DR Kongo;COD;Sud-Kivu;Mwenga, Maheta;-3,40680;28,86600;Twirwaneho;SEP;REG;TÖT;FW;;ZIV;PP;;5;;;;;;;;;;;;;;
;3/18/21;NINA;https://www.ninanews.com/Website/News/Details?key=894216;Naher & Mittlerer Osten;Irak;IRQ;Kirkuk;Hawija , Alban checkpoint;35.21295;43.81588;ISIS;REMO;TRANS;TÖT;FW;;SK;MLZ;Checkpoint der PMF und der Polizei;;;;3;;;;;;;;;;;
;3/18/21;NINA;https://www.ninanews.com/Website/News/Details?key=894117;Naher & Mittlerer Osten;Irak;IRQ;Qadisiyah;International Highway;31.95755;45.05939;NB;NB;NB;ZERS;IED;;SK;MIL;Konvoi der internationalen Koalition;;;;;;;;;;;;;;;
;3/19/21;Actualite;https://actualite.cd/2021/03/20/ituri-deux-attaques-adf-font-6-morts-irumu;Afrika;DR Kongo;COD;Ituri;Irumu, Kola-Okota;0,90750;29,60890;ISCAP;REMO;TRANS;TÖT;FW;;ZIV;PP;;1;1;;;;;Häuser in Brand gesetzt;;;;;;;;
;3/19/21;Radio Okapi;https://www.radiookapi.net/2021/03/20/actualite/securite/ituri-5-morts-dans-une-nouvelle-incursion-des-rebelles-adf-au-village , https://www.radiookapi.net/2021/03/22/actualite/securite/irumu-le-bilan-de-lattaque-de-mayalibo-passe-de-6-11-personnes-tuees;Afrika;DR Kongo;COD;Ituri;Irumu, Hotel-Bega;1,17715;30,01091;ISCAP;REMO;TRANS;TÖT;FW;;ZIV;PP;;11;;5;;;;;"""(…) several people taken hostage still remain in the hands of these armed men.""";;;;;;;
;3/19/21;SATP;https://www.satp.org/terrorist-activity/afghanistan-Mar-2021;Naher & Mittlerer Osten;Afghanistan;AFG;Kabul;Pagham, Qargha lake;34,5882;68,9586;NB;NB;NB;TÖT;FW;;ZIV;PP;;1;;;;;;;;;;;;;;
;3/19/21;SATP;https://satp.org/terrorist-activity/pakistan-Mar-2021;Naher & Mittlerer Osten;Pakistan;PAK;Sukkur;Sukkur;27,724356;68,822808;NB;NB;NB;TÖT;FW;;ZIV;MEDIA;Journalist Ajay Lalwaani (Royal News TV);1;;;;;;;;;;;;;;
;3/19/21;U.S. Dept. of State;https://www.state.gov/reports/country-reports-on-terrorism-2021/thailand;Südostasien;Thailand;THA;Yala;;6.19008;101.26323;NB;SEP;REG;VERL;IED;;SK;MLZ;Territorial Defense Volunteers;;;;;6;;;;;;;;;;
;3/19/21;NINA;https://www.ninanews.com/Website/News/Details?key=894315;Naher & Mittlerer Osten;Irak;IRQ;Diyala;Miqdadiyah, Abi Sayda, Umm Al-Khanazir;33.90390;44.80259;ISIS;REMO;TRANS;TÖT;FW;Scharfschütze;SK;POL;Checkpoint;;;;1;;;;;;;;;;;
;3/19/21;NINA;https://www.ninanews.com/Website/News/Details?key=894255;Naher & Mittlerer Osten;Irak;IRQ;Halabja;Halabja, Kurdistan Democratic Party HQ;35.17921;45.98737;NB;NB;NB;;FW;Schüsse aus fahrendem Auto;ZIV;GOV;Parteibüro der KDP;;;;;;;;;;;;;;;
;3/19/21;NINA;https://www.ninanews.com/Website/News/Details?key=894291;Naher & Mittlerer Osten;Irak;IRQ;Diyala;Baquba, Abbara, Bawiya;33.86756;44.72208;NB;NB;NB;TÖT;FW;;SK;POL;;;;;1;;;;;;;;;;;
;3/20/21;Actualite;https://actualite.cd/2021/03/22/ituri-six-civils-tues-dans-une-nouvelle-attaque-adf-irumu;Afrika;DR Kongo;COD;Ituri;Irumu, Taubama;1,00310;29,62220;ISCAP;REMO;TRANS;TÖT;FW;;ZIV;PP;;6;;;;;;;;;;;;;;
;3/20/21;U.S. Dept of State;https://www.state.gov/reports/2021-country-reports-on-human-rights-practices/burkina-faso;Afrika;Burkina Faso;BFA;Est;Tialbonga;12,26593;0,94748;NB;NB;NB;TÖT;IED;IED auf der Straße;SK;MIL;;;;;1;2;;;;;;;;;;
;3/20/21;SATP;https://www.satp.org/terrorist-activity/afghanistan-Mar-2021;Naher & Mittlerer Osten;Afghanistan;AFG;Kabul;Bagrami;34,4986;69,3825;NB;NB;NB;TÖT;IED;;SK;POL;;;;;1;;;;;;;;;;;
;3/20/21;Syrian Network for Human Rights;https://news.snhr.org/2021/03/21/two-civilians-were-killed-in-a-blast-of-a-car-bomb-of-unknown-origin-in-al-bab-city-in-aleppo-suburbs-on-march-20/;Naher & Mittlerer Osten ;Syrien;SYR;Aleppo;Al-Bab city;36.37545;37.51484;NB;NB;NB;TÖT;IED;Autobombe;ZIV;PP;;2;6;;;;;Medizinische Lagerhäuse teilweise beschädigt;;;;;;;;
;3/21/21;Radio Okapi;https://www.radiookapi.net/2021/03/22/actualite/securite/ituri-5-morts-lors-dune-nouvelle-attaque-de-la-codeco-iga-barriere;Afrika;DR Kongo;COD;Ituri;Djugu, Nizi, Iga Barriere;1,73625;30,30168;CODECO;SEP;REG;TÖT;FW;;ZIV;PP;;5;6;8;;;;;;;;;;;;
;3/21/21;SATP;https://www.satp.org/terrorist-activity/india-Mar-2021;Südostasien;Indien;IND;Bijapur;Keshkutul;18.89661;81.06510;CPI-M;SOZ;NAT;TÖT;SON;Scharfe (blanke) Waffen;SK;POL;;;;;1;;;Wurde erst entführt;;;;;;;;
;3/21/21;SATP;https://www.satp.org/terrorist-activity/afghanistan-Mar-2021;Naher & Mittlerer Osten;Afghanistan;AFG;Kabul;Chahar Asiab;34,3558;69,1375;NB;NB;NB;TÖT;IED;;ZIV;GOV;;3;;;2;;;;;;;;;;;
;3/21/21;SATP;https://www.satp.org/terrorist-activity/afghanistan-Mar-2021;Naher & Mittlerer Osten;Afghanistan;AFG;Herat;Kushk Rabat Sangi;34,9738;62,2037;NB;NB;NB;TÖT;IED;;SK;POL;Border Force troopers;;;;6;;;;;;;;;;;
;3/21/21;Luxemburger Wort;https://www.wort.lu/international/mindestens-ein-toter-bei-bombenanschlag-im-iran/1100676.html;Naher & Mittlerer Osten;Iran;IRN;Sistan-Belutschistan;Sarawan;27.36655;62.34209;NB;NB;NB;TÖT;IED;;ZIV;PP;;1;3;;;;;;;;;;;;;
;3/21/21;SATP;https://satp.org/terrorist-activity/pakistan-Mar-2021;Naher & Mittlerer Osten;Pakistan;PAK;Bannu;Jani Khel;32,800938;70,580644;NB;NB;NB;TÖT;FW;Vier von Kugel durchsiebte Leichen in frischem Grab auf Friedhof gefunden, eine davon geköpft;ZIV;PP;Jugendliche, die seit Anfang des Monats vermisst wurden;4;;;;;;;;;;;;;;
;3/21/21;Deutscher BundeswehrVerband , Anadolu Ajansi , U.S. Dept. of State;https://www.dbwv.de/ticker-zurueck-zur-startseite/regierung-angreifer-toeten-137-menschen-in-doerfern-im-niger , https://www.aa.com.tr/fr/afrique/niger-19-civils-tu%C3%A9s-dans-une-attaque-pr%C3%A8s-la-fronti%C3%A8re-malienne/2212799 , https://www.state.gov/reports/country-reports-on-terrorism-2021/niger/;Afrika;Niger;NER;Tahoua;Tillia, Intazayane/Bakorat/Wirsnat;16.13792;4.79221;NB;NB;NB;TÖT;FW;;ZIV;PP;Dörfer;155;15;;;;;;"""Zudem seien etliche Menschen verletzt worden (…)."" ; Ungefährer Mittelwert von Opferangaben aus Quellen errechnet";;;;;;;
;3/21/21;Actualite;https://actualite.cd/2021/03/22/nord-kivu-un-militaire-tue-dans-une-embuscade-des-fdlr-buramba-rutshuru;Afrika;DR Kongo;COD;Nord-Kivu;Rutshuru, Buramba;-0,92927;29,55846;Democratic Forces for the Liberation of Rwanda;SEP;REG;TÖT;FW;Hinterhalt;SK;MIL;;;;;1;;;;;;;;;;;
;3/21/21;Daily Sabah;https://www.dailysabah.com/politics/4-killed-9-wounded-in-bomb-blast-in-syrias-ras-al-ain/news;Naher & Mittlerer Osten ;Syrien;SYR;Al-Hasakah;Ras al-Ayn city;36.84959;40.07399;YPG;SEP;REG;TÖT;IED;;ZIV;PP;;4;9;;;;;;;;;;;;;
;3/21/21;NINA;https://www.ninanews.com/Website/News/Details?key=894569;Naher & Mittlerer Osten;Irak;IRQ;Diyala;Baquba, Abbara;33.85445;44.78233;ISIS;REMO;TRANS;ENTF;FW;;ZIV;UNT;Arbeiter einer Geflügelfarm;;;4;;;;;;;;;;;;
;3/21/21;NINA;https://www.ninanews.com/Website/News/Details?key=894677;Naher & Mittlerer Osten;Irak;IRQ;Babil;Mahawil, Nil;32.54030;44.52484;NB;NB;NB;ZERS;IED;;SK;MIL;logistischer Konvoi der internationalen Koalition;;;;;;;;;;;;;;;
;3/21/21;NINA;https://www.ninanews.com/Website/News/Details?key=894695;Naher & Mittlerer Osten;Irak;IRQ;Baghdad;Mansour;33.31747;44.33906;NB;NB;NB;TÖT;FW;;SK;GD;;;;;1;;;;;;;;;;;
;3/22/21;Radio Okapi , The Defense Post , Actualite;https://www.radiookapi.net/2021/03/24/actualite/securite/nord-kivu-une-dizaine-de-morts-dans-une-nouvelle-attaque-des-presumes , https://www.thedefensepost.com/2021/03/25/17-dead-adf-dr-congo-attacks/ , https://actualite.cd/2021/03/25/rdc-beni-bilan-revu-la-hausse-tchanitchani-apres-la-decouverte-dautres-corps;Afrika;DR Kongo;COD;Ituri;Irumu, Samboko-Chanichani;0,85480;29,50140;ISCAP;REMO;TRANS;TÖT;SON;;ZIV;PP;Dorf;17;;10;;;;;Mehrere Menschen entführt, 10 konnten später befreit werden;;;;;;;
;3/22/21;SATP;https://www.satp.org/terrorist-activity/india-Mar-2021;Südostasien;Indien;IND;Diampur;Lamhainamdi;25.90914;93.72656;NB;NB;NB;TÖT;FW;;ZIV;PP;;3;;;;;;;;;;;;;;
;3/22/21;SATP;https://www.satp.org/terrorist-activity/afghanistan-Mar-2021;Naher & Mittlerer Osten;Afghanistan;AFG;Herat;Farsi;33,6971;63,0911;Taliban;REMO;NAT;TÖT;BRA;;ZIV;GOV;;1;;;;;;;;;;;;;;
;3/22/21;NINA;https://www.ninanews.com/Website/News/Details?key=894717;Naher & Mittlerer Osten;Irak;IRQ;Saladin;Tuz, Al-Hilweh;34.86495;44.80997;ISIS;REMO;TRANS;ENTF;FW;;ZIV;PP;Farmer;;;3;;;;;;;;;;;;
;3/23/21;Crisis Group , ACLED;https://www.crisisgroup.org/crisiswatch/database?location%5B0%5D=11&crisis_state=&created=custom&from_month=1&from_year=2021&to_month=12&to_year=2021&page=0 , https://acleddata.com/curated-data-files/#regional (Africa Dataset - KEN7660);Afrika;Kenia;KEN;Lamu;Lamu East, Kiunga;-1,74100;41,49200;Al-Shabaab;REMO;TRANS;TÖT;IED;;ZIV;GOV;Wasserliieferung für Grenzzaunarbeiten;1;;;;;;;;;;;;;;
;3/23/21;SATP;https://www.satp.org/terrorist-activity/india-Mar-2021;Südostasien;Indien;IND;Kadenar;Kanhargaon;19.36376;81.43153;CPI-M;SOZ;NAT;TÖT;IED;;SK;POL;;;;;5;13;;;;;;;;;;
;3/23/21;SATP;https://satp.org/terrorist-activity/pakistan-Mar-2021;Naher & Mittlerer Osten;Pakistan;PAK;Killa Abdullah;Chaman, Levies Headquarters;30,924436;66,450613;NB;NB;NB;TÖT;IED;Bombe an Motorrad;SK;POL;Levies Forces;4;13;;;;;Polizeiauto;;;;;;;;
;3/23/21;SATP;https://satp.org/terrorist-activity/pakistan-Mar-2021;Naher & Mittlerer Osten;Pakistan;PAK;Khairpur;Barr Chowk;27,525562;68,755073;NB;NB;NB;VERL;IED;Feuerwerksbombe auf Fahrzeug geworfen;SK;MLZ;Ranger;;2;;;1;;;;;;;;;;
;3/23/21;NINA;https://www.ninanews.com/Website/News/Details?key=894917;Naher & Mittlerer Osten;Irak;IRQ;Baghdad;New Baghdad, Channel Road;33.28534;44.52763;NB;NB;NB;TÖT;IED;;ZIV;PP;;1;1;;;;;;;;;;;;;
;3/24/21;U.S. Dept. of State , International Christian Concern , The Standard;https://www.state.gov/reports/country-reports-on-terrorism-2021/kenya/ , https://www.persecution.org/2021/03/24/mandera-bus-attack-leaves-five-dead-scores-injured/ , https://www.standardmedia.co.ke/north-eastern/article/2001407326/three-die-after-bus-hits-ied-in-mandera;Afrika;Kenia;KEN;Mandera;Mandera East, Koromey, Mandera-Lafey highway;3,89679;41,79042;Al-Shabaab;REMO;TRANS;TÖT;IED;IED auf Straße;ZIV;TI;Bus auf vielbefahrener Autobahn;4;10;;;;;;;;;;;;;
;3/24/21;Zitamar News , ACLED , Associated Press , NYT;https://www.zitamar.com/over-1-190-killed-in-2021-palma-massacre-new-survey-finds/ , https://www.caboligado.com/reports/cabo-ligado-weekly-22-28-march-2021 , https://www.caboligado.com/reports/cabo-ligado-weekly-29-march-4-april-2021 , https://www.caboligado.com/reports/cabo-ligado-weekly-5-11-april-2021 , https://apnews.com/article/africa-southern-africa-mozambique-32fbee2ee5ab780b16e46bb881238e31 , https://www.nytimes.com/2021/03/28/world/africa/mozambique-palma-hotel-insurgents.html?referringSource=articleShare;Afrika;Mosambik;MOZ;Cabo Delgado;Palma city;-10,77650;40,46610;ISCAP;REMO;TRANS;TÖT;SON;Großangriff auf Küstenstadt mit anschließender Besetzung;ZIV;ÖP;;375;;;;;;Zahllose kommerzielle Gebäude und Wohnhäuser beschädigt oder zerstört;"Der initiale Angriff und die folgende Besetzung ging ca. 5 Tage lang; Opferzahlen korrespondieren zu einer groben, sehr konservativen Schätzung der Opferzahlen der ersten Tage, aufbauend auf verschiedenen Quellen, vornehmlich Alex Perrys survey data (Zitamar source), hieraus angegebene Todesopfer setzen sich aus Köpfungen (330) und Ertränkungen (35) zusammen";;;;;;;
;3/24/21;The Defense Post , Actualite;https://www.thedefensepost.com/2021/03/25/17-dead-adf-dr-congo-attacks/ , https://actualite.cd/2021/03/24/rdc-six-morts-dans-une-nouvelle-embuscade-des-combattants-adf-sur-la-route-beni-kasindi;Afrika;DR Kongo;COD;Nord-Kivu;Beni, Kilya, Beni-Kasindi road;0,38874;29,59379;ISCAP;REMO;TRANS;TÖT;FW;;ZIV;PP;Händler;6;;4;;;;2 Fahrzeuge in Brand gesetzt;"""Several people are missing.""";;;;;;;
;3/24/21;SATP;https://www.satp.org/terrorist-activity/afghanistan-Mar-2021;Naher & Mittlerer Osten;Afghanistan;AFG;Kabul;Kabul city, D5, Bagh-e-Dawood;34,0554;69,1248;NB;NB;NB;VERL;IED;;SK;POL;;;;;;1;;;;;;;;;;
;3/24/21;Zitamar News;https://www.zitamar.com/cabo-delgado-insurgents-kill-again-in-attack-on-coastal-macomia/;Afrika;Mosambik;MOZ;Cabo Delgado;Macomia, Mucojo/Quiterajo;-11,89290;40,48390;NB;REMO;REG;TÖT;FW;;ZIV;PP;;3;;3;;;;;"""An unknown number of people were killed, and others taken hostage (…).""";;;;;;;
;3/24/21;SATP;https://www.satp.org/terrorist-activity/afghanistan-Mar-2021;Naher & Mittlerer Osten;Afghanistan;AFG;Kandahar;Arghandab, Bagh-e-Sarkari;31,6663;65,6727;Taliban;REMO;NAT;ZERS;IED;;ZIV;TI;Brücke;;;;;;;Brücke zerstört;Keine Verletzten;;;;;;;
;3/24/21;NINA;https://www.ninanews.com/Website/News/Details?key=895202;Naher & Mittlerer Osten;Irak;IRQ;Saladin;Tuz, Abbud;34.78730;44.45270;ISIS;REMO;TRANS;TÖT;FW;;SK;MIL;Militärposten;;;;1;1;;;;;;;;;;
;3/25/21;SATP;https://www.satp.org/terrorist-activity/india-Mar-2021;Südostasien;Indien;IND;Kondagaon;Keshkal;20.06383;81.58094;CPI-M;SOZ;NAT;ZERS;BRA;;ZIV;TI;;;;;;;;12 Fahrzeuge in Brand gesteckt;Keine Personenschäden;;;;;;;
;3/25/21;SATP;https://satp.org/terrorist-activity/pakistan-Mar-2021;Naher & Mittlerer Osten;Pakistan;PAK;Bajaur;Dama Dola;34,800568;71,466445;ISKP;REMO;TRANS;VERL;IED;Ferngezündete Bombe;ZIV;GOV;Jamiat Ulema-e-Islam Fazal (JUI-F) Anführer Maulana Abdul Salam;;1;;;;;;;;;;;;;
;3/25/21;SATP;https://www.satp.org/terrorist-activity/india-Mar-2021;Südostasien;Indien;IND;Jammu and Kashmir ;Srinagar, Lawaypora;34.11711;74.69939;Laschkar-e Taiba;REMO;TRANS;TÖT;FW;;SK;MLZ;CRPF;;;;2;2;;;;;;;;;;
;3/25/21;SATP;https://satp.org/terrorist-activity/pakistan-Mar-2021;Naher & Mittlerer Osten;Pakistan;PAK;Dera Ismail Khan;Kulachi;31,932828;70,461043;NB;NB;NB;VERL;RAM;RPG-7 und Handgranaten;SK;POL;Gepanzertes Polizeifahrzeug;;;;;3;;;;;;;;;;
;3/25/21;Al Jazeera;https://www.aljazeera.com/news/2021/3/25/at-least-3-civilians-killed-in-mogadishu-mortar-attack , https://www.hiiraan.com/news4/2021/Mar/182095/somalia_mortar_attack_kills_at_least_3_civilians.aspx?utm_source=hiiraan&utm_medium=SomaliNewsUpdateFront;Afrika;Somalia;SOM;Mogadishu;Halane Camp;2.01069;45.29249;Al-Shabaab;REMO;NAT;TÖT;RAM;Mörser;ZIV;GOV;Int. Wohn- und Diplomatiekomplex, UNSOS;3;5;;;;;;;;;;;;;
;3/25/21;Hiiraan Online;https://www.hiiraan.com/news/2021/Mar/wararka_maanta25-177101.htm?utm_source=hiiraan&utm_medium=WararkaMaantaFront;Afrika;Somalia;SOM;Mogadishu;Daynile;2.05735;45.28522;NB;NB;NB;TÖT;IED;Mine;SK;MIL;;;;;1;2;;;"""(…) his security guards were also injured.""";;;;;;;
;3/25/21;SATP;https://www.satp.org/terrorist-activity/india-Mar-2021;Südostasien;Indien;IND;Manipur;Ukhrul, Tusom;24.78461;94.41653;National Socialist Council of Nagaland;SEP;TRANS;ENTF;FW;;ZIV ;PP;;;;4;;;;;Wurden befreit;;;;;;;
;3/26/21;UNOCHA;https://reliefweb.int/report/cameroon/cameroon-situation-report-24-may-2021;Afrika;Kamerun;CMR;Sud-Ouest;Fako, Ikata;4,33055;9,35916;Amba Boys;SEP;REG;ZERS;FW;;ZIV;NGO;UN-Konvoi;;;;;;;Zwei Fahrzeuge stark beschädigt;Keine Personenschäden;;;;;;;
;3/26/21;SATP;https://www.satp.org/terrorist-activity/india-Mar-2021;Südostasien;Indien;IND;Bandwan;Tulsidihi;21.63418;84.38837;CPI-M;SOZ;NAT;ZERS;BRA;;ZIV;GOV;;;;;;;;;Keine Personenschäden;;;;;;;
;3/26/21;SATP;https://www.satp.org/terrorist-activity/india-Mar-2021;Südostasien;Indien;IND;Bijapur;Taalnar  ;19.15030;82.16728;CPI-M;SOZ;NAT;TÖT;SON;Scharfe (blanke) Waffen, Haus gestürmt;ZIV;GOV;;1;;;;;;;;;;;;;;
;3/26/21;SATP;https://www.satp.org/terrorist-activity/afghanistan-Mar-2021;Naher & Mittlerer Osten;Afghanistan;AFG;Helmand;Lashkargah, Siraj base;31,5895;64,3809;NB;NB;NB;TÖT;FW;;ZIV;VIP;tribal elder;1;;;;;;;;;;;;;;
;3/26/21;U.S. Dept. of State;https://www.state.gov/reports/country-reports-on-terrorism-2021/colombia/;Lateinamerika;Kolumbien;COL;Cauca;Corinto;3,17416;-76,25868;FARC-EP;SOZ;TRANS;VERL;IED;Autobombe;ZIV;GOV;In Nähe der Gemeindeverwaltung platziert;;43;;;;;;;;;;;;;
;3/27/21;HumAngle;https://humanglemedia.com/6-terrorists-3-civilians-one-soldier-die-in-boko-attack-on-dabanga-cameroon/;Afrika;Kamerun;CMR;Extrême-Nord;Logone-Et-Chari, Dabanga;11,91633;14,64593;Boko Haram;REMO;TRANS;TÖT;FW;;SK;MIL;Militärcamp;3;;;1;;;;;;;;;;;
;3/27/21;Voice of America , Daily Post Nigeria;https://www.voanews.com/a/africa_attack-transmitters-cuts-power-nigerian-city-again/6203911.html , https://dailypost.ng/2021/03/28/boko-haram-throws-maiduguri-other-borno-towns-into-darkness-again/;Afrika;Nigeria;NGA;Borno;Maiduguri, Maiduguri-Damaturu line;11.83879;13.15338;Boko Haram;REMO;TRANS;ZERS;IED;;ZIV;KI;Stromverteiler;;;;;;;2 Stromtürme stark beschädigt;Keine Personenschäden;;;;;;;
;3/27/21;Actualite;https://actualite.cd/2021/03/27/rdc-une-vingtaine-de-maisons-incendiees-et-plusieurs-personnes-prises-en-otages-par-les , https://actualite.cd/2021/03/29/beni-les-combattants-adf-liberent-une-dizaine-dotages-kainama;Afrika;DR Kongo;COD;Nord-Kivu;Beni, Muzirandulu;0,90893;29,83835;ISCAP;REMO;TRANS;ENTF;FW;;ZIV;PP;Dorf;1;;35;;;;25 Häuser in Brand gesetzt;"36 Menschen entführt; vermutlich davon 1 getötet in Mpoku, Beni; 17 Menschen später freigelassen";;;;;;;
;3/27/21;SATP;https://www.satp.org/terrorist-activity/afghanistan-Mar-2021;Naher & Mittlerer Osten;Afghanistan;AFG;Kabul;Paghman, Bagh-e-Daud;34,5882;68,9586;NB;NB;NB;TÖT;FW;;SK;MIL;;;;;1;;;;;;;;;;;
;3/27/21;SATP;https://www.satp.org/terrorist-activity/afghanistan-Mar-2021;Naher & Mittlerer Osten;Afghanistan;AFG;Khost;;33,337;69,933;NB;NB;NB;TÖT;FW;;ZIV;GOV;Prosecutor;;1;;;;;;;;;;;;;
;3/27/21;SATP;https://www.satp.org/terrorist-activity/afghanistan-Mar-2021;Naher & Mittlerer Osten;Afghanistan;AFG;Laghman;;35,9803;66,083;NB;NB;NB;TÖT;IED;;SK;POL;;;;;3;;;;;;;;;;;
;3/27/21;SATP;https://www.satp.org/terrorist-activity/afghanistan-Mar-2021;Naher & Mittlerer Osten;Afghanistan;AFG;Farah;Lash Joven;32,4313;62,1404;Taliban;REMO;NAT;TÖT;IED;;ZIV;PP;;1;1;;;;;;;;;;;;;
;3/27/21;SATP;https://www.satp.org/terrorist-activity/afghanistan-Mar-2021;Naher & Mittlerer Osten;Afghanistan;AFG;Farah;Farah city, Shapel Kuh;32,3753;62,1205;Taliban;REMO;NAT;TÖT;FW;;SK ;MIL;Commander of the 7th Battalion, 2nd ANA Brigade ;;;;1;;;;;;;;;;;
;3/27/21;SATP;https://www.satp.org/terrorist-activity/afghanistan-Mar-2021;Naher & Mittlerer Osten;Afghanistan;AFG;Faryab;Pashtoon Kot, Ghaz Ghol, Dahan-e-Dara dam;35,5995;65,7588;Taliban;REMO;NAT;TÖT;FW;;ZIV;KI;security guards;;;;2;;;;;;;;;;;
;3/28/21;ACLED;https://acleddata.com/curated-data-files/#regional (Africa Dataset - KEN10848);Afrika;Kenia;KEN;Wajir;Wajir East, Wajir city;1,75202;40,05502;Al-Shabaab;REMO;TRANS;ZERS;FW;;SK;MIL;Armeecamp;;;;;;;Keine Schäden angegeben;Keine Personenschäden bekannt;;;;;;;
;3/28/21;SATP;https://satp.org/terrorist-activity/pakistan-Mar-2021;Naher & Mittlerer Osten;Pakistan;PAK;Kech;Turbat, Salala Bazar;26,005016;63,068844;Balochistan Liberation Front ;SEP;REG;TÖT;HGR;;SK;MIL;Armeecheckpoint;1;;;1;;;;;;;;;;;
;3/28/21;SATP;https://www.satp.org/terrorist-activity/india-Mar-2021;Südostasien;Indien;IND;Bijbehara;Sangam ;33.78689;75.09957;NB;NB;NB;VERL;HGR;;SK;POL;terrorists aimed for the police station;;2;;;;;;;;;;;;;
;3/28/21;Der Farang;https://der-farang.com/de/pages/anschlag-auf-kirche-taeter-waren-frisch-verheiratet;Südostasien;Indonesien;IDN;Sulawesi ;Makasar;-5.1426;119.4173;Jamaah Ansharut Daulah;REMO;NAT;TÖT;IED;Selbstmordattentäter;ZIV;REL;Kirche;;20;;;;;;;;;;;;;
;3/28/21;BBC , National Public Radio , U.S. Dept. of State;https://www.bbc.com/news/world-asia-56553790 , https://www.npr.org/2021/03/28/982051395/palm-sunday-church-bombing-wounds-20-in-indonesia , https://www.state.gov/reports/country-reports-on-terrorism-2021/indonesia ;Südostasien;Indonesien;IDN;South Sulawesi;Makassar, Sacred Heart of Jesus Cathedral Church;-5.13596;119.41025;Jamaah Ansharut Daulah;REMO;NAT;VERL;IED;Selbstmordattentat;ZIV;REL;Haupteingang der katholischen Kirche;;20;;;;;;;;;;;;;
;3/28/21;Radio Okapi;https://www.radiookapi.net/2021/03/28/actualite/securite/butembo-un-militaire-et-un-policier-tues-par-les-mai-mai-la-barriere;Afrika;DR Kongo;COD;Nord-Kivu;Butembo, Kangothe;0,17489;29,30581;Mai-Mai;SEP;REG;TÖT;FW;;SK;POL;Checkpoint;;;;2;;;;;;;;;;;
;3/28/21;NINA;https://www.ninanews.com/Website/News/Details?key=895666;Naher & Mittlerer Osten;Irak;IRQ;Diyala;Kanaqin, Hamrin ;34.10157;45.04858;NB;NB;NB;TÖT;IED;;SK;MIL;Patrouille des Verteidigungsministeriums ;;;;1;2;;;;;;;;;;
;3/29/21;Radio Okapi;https://www.radiookapi.net/2021/03/30/actualite/securite/nord-kivu-5-morts-dans-une-attaque-des-adf-masekude;Afrika;DR Kongo;COD;Nord-Kivu;Beni, Samboko-Chanichani;0,85480;29,50140;ISCAP;REMO;TRANS;TÖT;SON;;ZIV;PP;Dorf;5;2;5;;;;;;;;;;;;
;3/29/21;SATP;https://www.satp.org/terrorist-activity/india-Mar-2021;Südostasien;Indien;IND;Baramulla;Sopore ;34.28676;74.46240;Laschkar-e Taiba;REMO;TRANS;TÖT;FW;;ZIV;GOV;;2;;;1;;;;;;;;;;;
;3/29/21;Horn Observer;https://hornobserver.com/articles/776/Car-blast-kills-five-in-Somali-capital;Afrika;Somalia;SOM;Mogadishu;;2.08265;45.35397;Al-Shabaab;REMO;NAT;TÖT;IED;Bombe am Straßenrand;ZIV;GOV;Auto mit Regierungsbeamten;5;4;;;;;;"""(…) and several others sustained injuries (…).""";;;;;;;
;3/29/21;Horn Observer;https://hornobserver.com/articles/776/Car-blast-kills-five-in-Somali-capital;Afrika;Somalia;SOM;Mogadishu;;2.03493;45.34191;Al-Shabaab;REMO;NAT;TÖT;IED;Mine;SK;MIL;Militär;1;;;2;;;;;;;;;;;
;3/29/21;France24 , Al Jazeera;https://www.france24.com/en/africa/20210329-assailants-attack-ivory-coast-security-posts-near-burkina-border , https://www.aljazeera.com/news/2021/3/29/two-soldiers-killed-in-raid-on-ivory-coast-military-camp;Afrika;Elfenbeinküste;CIV;Savanes;Kafolo;9.58514;-4.30969;JNIM;REMO;TRANS;TÖT;FW;Schwer bewaffnet;SK;MIL;Armeeposten;;;;2;4;;;Jihadists werden als Angreifer identifiziert;;;;;;;
;3/29/21;France24 , Al Jazeera;https://www.france24.com/en/africa/20210329-assailants-attack-ivory-coast-security-posts-near-burkina-border , https://www.aljazeera.com/news/2021/3/29/two-soldiers-killed-in-raid-on-ivory-coast-military-camp;Afrika;Elfenbeinküste;CIV;Zanzan;Tehini;9.60000;-3.66615;JNIM;REMO;TRANS;TÖT;FW;;SK;POL;Polizeistation;;;;1;;;;Jihadists werden als Angreifer identifiziert;;;;;;;
;3/29/21;NINA;https://www.ninanews.com/Website/News/Details?key=895997;Naher & Mittlerer Osten;Irak;IRQ;Saladin;Samarra;34.27310;43.79430;ISIS;REMO;TRANS;TÖT;FW;;SK;MLZ;PMF;;;;2;;;;;;;;;;;
;3/29/21;NINA;https://www.ninanews.com/Website/News/Details?key=895924;Naher & Mittlerer Osten;Irak;IRQ;Dhi Qar;Nasiriyah, International Road;31.08200;46.01830;NB;NB;NB;ZERS;IED;;SK;MIL;logistischer Konvoi der internationalen Koalition;;;;;;;Fahrzeug beschädigt;;;;;;;;
;3/29/21;NINA;https://www.ninanews.com/Website/News/Details?key=895928;Naher & Mittlerer Osten;Irak;IRQ;Babil;International Road;32.15759;44.73856;NB;NB;NB;ZERS;IED;;SK;MIL;logistischer Konvoi der internationalen Koalition;;;;;;;Fahrzeug ausgebrannt;;;;;;;;
;3/29/21;NINA;https://www.ninanews.com/Website/News/Details?key=896073;Naher & Mittlerer Osten;Irak;IRQ;Kirkuk;Dibis, Altun Kubris;35.73030;44.24640;NB;NB;NB;;RAM;Raketen;SK;MIL;Peschmerga ;;;;;;;;;;;;;;;
;3/30/21;Radio Okapi;https://www.radiookapi.net/2021/03/31/actualite/securite/beni-7-morts-dans-une-attaque-des-adf-beu-manyama;Afrika;DR Kongo;COD;Nord-Kivu;Beni, Oicha, Molisomambandada;0,77790;29,40530;ISCAP;REMO;TRANS;TÖT;FW;;ZIV;PP;Dorf;4;;;;;;;;;;;;;;
;3/30/21;Actualite;https://actualite.cd/2021/03/30/beni-une-nouvelle-attaque-pres-de-mamove-fait-deux-morts-dont-un-combattant-adf;Afrika;DR Kongo;COD;Nord-Kivu;Beni, Oich, Manyama;0,76250;29,42380;ISCAP;REMO;TRANS;TÖT;FW;;SK;MIL;Armeeposition;1;;;;1;;;;;;;;;;
;3/30/21;Radio Okapi , Actualite;https://www.radiookapi.net/2021/04/01/actualite/securite/rdc-29-civils-tues-et-50-enleves-dans-des-attaques-attribuees-aux-adf , https://actualite.cd/2021/03/31/rdc-bilan-lourd-de-25-personnes-tuees-dans-les-nouvelles-violences-des-combattants-adf;Afrika;DR Kongo;COD;Nord-Kivu;Beni, Oich, Manyama;0,76250;29,42380;ISCAP;REMO;TRANS;TÖT;FW;;ZIV;PP;Dörfer;23;;50;;;;;;;;;;;;
;3/30/21;SATP;https://www.satp.org/terrorist-activity/afghanistan-Mar-2021;Naher & Mittlerer Osten;Afghanistan;AFG;Nangarhar;Jalalabad, D4, Majboor Abad;34,4096;70,4703;NB;NB;NB;TÖT;FW;;ZIV;NGO;Polio vaccination worker;1;;;;;;;;;;;;;;
;3/30/21;SATP;https://www.satp.org/terrorist-activity/afghanistan-Mar-2021;Naher & Mittlerer Osten;Afghanistan;AFG;Nangarhar;Jalalabad, PD7, Lal Qasim Agha;34,4535;70,4568;NB;NB;NB;TÖT;FW;;ZIV;NGO;Polio vaccination worker;2;;;;;;;;;;;;;;
;3/30/21;SATP;https://www.satp.org/terrorist-activity/afghanistan-Mar-2021;Naher & Mittlerer Osten;Afghanistan;AFG;Kandahar;Kandahar city;31,6359;65,7556;NB;NB;NB;VERL;IED;;SK;POL;;;1;;;1;;;;;;;;;;
;3/30/21;SATP;https://www.satp.org/terrorist-activity/afghanistan-Mar-2021;Naher & Mittlerer Osten;Afghanistan;AFG;Kapisa;Hese Dowom-e-Kohistan;35,0646;69,5008;NB;NB;NB;TÖT;FW;;SK;GD;NDS personal;1;;;1;;;;;;;;;;;
;3/30/21;SATP;https://www.satp.org/terrorist-activity/afghanistan-Mar-2021;Naher & Mittlerer Osten;Afghanistan;AFG;Khost;US military base;33,337;69,933;Taliban;REMO;NAT;ZERS;RAM;Raketenangriff;SK;MIL;US Military Base;;;;;;;;Keine Verletzten;;;;;;;
;3/30/21;NINA;https://www.ninanews.com/Website/News/Details?key=896271;Naher & Mittlerer Osten;Irak;IRQ;Saladin;Dujail;33.81790;44.26390;NB;NB;NB;ZERS;IED;;SK;MIL;logistischer Konvoi der internationalen Koalition;;;;;;;;;;;;;;;
;3/31/21;Vanguard Nigeria;https://www.vanguardngr.com/2021/04/boko-haram-kill-one-loot-foodstuff-in-borno-lg/;Afrika;Nigeria;NGA;Borno;Damboa, Azir;11.04590;12.64800;Boko Haram;REMO;TRANS;TÖT;FW;;ZIV;PP;;1;40;;;;;Häuser in Brand gesetzt;"""(…) with scores injured.""";;;;;;;
;3/31/21;SATP;https://www.satp.org/terrorist-activity/afghanistan-Mar-2021;Naher & Mittlerer Osten;Afghanistan;AFG;Balkh;Balkh district, Bandar-e-Koloft;36,7583;66,8979;NB;NB;NB;TÖT;IED;;ZIV;PP;;2;13;;;3;;;;;;;;;;
;3/31/21;SATP;https://www.satp.org/terrorist-activity/afghanistan-Mar-2021;Naher & Mittlerer Osten;Afghanistan;AFG;Takhar;Taluqan;36,7287;69,5359;NB;NB;NB;TÖT;IED;;ZIV;REL;ulema council head;1;3;;;;;;;;;;;;;
;3/31/21;SATP;https://www.satp.org/terrorist-activity/afghanistan-Mar-2021;Naher & Mittlerer Osten;Afghanistan;AFG;Sar-e-Pul;Sayad;36,0092;65,8062;NB;NB;NB;TÖT;IED;;SK;POL;;;;;2;2;;;;;;;;;;
;3/31/21;SATP;https://www.satp.org/terrorist-activity/afghanistan-Mar-2021;Naher & Mittlerer Osten;Afghanistan;AFG;Herat;Shindand;34,3454;62,2136;NB;NB;NB;TÖT;IED;Autobombe;SK;GD;NDS;;;;4;;;;;;;;;;;
;3/31/21;SATP;https://satp.org/terrorist-activity/pakistan-Mar-2021;Naher & Mittlerer Osten;Pakistan;PAK;Karachi;Manghopir Road;24,942731;67,020341;NB;NB;NB;VERL;FW;;ZIV;REL;Religionsgelehrter Mufti Saleemullah;;1;;;;;;;;;;;;;
;3/31/21;Hiiraan Online;https://www.hiiraan.com/news/2021/Apr/wararka_maanta1-177178.htm?utm_source=hiiraan&utm_medium=WararkaMaantaFront;Afrika;Somalia;SOM;Mudug;Galkayo;6.76972;47.43082;Al-Shabaab;REMO;NAT;TÖT;FW;;SK;POL;;;;;1;;;;;;;;;;;
;4/1/21;SATP;https://www.satp.org/terrorist-activity/india-Apr-2021;Südostasien;Indien;IND;Nowgam;Aribagh;34.01404;74.82292;Laschkar-e Taiba;REMO;TRANS;TÖT;FW;;ZIV;GOV;;;;;1;;;;;;;;;;;
;4/1/21;SATP;https://www.satp.org/terrorist-activity/afghanistan-Mar-2021;Naher & Mittlerer Osten;Afghanistan;AFG;Herat;Herat city;34,3454;62,2136;NB;NB;NB;TÖT;IED;;SK;POL;;;;;2;1;;;;;;;;;;
;4/1/21;SATP;https://www.satp.org/terrorist-activity/afghanistan-Apr-2021;Naher & Mittlerer Osten;Afghanistan;AFG;Herat;Kamar Kolagh, Rabat-e-Sangi highway;34,3503;62,203;NB;NB;NB;TÖT;IED;;SK;POL;;;;;2;2;;;;;;;;;;
;4/1/21;SATP;https://www.satp.org/terrorist-activity/afghanistan-Apr-2021;Naher & Mittlerer Osten;Afghanistan;AFG;Nangarhar;Jalalabad, D3;34,4347;70,4381;NB;NB;NB;TÖT;FW;;SK;POL;;;;;1;;;;;;;;;;;
;4/1/21;SATP;https://www.satp.org/terrorist-activity/afghanistan-Apr-2021;Naher & Mittlerer Osten;Afghanistan;AFG;Baghlan;Pul-e-Khumri;35,9513;68,7106;Taliban;REMO;NAT;TÖT;FW;;SK;POL;;;;;1;;;;;;;;;;;
;4/1/21;Radio Okapi;https://www.radiookapi.net/2021/04/07/actualite/securite/maniema-4-morts-et-250-maisons-incendiees-lors-dune-attaque-des-mai;Afrika;DR Kongo;COD;Maniema;Kabambare, Babuyu;-4,47597;27,68369;Mai-Mai;SEP;REG;TÖT;FW;;ZIV;PP;Dörfer;4;;;;;;250 Häuser in 6 Dörfern in Brand gesteckt;;;;;;;;
;4/2/21;HumAngle;https://humanglemedia.com/over-80-civilians-killed-by-boko-haram-in-cameroon-since-jan-2021-report/;Afrika;Kamerun;CMR;Extrême-Nord;Mayo-Sava, Mora, Soueram;11,04718;14,13527;Boko Haram;REMO;TRANS;VERL;FW;;SK;MIL;Multinational Joint Task Force Camp;;;;;11;;;;;;;;;;
;4/2/21;SATP;https://www.satp.org/terrorist-activity/afghanistan-Apr-2021;Naher & Mittlerer Osten;Afghanistan;AFG;Helmand;Lashkargah, Chahar Gul, Helmand-Kandahar highway;31,5983;64,4054;NB;NB;NB;TÖT;IED;;ZIV;PP;;5;;;;;;;;;;;;;;
;4/2/21;SATP;https://www.satp.org/terrorist-activity/afghanistan-Apr-2021;Naher & Mittlerer Osten;Afghanistan;AFG;Herat ;Kushk-e-Kohna;34,9532;62,2404;NB;NB;NB;TÖT;IED;;ZIV;PP;;;7;;;;;;;;;;;;;
;4/2/21;ACLED;https://www.caboligado.com/reports/cabo-ligado-weekly-29-march-4-april-2021;Afrika;Mosambik;MOZ;Cabo Delgado;Macomia, Pangane;-11,99999;40,53630;NB;REMO;REG;ENTF;FW;;ZIV;PP;;;;1;;;;;;;;;;;;
;4/2/21;UN News , Crisis Group;https://news.un.org/en/story/2021/04/1088982 , https://www.crisisgroup.org/crisiswatch/database?location_region%5B0%5D=1&location%5B0%5D=26&crisis_state=&created=custom&from_month=1&from_year=2021&to_month=12&to_year=2021&page=0;Afrika;Mali;MLI;Kidal;Tessalit, Aguelhok;19.46419;0.85736;JNIM;REMO;TRANS;TÖT;FW;;SK;MIL;UN-Blauhelm Stützpunkt;;;;4;19;;;;;;;;;;
;4/3/21;SATP;https://www.satp.org/terrorist-activity/india-Apr-2021;Südostasien;Indien;IND;Etapalli Taluka ;Burgi ;20.59368;78.96288;CPI-M;SOZ;NAT;TÖT;FW;;ZIV;GOV;;1;;;;;;;;;;;;;;
;4/3/21;Radio Okapi;https://www.radiookapi.net/2021/04/05/actualite/securite/ituri-une-vingtaine-de-personnes-prises-en-otage-par-des-presumes-adf;Afrika;DR Kongo;COD;Ituri;Irumu, Mungwanga;0,95564;29,41145;ISCAP;REMO;TRANS;ENTF;FW;;ZIV;PP;Dörfer;;;22;;;;;Entführte Personen als Transporter gestohlener Gegenstände genutzt;;;;;;;
;4/3/21;U.S. Dept. of State , Al Jazeera , Horn Observer , Hiiraan Online;https://www.state.gov/reports/country-reports-on-terrorism-2021/somalia/ , https://www.aljazeera.com/news/2021/4/3/al-shabab-fighters-attack-two-somali-national-army-bases , https://hornobserver.com/articles/785/Al-Shabaab-attacks-military-bases-outside-Somali-capital , https://www.hiiraan.com/news4/2021/Apr/182182/explosions_in_somalia_kill_at_least_15_army_bases_targeted.aspx?utm_source=hiiraan&utm_medium=SomaliNewsUpdateFront;Afrika;Somalia;SOM;Lower Shabelle;Bariire/Aw Dheegle;2.01025;44.87623;Al-Shabaab;REMO;NAT;TÖT;IED;Zuerst Autobomben, dann Feuergefechte;SK;MIL;Zwei Militärstützpunkte;;;;48;;;;Opferzahlen wahrscheinlich höher;;;;;;;
;4/3/21;Hiiraan Online;https://www.hiiraan.com/news4/2021/Apr/182182/explosions_in_somalia_kill_at_least_15_army_bases_targeted.aspx?utm_source=hiiraan&utm_medium=SomaliNewsUpdateFront , https://www.hiiraan.com/news/2021/Apr/wararka_maanta3-177199.htm?utm_source=hiiraan&utm_medium=WararkaMaantaFront , https://www.hiiraan.com/news/2021/Apr/wararka_maanta3-177197.htm?utm_source=hiiraan&utm_medium=WararkaMaantaFront;Afrika;Somalia;SOM;Mogadishu;Shangani;2.03633;45.34715;NB;NB;NB;TÖT;IED;Selbstmordanschlag;ZIV;ÖP;Cafe;5;4;;;;;;;;;;;;;
;4/3/21;Hiiraan Online;https://www.hiiraan.com/news/2021/May/wararka_maanta25-177675.htm?utm_source=hiiraan&utm_medium=WararkaMaantaFront;Afrika;Somalia;SOM;Bari;Qandala;11.47193;49.87341;ISS;REMO;TRANS;TÖT;IED;;SK;MIL;;;;;2;;;;;;;;;;;
;4/3/21;Crisis Group;https://www.crisisgroup.org/crisiswatch/database?location%5B%5D=27&crisis_state=&created=custom&from_month=1&from_year=2021&to_month=12&to_year=2021;Afrika;Niger;NER;Diffa;N'gagam;13.55292;12.86651;ISWAP;REMO;TRANS;TÖT;FW;;SK;MIL;Armeeposten;;;;4;;;;;;;;;;;
;4/3/21;NINA;https://www.ninanews.com/Website/News/Details?key=896904;Naher & Mittlerer Osten;Irak;IRQ;Baghdad;Madain;33.10261;44.58166;NB;NB;NB;VERL;FW;;SK;MIL;Brigadegeneral;;;;;1;;;Leibwächter verwundet;;;;;;;
;4/3/21;NINA;https://www.ninanews.com/Website/News/Details?key=896928;Naher & Mittlerer Osten;Irak;IRQ;Nineveh;Mosul, Hammam Al-Alil, Hawi Kenitra;36.15620;43.12030;NB;NB;NB;TÖT;IED;;ZIV;PP;Farmer;1;1;;;;;;;;;;;;;
;4/3/21;NINA;https://www.ninanews.com/Website/News/Details?key=897045;Naher & Mittlerer Osten;Irak;IRQ;Dhi Qar;Al-Shyukh market;30.89328;46.46354;NB;NB;NB;ZERS;SON;Schallwaffe;ZIV;ÖP;Poetry festival;;;;;;;;;;;;;;;
;4/4/21;ACLED , Sana'a Center for Strategic Studies;https://acleddata.com/yemen-conflict-observatory/#curated (Yemen Conflict Observatory Dataset - YEM64045) , https://sanaacenter.org/files/TYR_Annual_report_2022_en.pdf;Naher & Mittlerer Osten;Jemen;YEM;Shabwah;Rudum, Balhaf;14.00441;48.17630;Al-Qaeda - Arabian Peninsula;REMO;TRANS;ZERS;RAM;Mörser;SK;MIL;Emirati coalition camp, airport;;;;;;;;Keine Personenschäden bekannt;;;;;;;
;4/4/21;Actualite;https://actualite.cd/2021/04/06/rdc-une-dizaine-de-corps-decouverts-apres-une-attaque-des-combattants-adf-pres-de-mamove;Afrika;DR Kongo;COD;Nord-Kivu;Beni, Maelekwe;0,75713;29,46758;ISCAP;REMO;TRANS;TÖT;SON;Macheten;ZIV;PP;Dorf;12;;2;;;;;;;;;;;;
;4/4/21;SATP;https://www.satp.org/terrorist-activity/afghanistan-Apr-2021;Naher & Mittlerer Osten;Afghanistan;AFG;Helmand;Nawa;31,4455;64,2615;NB;NB;NB;TÖT;IED;Autobombe;SK;MIL;;;;;2;;;;;;;;;;;
;4/4/21;SATP;https://www.satp.org/terrorist-activity/afghanistan-Apr-2021;Naher & Mittlerer Osten;Afghanistan;AFG;Helmand;Helmand-Kandahar highway;31,8352;64,4454;NB;NB;NB;TÖT;FW;;SK;MIL;;;;;9;;;;;;;;;;;
;4/4/21;SATP;https://www.satp.org/terrorist-activity/afghanistan-Apr-2021;Naher & Mittlerer Osten;Afghanistan;AFG;Kabul;Paghman, Qargha;34,5884;68,9597;NB;NB;NB;TÖT;IED;;SK;MIL;;;;;1;3;;;;;;;;;;
;4/4/21;SATP;https://www.satp.org/terrorist-activity/afghanistan-Apr-2021;Naher & Mittlerer Osten;Afghanistan;AFG;Kabul;Paghman;34,5884;68,9597;NB;NB;NB;TÖT;IED;;SK;MIL;;;;;3;12;;;;;;;;;;
;4/4/21;SATP;https://satp.org/terrorist-activity/pakistan-Apr-2021;Naher & Mittlerer Osten;Pakistan;PAK;Peshawar;Chota Lahore Police Juristriktion, Ambar Interchange;34,015136;71,524915;NB;NB;NB;TÖT;FW;;ZIV;GOV;Richter Aftab Afridi vom Anti-Terrorismus Gericht Swat;4;;;;2;;;;;;;;;;
;4/4/21;Crisis Group;https://www.crisisgroup.org/crisiswatch/database?location%5B%5D=27&crisis_state=&created=custom&from_month=1&from_year=2021&to_month=12&to_year=2021;Afrika;Niger;NER;Tillaberi;Torodi;13.12081;1.80009;ISGS;REMO;TRANS;ZERS;BRA;;ZIV;EDU;Schulen;;;;;;;Schulen in Brand gesetzt;;;;;;;;
;4/4/21;Radio Okapi;https://www.radiookapi.net/2021/04/05/actualite/securite/sud-kivu-un-officier-de-larmee-tue-dans-des-combats-entre-larmee-et;Afrika;DR Kongo;COD;Sud-Kivu;Kalehe, Katasomwa;-2,02106;28,66058;Mai-Mai;SEP;REG;TÖT;FW;;SK;MIL;;;;;2;;;;;;;;;;;
;4/4/21;NINA;https://www.ninanews.com/Website/News/Details?key=897067;Naher & Mittlerer Osten;Irak;IRQ;Kirkuk;Daquq, Rashad, Dabaa;35.16777;44.17740;ISIS;REMO;TRANS;ENTF;FW;;ZIV;PP;;;;1;;;;;;;;;;;;
;4/4/21;NINA;https://www.ninanews.com/Website/News/Details?key=897059;Naher & Mittlerer Osten;Irak;IRQ;Qadisiyah;Hamza ;31.54050;44.74800;NB;NB;NB;ZERS;FW;;ZIV;VIP;Anführer der Demonstrationsbewegung;;;;;;;Privathaus beschädigt;;;;;;;;
;4/4/21;NINA;https://www.ninanews.com/Website/News/Details?key=897163;Naher & Mittlerer Osten;Irak;IRQ;Saladin;Balad, Balad Air Base;33.93987;44.36932;NB;NB;NB;;RAM;Raketen;SK;MIL;Militärbasis;;;;;;;;;;;;;;;
;4/4/21;NINA;https://www.ninanews.com/Website/News/Details?key=897226;Naher & Mittlerer Osten;Irak;IRQ;Qadisiyah;International Highway;31.95755;45.05939;NB;NB;NB;ZERS;IED;;SK;MIL;logistischer Konvoi der internationalen Koalition;;;;;;;;;;;;;;;
;4/5/21;ACLED;https://acleddata.com/curated-data-files/#regional (Africa Dataset - KEN7667);Afrika;Kenia;KEN;Lamu;Lamu West, Mkomami;-2,26474;40,89438;Al-Shabaab;REMO;TRANS;ZERS;IED;;SK;MIL;Militärkonvoi;;;;;;;Keine Schäden angegeben;Keine Personenschäden bekannt;;;;;;;
;4/5/21;SATP;https://satp.org/terrorist-activity/pakistan-Apr-2021;Naher & Mittlerer Osten;Pakistan;PAK;Quetta;Saryab Flyover;30,1824;66,995631;Balochistan Liberation Army ;SEP;REG;VERL;HGR;;SK;MLZ;Kontrollposten Frontier Corps;;;;;1;;;;;;;;;;
;4/5/21;SATP;https://www.satp.org/terrorist-activity/afghanistan-Apr-2021;Naher & Mittlerer Osten;Afghanistan;AFG;Kabul;Kabul city, D12;34,5304;69,2474;NB;NB;NB;TÖT;FW;;ZIV;PP;retired soldier;1;;;;;;;;;;;;;;
;4/5/21;SATP;https://www.satp.org/terrorist-activity/afghanistan-Apr-2021;Naher & Mittlerer Osten;Afghanistan;AFG;Nangarhar;Sorkh Rod, Ghazi Baba ;34,4119;70,3114;Taliban;REMO;NAT;TÖT;FW;;SK;POL;;;;;4;;;;;;;;;;;
;4/5/21;U.S. Dept. of State , BBC;https://www.state.gov/reports/country-reports-on-terrorism-2021/nigeria/ , https://www.bbc.com/news/world-africa-56644577;Afrika;Nigeria;NGA;Imo;Owerri;5.48973;7.03419;Indigenous People of Biafra;SEP;REG;TÖT;RAM;RPG;SK;POL;Gefängnis;;;;1;;;;1844 Insassen befreit;;;;;;;
;4/5/21;Radio Okapi;https://www.radiookapi.net/2021/04/06/actualite/securite/nord-kivu-un-mort-lors-dune-attaque-des-miliciens-apcls-nyatura;Afrika;DR Kongo;COD;Nord-Kivu;Masisi, Mpati/Bweru;-1,15728;28,87087;Mai-Mai;SEP;REG;VERL;FW;;SK;MIL;Armeeposition;;1;;;;1;;1 Soldat als Geisel genommen;;;;;;;
;4/5/21;Radio Okapi;https://www.radiookapi.net/2021/04/06/actualite/securite/nord-kivu-un-mort-lors-dune-attaque-des-miliciens-apcls-nyatura;Afrika;DR Kongo;COD;Nord-Kivu;Burungu;-1,33319;29,02244;Mai-Mai;SEP;REG;TÖT;FW;;SK;POL;Polizeistation;;;;1;;;;;;;;;;;
;4/5/21;NINA;https://www.ninanews.com/Website/News/Details?key=897372;Naher & Mittlerer Osten;Irak;IRQ;Babil;;32.59080;44.55300;NB;NB;NB;ZERS;IED;;SK;MIL;logistischer Konvoi der internationalen Koalition;;;;;;;;;;;;;;;
;4/5/21;NINA;https://www.ninanews.com/Website/News/Details?key=897395;Naher & Mittlerer Osten;Irak;IRQ;Baghdad;Mahmoudiya, Yusufiyah;33.15810;44.26254;NB;NB;NB;ZERS;IED;;SK;MIL;logistischer Konvoi der internationalen Koalition;;;;;;;;;;;;;;;
;4/6/21;Radio Okapi;https://www.radiookapi.net/2021/04/07/actualite/securite/ituri-5-personnes-tuees-par-les-miliciens-de-la-codeco-katsu;Afrika;DR Kongo;COD;Ituri;Djugu, Katsu;2,06368;30,55601;CODECO;SEP;REG;TÖT;SON;Macheten;ZIV;PP;;5;;;;;;;;;;;;;;
;4/6/21;SATP;https://www.satp.org/terrorist-activity/afghanistan-Apr-2021;Naher & Mittlerer Osten;Afghanistan;AFG;Kabul;Paghman, Arghandi Square;34,5884;68,9597;NB;NB;NB;TÖT;FW;;SK;MIL;;;;;1;;;;;;;;;;;
;4/6/21;SATP;https://satp.org/terrorist-activity/pakistan-Apr-2021;Naher & Mittlerer Osten;Pakistan;PAK;Larkana;Waggan;27,492149;67,961306;NB;NB;NB;VERL;FW;;ZIV;GOV;Chef der JUI-F Partei und sein Sohn;;2;;;;;;;;;;;;;
;4/6/21;Crisis Group , The Times ;https://www.crisisgroup.org/crisiswatch/database?location%5B0%5D=83&crisis_state=&created=custom&from_month=1&from_year=2021&to_month=12&to_year=2021&page=0 , https://www.thetimes.com/article/islamic-state-takes-dozens-of-hostages-in-surprise-syria-desert-attack-gvlq6cnpg;Naher & Mittlerer Osten ;Syrien;SYR;Hama;As-Salamija, Al-Saan;35.26405;37.37538;ISIS;REMO;TRANS;ENTF;FW;Stürmung des Gebäudes mittels Motorräder;SK;POL;Polizeistation, Dorf;1;;11;;;8;;;;;;;;;
;4/6/21;NINA;https://www.ninanews.com/Website/News/Details?key=897450;Naher & Mittlerer Osten;Irak;IRQ;Diyala;Baquba, Tahrir;33.74782;44.61488;NB;NB;NB;VERL;HGR;;ZIV;PP;;;3;;;;;;;;;;;;;
;4/6/21;NINA;https://www.ninanews.com/Website/News/Details?key=897626;Naher & Mittlerer Osten;Irak;IRQ;Babil;Musayyib, Jurf Al-Sakhar, Abd Weiss;32.86810;44.16980;NB;NB;NB;VERL;IED;;SK;MLZ;Checkpoint der PMF;;;;;2;;;;;;;;;;
;4/7/21;Actualite;https://actualite.cd/2021/04/07/rdc-beni-trois-morts-dont-deux-soldats-dans-une-nouvelle-attaque-sanglante-pres-de;Afrika;DR Kongo;COD;Nord-Kivu;Beni, Ruwenzori, Ngadu;0,42310;29,65440;ISCAP;REMO;TRANS;TÖT;FW;Hinterhalt;SK;MIL;;1;;;2;;;Motorrad in Brand gesteckt;;;;;;;;
;4/7/21;Actualite;https://actualite.cd/2021/04/07/rdc-adf-deux-attaques-simultanees-kainama-ce-mercredi , https://actualite.cd/2021/04/07/rdc-beni-trois-morts-dont-deux-soldats-dans-une-nouvelle-attaque-sanglante-pres-de;Afrika;DR Kongo;COD;Nord-Kivu;Beni, Kainama, Vido/Kisuhi;0,94015;29,86204;ISCAP;REMO;TRANS;ENTF;BRA;;SK;MIL;Armeepositionen;;;2;;;;2 Armeepositionen in Brand gesteckt;;;;;;;;
;4/7/21;SATP;https://www.satp.org/terrorist-activity/afghanistan-Apr-2021;Naher & Mittlerer Osten;Afghanistan;AFG;Nangarhar;Jalalabad ;34,4283;70,4578;NB;NB;NB;TÖT;IED;;ZIV ;PP;;2;18;;;;;;;;;;;;;
;4/7/21;SATP;https://www.satp.org/terrorist-activity/afghanistan-Apr-2021;Naher & Mittlerer Osten;Afghanistan;AFG;Kabul;Paghman, Qala Wazir;34,5884;68,9597;NB;NB;NB;TÖT;FW;;ZIV ;GOV;employee National Statistics Office;1;;;;;;;;;;;;;;
;4/7/21;SATP;https://www.satp.org/terrorist-activity/india-Apr-2021;Südostasien;Indien;IND;Jammu and Kashmir ;Shopian, Imamsahib;33.74396;74.91066;NB;NB;NB;ZERS;FW;;SK;POL;;;;;;;;;Keine Personenschäden;;;;;;;
;4/7/21;SATP;https://www.satp.org/terrorist-activity/afghanistan-Apr-2021;Naher & Mittlerer Osten;Afghanistan;AFG;Kandahar;Kandahar airfield;31,5032;65,8497;Taliban;REMO;NAT;ZERS;RAM;;SK;MIL;Airfield;;;;;;;;Keine Verletzten;;;;;;;
;4/7/21;SATP;https://www.satp.org/terrorist-activity/afghanistan-Apr-2021;Naher & Mittlerer Osten;Afghanistan;AFG;Kabul;Paghman, Kobaki;34,5884;68,9597;Taliban;REMO;NAT;TÖT;FW;;SK;POL;;;;;1;2;;;;;;;;;;
;4/7/21;Radio Okapi;https://www.radiookapi.net/2021/04/07/actualite/securite/kalemie-les-creuseurs-cible-dattaques-armees-bendera;Afrika;DR Kongo;COD;Tanganyika;Kalemie, Bendera, Nganda mining site;-5,06129;29,00317;Mai-Mai;SEP;REG;ENTF;FW;;ZIV;UNT;Goldmine;;;15;;;;;Bergarbeiter geschlagen und entführt;;;;;;;
;4/7/21;NINA;https://www.ninanews.com/Website/News/Details?key=897721;Naher & Mittlerer Osten;Irak;IRQ;Babil;International Highway;32.59080;44.55300;NB;NB;NB;ZERS;IED;;SK;MIL;logistischer Konvoi der Internationalen Koalition;;;;;;;;;;;;;;;
;4/7/21;NINA;https://www.ninanews.com/Website/News/Details?key=897753;Naher & Mittlerer Osten;Irak;IRQ;Diyala;Muqdadiyah, Qazlaja ;34.02850;45.00620;NB;NB;NB;VERL;IED;;ZIV;PP;;;2;;;;;;;;;;;;;
;4/8/21;Horn Observer , Hiiraan Online;https://hornobserver.com/articles/796/Five-killed-in-blasts-in-Mogadishu-and-Baidoa , https://www.hiiraan.com/news/2021/Apr/wararka_maanta8-177236.htm?utm_source=hiiraan&utm_medium=WararkaMaantaFront;Afrika;Somalia;SOM;Middle Shabelle;Mahaday, Buurane;2.97374;45.53501;Al-Shabaab;REMO;NAT;TÖT;IED;;SK;MIL;Checkpoint;;;;2;;;;;;;;;;;
;4/8/21;France24 , Voice of America;https://www.france24.com/en/africa/20210505-french-journalist-kidnapped-in-mali-appears-in-video-asking-for-help , https://www.voanews.com/a/freed-after-two-years-french-journalist-recalls-life-as-hostage-in-mali/7070534.html;Afrika;Mali;MLI;Gao;;16.27800;-0.04400;JNIM;REMO;TRANS;ENTF;FW;;ZIV;MEDIA;Französischer Journalist;;;1;;;;;Nach 2 Jahren befreit;;;;;;;
;4/8/21;NINA;https://www.ninanews.com/Website/News/Details?key=898025;Naher & Mittlerer Osten;Irak;IRQ;Saladin;Amirli ;34.69480;44.53070;ISIS;REMO;TRANS;VERL;IED;;ZIV;PP;Farmer;;5;;;;;;;;;;;;;
;4/9/21;Actualite;https://actualite.cd/2021/04/09/rdc-nouvelle-embuscade-adf-sur-la-route-beni-kasindi-au-moins-5-morts , https://actualite.cd/2021/04/10/beni-3-militaires-tues-dans-une-nouvelle-attaque-pres-de-mutwanga;Afrika;DR Kongo;COD;Nord-Kivu;Beni, Kilya, Beni-Kasindi road;0,38703;29,59344;ISCAP;REMO;TRANS;TÖT;FW;;ZIV;PP;Händler;6;;;;;;2 Fahrzeuge in Brand gesteckt;;;;;;;;
;4/9/21;Actualite;https://actualite.cd/2021/04/10/beni-3-militaires-tues-dans-une-nouvelle-attaque-pres-de-mutwanga;Afrika;DR Kongo;COD;Nord-Kivu;Beni, Ruwenzori, Nzenga;0,33879;29,72364;ISCAP;REMO;TRANS;TÖT;FW;;SK;MIL;Armeeposition;;;;3;;;;;;;;;;;
;4/9/21;SATP;https://www.satp.org/terrorist-activity/afghanistan-Apr-2021;Naher & Mittlerer Osten;Afghanistan;AFG;Balkh;Mazar-e-Sharif;36,704;67,117;NB;NB;NB;VERL;IED;;ZIV;ETH;;;6;;;;;;;;;;;;;
;4/9/21;SATP;https://www.satp.org/terrorist-activity/india-Apr-2021;Südostasien;Indien;IND;Anantnag;Bijbehara;33.78689;75.09957;NB;NB;NB;TÖT;FW;;SK;MIL;;;;;1;;;;;;;;;;;
;4/10/21;Radio Okapi;https://www.radiookapi.net/2021/04/11/actualite/securite/ituri-20-personnes-prises-en-otage-nyeniza-par-les-miliciens-de-la;Afrika;DR Kongo;COD;Ituri;Djugu, Nyeniza;1,79348;30,41316;CODECO;SEP;REG;ENTF;FW;;ZIV;PP;Dorf;;;20;;;;Mehrere Häuser in Brand gesteckt;;;;;;;;
;4/10/21;Radio Okapi;https://www.radiookapi.net/2021/04/11/actualite/securite/ituri-9-morts-dans-une-incursion-des-miliciens-de-codeco-djugu;Afrika;DR Kongo;COD;Ituri;Djugu, Jiba;1,86398;30,68103;CODECO;SEP;REG;TÖT;FW;;SK;MIL;;3;;;3;;;;;;;;;;;
;4/10/21;Radio Okapi;https://www.radiookapi.net/2021/04/11/actualite/securite/ituri-9-morts-dans-une-incursion-des-miliciens-de-codeco-djugu;Afrika;DR Kongo;COD;Ituri;Djugu, Tsoro;1,80352;30,51275;CODECO;SEP;REG;ZERS;BRA;;ZIV;NGO;MEMISA;;;;;;;Fahrzeug in Brand gesteckt;;;;;;;;
;4/10/21;Radio Okapi;https://www.radiookapi.net/2021/04/11/actualite/securite/ituri-9-morts-dans-une-incursion-des-miliciens-de-codeco-djugu;Afrika;DR Kongo;COD;Ituri;Djugu, Lopa;1,73938;30,34176;CODECO;SEP;REG;TÖT;FW;;ZIV;PP;;3;;;;;;;;;;;;;;
;4/10/21;SATP;https://satp.org/terrorist-activity/pakistan-Apr-2021;Naher & Mittlerer Osten;Pakistan;PAK;Karak;Batani Khel;33,110479;71,091375;NB;NB;NB;TÖT;FW;;ZIV;MEDIA;Journalist Waseem Alam (Sada-e-lawaghir);1;;;;;;;;;;;;;;
;4/10/21;Horn Observer , Hiiraan Online;https://hornobserver.com/articles/796/Five-killed-in-blasts-in-Mogadishu-and-Baidoa , https://www.hiiraan.com/news4/2021/Apr/182258/somalia_seven_killed_eight_injured_in_two_terrorist_explosions.aspx?utm_source=hiiraan&utm_medium=SomaliNewsUpdateFront;Afrika;Somalia;SOM;Bay;Baidoa;3.11995;43.64446;Al-Shabaab;REMO;NAT;TÖT;IED;Selbstmordanschlag;ZIV;GOV;Regionaler Governor;6;5;;;2;;;;;;;;;;
;4/10/21;Horn Observer , Hiiraan Online;https://hornobserver.com/articles/796/Five-killed-in-blasts-in-Mogadishu-and-Baidoa , https://www.hiiraan.com/news4/2021/Apr/182253/two_people_killed_in_land_mine_attack_in_mogadishu.aspx?utm_source=hiiraan&utm_medium=SomaliNewsUpdateFront;Afrika;Somalia;SOM;Mogadishu;Huriwa;2.08368;45.38641;Al-Shabaab;REMO;NAT;TÖT;IED;Bombe am Straßenrand;SK;POL;Fahrzeug, dass Polizisten transportierte;2;1;;;;;Polizeiwagen zerstört;;;;;;;;
;4/10/21;Actualite;https://actualite.cd/2021/04/13/sud-kivu-un-militaire-tue-lors-de-lattaque-du-qg-de-larmee-minembwe-par-les-hommes-de;Afrika;DR Kongo;COD;Sud-Kivu;Fizi, Minembwe;-3,93442;28,73006;Twirwaneho;SEP;REG;TÖT;FW;;SK;MIL;Armee Hauptquartier;;;;1;;;;;;;;;;;
;4/10/21;NINA;https://www.ninanews.com/Website/News/Details?key=898254;Naher & Mittlerer Osten;Irak;IRQ;Nineveh;Mosul, Al-Houd;35.88237;43.30038;ISIS;REMO;TRANS;VERL;IED;;ZIV;PP;;;3;;;;;;;;;;;;;
;4/10/21;NINA;https://www.ninanews.com/Website/News/Details?key=898174;Naher & Mittlerer Osten;Irak;IRQ;Babil;Hillah, Abu Gharaq;32.53972;44.31868;NB;NB;NB;ZERS;FW;;SK;MLZ;Bus mit PMF-Truppen;;;;;;;Fahrzeug beschädigt;;;;;;;;
;4/10/21;NINA;https://www.ninanews.com/Website/News/Details?key=898290;Naher & Mittlerer Osten;Irak;IRQ;Baghdad;Madain, Bismayah;33.19057;44.61599;NB;NB;NB;TÖT;IED;Bombe am Straßenrand;ZIV;PP;;1;1;;;;;;;;;;;;;
;4/11/21;SATP;https://www.satp.org/terrorist-activity/india-Apr-2021;Südostasien;Indien ;IND;Chhattisgarh;Bijapur;18.92113;80.89222;CPI-M;SOZ;NAT;ZERS;BRA;;ZIV;KI;cars involved in a water filter plant were destroyed ;;;;;;;;;;;;;;;
;4/11/21;U.S. Dept of State;https://www.state.gov/reports/2021-report-on-international-religious-freedom/burkina-faso/;Afrika;Burkina Faso;BFA;Sahel;Soum, Yagha, Babonga;13,10637;0,59195;NB;NB;NB;TÖT;FW;;ZIV;REL;Vor Moschee;2;;;;;;;;;;;;;;
;4/11/21;SATP;https://www.satp.org/terrorist-activity/afghanistan-Apr-2021;Naher & Mittlerer Osten;Afghanistan;AFG;Kandahar;Arghandab;31,6663;65,6727;NB;NB;NB;TÖT;IED;Landmine;ZIV;PP;;6;6;;;;;;;;;;;;;
;4/11/21;SATP;https://www.satp.org/terrorist-activity/afghanistan-Apr-2021;Naher & Mittlerer Osten;Afghanistan;AFG;Sar-e-pul;Sozma Qala ;36,0971;66,5897;NB;NB;NB;TÖT;IED;;ZIV;PP;;3;;;;;;;;;;;;;;
;4/11/21;SATP;https://www.satp.org/terrorist-activity/afghanistan-Apr-2021;Naher & Mittlerer Osten;Afghanistan;AFG;Herat;Herat city;34,3485;62,2036;NB;NB;NB;TÖT;IED;;SK;POL;;;;;3;;;;;;;;;;;
;4/11/21;SATP;https://www.satp.org/terrorist-activity/india-Apr-2021;Südostasien;Indien;IND;Budgam;Magam ;34.09459;74.59654;NB;NB;NB;TÖT;FW;;ZIV ;PP;;1;;;;;;;;;;;;;;
;4/11/21;ACLED;https://www.caboligado.com/reports/cabo-ligado-weekly-5-11-april-2021;Afrika;Mosambik;MOZ;Cabo Delgado;Palma city;-10,77650;40,46610;NB;REMO;REG;TÖT;SON;;ZIV;PP;Opfer hat Information an Behörden weitergegeben;1;;;;;;;Opfer wurde geköpft;;;;;;;
;4/11/21;SATP;https://www.satp.org/terrorist-activity/afghanistan-Apr-2021;Naher & Mittlerer Osten;Afghanistan;AFG;Herat;Kushk, Torghundi;35,2464;62,284;Taliban;REMO;NAT;TÖT;FW;;SK ;POL;;;;;2;;;;;;;;;;;
;4/11/21;NINA;https://www.ninanews.com/Website/News/Details?key=898535;Naher & Mittlerer Osten;Irak;IRQ;Saladin;;34.65470;44.45760;NB;NB;NB;ZERS;IED;;SK;MIL;logistischer Konvoi der internationalen Koalition;;;;;;;;;;;;;;;
;4/12/21;Philippine News Agency;https://www.pna.gov.ph/articles/1136563;Südostasien;Philippinen;PHL;Bangsamoro Autonomous Region in Muslim Mindanao;Tipo-Tipo, Barangay Baguindan;6.47231;122.13207;Abu Sayyaf;REMO;REG;VERL;IED;;SK;MIL;Patrouille;;1;;;1;;;;;;;;;;
;4/12/21;SATP;https://www.satp.org/terrorist-activity/afghanistan-Apr-2021;Naher & Mittlerer Osten;Afghanistan;AFG;Balkh;Mazar-e-Sharif, D5, Ferdawsi square;36,7128;67,1333;NB;NB;NB;TÖT;FW;;SK;MIL;army doc;;;;2;;;;;;;;;;;
;4/12/21;SATP;https://www.satp.org/terrorist-activity/afghanistan-Apr-2021;Naher & Mittlerer Osten;Afghanistan;AFG;Farah;Farah city, PD1;32,3757;62,1216;NB;NB;NB;TÖT;IED;Autobombe;ZIV;PP;;3;18;;;6;;;;;;;;;;
;4/12/21;SATP;https://www.satp.org/terrorist-activity/india-Apr-2021;Südostasien;Indien ;IND;North Garo Hills;Mendipathar, Soksan;25.89872;90.64352;NB;NB;NB;ZERS;BRA;;ZIV ;PP;;;;;;;;;Keine Personenschäden;;;;;;;
;4/12/21;SATP;https://www.satp.org/terrorist-activity/afghanistan-Apr-2021;Naher & Mittlerer Osten;Afghanistan;AFG;Balkh;Chimtal, Sar Asyab;36,5048;66,9353;Taliban;REMO;NAT;TÖT;FW;;SK;MIL;outpost;;;;10;;;;;;;;;;;
;4/12/21;France24 , ISS;https://www.france24.com/en/africa/20210608-soldier-killed-in-ivory-coast-attack , https://issafrica.org/iss-today/terrorism-in-cote-divoire-is-no-longer-just-an-external-threat;Afrika;Elfenbeinküste;CIV;Savanes;National road A12;9.49125;-4.36221;JNIM;REMO;TRANS;ZERS;IED;;SK;POL;Polizei-Fahrzeug;;;;;;;Polizei-Fahrzeug getroffen;Jihadists werden als Angreifer identifiziert;;;;;;;
;4/12/21;Actualite;https://actualite.cd/2021/04/13/rdc-un-mort-et-un-blesse-lors-dune-attaque-armee-contre-un-hopital-bijojo-uvira;Afrika;DR Kongo;COD;Süd-Kivu;Uvira, Bijojo, Bijojo hospital;-2,86864;28,90752;Twirwaneho;SEP;REG;TÖT;FW;;ZIV;KI;Krankenhaus;1;;;;1;;Plünderung;;;;;;;;
;4/12/21;NINA;https://www.ninanews.com/Website/News/Details?key=898566;Naher & Mittlerer Osten;Irak;IRQ;Basra;Shatt Al-Arab, Tanuma;30.75190;47.72390;NB;NB;NB;TÖT;FW;;SK;POL;;;;;1;;;;;;;;;;;
;4/13/21;UNOCHA;https://reliefweb.int/report/cameroon/cameroon-situation-report-3-jun-2021;Afrika;Kamerun;CMR;Nord-Ouest;Bui, Kumbo;6,20944;10,68677;Amba Boys;SEP;REG;ENTF;FW;;ZIV;KI;Medizinisches Personal;;;3;;;;;Am nächsten Tag alle 3 wieder freigelassen;;;;;;;
;4/13/21;SATP;https://satp.org/terrorist-activity/pakistan-Apr-2021;Naher & Mittlerer Osten;Pakistan;PAK;Karachi;Hub, Fußballstadion;25,026529;66,885951;NB;NB;NB;VERL;IED;Ferngezündete Bombe auf der Tribüne;ZIV;ÖP;;;7;;;;;;;;;;;;;
;4/13/21;Crisis24;https://crisis24.garda.com/alerts/2021/04/syria-suspected-car-bomb-detonates-near-ras-al-ayn-april-13;Naher & Mittlerer Osten ;Syrien;SYR;Al-Hasakah;Ras al-Ayn city;36.84959;40.07399;NB;NB;NB;VERL;IED;Autobombe;SK;MLZ;Von Türkei unterstützte Kämpfer;;;;;2;;;"""(…) the explosion led to a number of injuries (…).""";;;;;;;
;4/13/21;SATP;https://www.satp.org/terrorist-activity/afghanistan-Apr-2021;Naher & Mittlerer Osten;Afghanistan;AFG;Baghlan;Dahana-e-Ghory, Kocha-e-Bukhari;35,8124;68,6871;Taliban;REMO;NAT;TÖT;FW;;SK;POL;;;;;7;;;;;;;;;;;
;4/13/21;NINA;https://www.ninanews.com/Website/News/Details?key=898941;Naher & Mittlerer Osten;Irak;IRQ;Nineveh;Mosul, Al-Zanjili;36.35512;43.11053;NB;NB;NB;TÖT;FW;;ZIV;PP;;1;;;;;;;;;;;;;;
;4/14/21;Voice of America;https://www.voanews.com/a/middle-east_saudi-university-catches-fire-near-yemen-border-attack/6204600.html;Naher & Mittlerer Osten ;Saudi-Arabien;SAU;Jazan;Jazan city, Jazan university;16.97398;42.57545;Houthi;REMO;TRANS;ZERS;RAM;Ballistische Raketen und Drohnen mit Sprengstoff;ZIV;EDU;Universitäts-Campus;;;;;;;Trümmerteile abgewehrter Drohnen und Raketen verursachen Feuer;Unklar, ob Universität versehentlich getroffen wurde;;;;;;;
;4/14/21;Actualite;https://actualite.cd/2021/04/18/rdc-beni-decouverte-macabre-de-trois-corps-sans-vie-pres-de-mamove , https://actualite.cd/2021/04/14/rdc-nouvelle-embuscade-des-combattants-adf-beni;Afrika;DR Kongo;COD;Nord-Kivu;Beni, Malibo, Mamove-Oicha road;0,79734;29,46525;ISCAP;REMO;TRANS;TÖT;FW;Hinterhalt;ZIV;NGO;Menschenrechtsaktivistin;3;;12;;;;1 Fahrzeug in Brand gesteckt;Eine der Toten war eine Menschenrechtsaktivistin;;;;;;;
;4/14/21;SATP;https://www.satp.org/terrorist-activity/afghanistan-Apr-2021;Naher & Mittlerer Osten;Afghanistan;AFG;Zabul;Shah Joy, Holand;32,5104;67,4078;Taliban;REMO;NAT;TÖT;FW;;SK;MIL;army base;;;;10;;;;;;;;;;;
;4/14/21;SATP;https://www.satp.org/terrorist-activity/afghanistan-Apr-2021;Naher & Mittlerer Osten;Afghanistan;AFG;Badghis ;Muqur;35,0372;63,2922;Taliban;REMO;NAT;TÖT;FW;;SK;POL;;;;;4;;;;;;;;;;;
;4/14/21;SATP;https://www.satp.org/terrorist-activity/afghanistan-Apr-2021;Naher & Mittlerer Osten;Afghanistan;AFG;Ghor;Firozkoh, Wazhguna;34,5199;65,2492;Taliban;REMO;NAT;TÖT;FW;;SK ;POL ;;;;;1;;;;;;;;;;;
;4/14/21;Horn Observer;https://hornobserver.com/articles/810/Civilian-vehicle-hit-by-IED-kills-at-least-17-in-Somalias-Middle-Shabelle-region;Afrika;Somalia;SOM;Middle Shabelle;Mogadishu-Jowhar road, Gololey;2.44891;45.35527;Al-Shabaab;REMO;NAT;TÖT;IED;;ZIV;TI;Passagierbus;17;2;;;;;;;;;;;;;
;4/14/21;NINA;https://www.ninanews.com/Website/News/Details?key=899132 , https://www.ninanews.com/Website/News/Details?key=899162;Naher & Mittlerer Osten;Irak;IRQ;Nineveh;Shikhan, Zilkan base;36.53438;43.36479;NB;NB;NB;;RAM;Katyusha Raketen;SK;MIL;Türkische Truppen;;;;1;;;;;;;;;;;
;4/15/21;Actualite;https://actualite.cd/2021/04/15/nouvelle-incursion-des-presumes-bakata-katanga-lubumbashi-un-policier-tue;Afrika;DR Kongo;COD;Haut-Katanga;Lubumbashi;-11,67970;27,47884;Bakata-Katanga;SEP;REG;TÖT;FW;;SK;POL;Polizeicamp;;;;1;2;;;;;;;;;;
;4/15/21;SATP;https://www.satp.org/terrorist-activity/afghanistan-Apr-2021;Naher & Mittlerer Osten;Afghanistan;AFG;Kandahar;Shah Wali Kot, Zartalai;32,0861;66,0402;NB;NB;NB;TÖT;IED;;ZIV;PP;;4;;;;;;;;;;;;;;
;4/15/21;SATP;https://satp.org/terrorist-activity/pakistan-Apr-2021;Naher & Mittlerer Osten;Pakistan;PAK;Bajaur;Mamond tehsil;34,831846;71,406188;NB;NB;NB;TÖT;FW;;SK;POL;Polizist vor seinem Haus;;;;1;;;;;;;;;;;
;4/15/21;SATP;https://satp.org/terrorist-activity/pakistan-Apr-2021;Naher & Mittlerer Osten;Pakistan;PAK;Lasbela;Hub;25,176558;66,974973;NB;NB;NB;VERL;HGR;Handgranate von Motorrad aus geworfen;SK;MIL;Angriff auf Sicherheitscheckpoint, Zivilisten verletzt;;3;;;;;;;;;;;;;
;4/15/21;Crisis Group;https://www.crisisgroup.org/crisiswatch/database?location%5B%5D=27&crisis_state=&created=custom&from_month=1&from_year=2021&to_month=12&to_year=2021;Afrika;Niger;NER;Diffa;Maine-Soroa;13.21515;12.02808;ISWAP;REMO;TRANS;TÖT;FW;;SK;POL;Gendarmerie Station;;;;2;;;;;;;;;;;
;4/15/21;NINA;https://www.ninanews.com/Website/News/Details?key=899158;Naher & Mittlerer Osten;Irak;IRQ;Erbil;Erbil Airport;36.22693;43.96595;NB;NB;NB;ZERS;SON;Drohnenangriff;SK;MIL;Zentrum der internationalen Koalitionstruppen;;;;;;;Gebäude beschädigt;;;;;;;;
;4/15/21;NINA;https://www.ninanews.com/Website/News/Details?key=899221;Naher & Mittlerer Osten;Irak;IRQ;Nineveh;Hamdaniya, Bartella, Basakhra ;36.36713;43.42994;NB;NB;NB;VERL;RAM;Katyusha Raketen;SK;MLZ;PMF;;;;;1;;;;;;;;;;
;4/15/21;NINA;https://www.ninanews.com/Website/News/Details?key=899265 , https://www.ninanews.com/Website/News/Details?key=899310;Naher & Mittlerer Osten;Irak;IRQ;Baghdad;Zawra, Habbibiyah;33.35898;44.45553;NB;NB;NB;TÖT;IED;Autobombe;ZIV;ÖP;Marktplatz;1;12;;;;;mehrere Fahrzeuge ausgebrannt;;;;;;;;
;4/15/21;NINA;https://www.ninanews.com/Website/News/Details?key=899349;Naher & Mittlerer Osten;Irak;IRQ;Anbar;Hit, Ain Al-Assad base;33.79988;42.41738;NB;NB;NB;;RAM;Raketen;SK;MIL;Militärbasis;;;;;;;;;;;;;;;
;4/15/21;NINA;https://www.ninanews.com/Website/News/Details?key=899351;Naher & Mittlerer Osten;Irak;IRQ;Anbar;;33.16300;41.63300;NB;NB;NB;ZERS;IED;;SK;MIL;logistischer Konvoi der internationalen Koalition;;;;;;;;;;;;;;;
;4/16/21;Radio Okapi;https://www.radiookapi.net/2021/04/18/actualite/securite/ituri-trois-morts-lors-dune-nouvelle-attaque-de-la-milice-codeco;Afrika;DR Kongo;COD;Ituri;Djugu, Fataki;1,98815;30,58284;CODECO;SEP;REG;TÖT;FW;;ZIV;ÖP;Einkaufszentrum;3;;;;;;108 Häuser in 6 Dörfern in Brand gesteckt;;;;;;;;
;4/16/21;SATP;https://www.satp.org/terrorist-activity/india-Apr-2021;Südostasien;Indien;IND;Sukma;Gorgunda;18.20143;81.43943;CPI-M;SOZ;NAT;TÖT;SON;Pfeil und Bogen;ZIV;TI;;1;;;;;;1 Fahrzeug zerstört;;;;;;;;
;4/16/21;SATP;https://www.satp.org/terrorist-activity/india-Apr-2021;Südostasien;Indien;IND;Sukma;Bhejji;18.04023;81.30215;CPI-M;SOZ;NAT;TÖT;SON;Scharfe (blanke) Waffen;SK;POL;;;;;2;;;;;;;;;;;
;4/16/21;SOS-Torture/Burundi;https://sostortureburundi.org/wp-content/uploads/2021/08/Quaterly_report_2_2021.pdf;Afrika;Burundi;BDI;Mwaro;Rusaka;-3,44008;29,63187;NB;NB;NB;TÖT;FW;;ZIV;PP;Bar;7;4;;;;;;;;;;;;;
;4/16/21;SATP;https://www.satp.org/terrorist-activity/afghanistan-Apr-2021;Naher & Mittlerer Osten;Afghanistan;AFG;Herat;Zinda Jan, Bazarak;34,4054;61,7692;NB;NB;NB;TÖT;IED;Autobombe;SK;POL;;;;;3;;;;;;;;;;;
;4/16/21;SATP;https://www.satp.org/terrorist-activity/india-Apr-2021;Südostasien;Indien ;IND;Noney;Kaiphundai, NH-37 (Imphal-Jiribam road);24.79778;93.23519;NB;NB;NB;ZERS;FW;;ZIV ;UNT;Konvoi von Trucks und Öllastern;;;;;;;Kaputte Reifen, Öllecks;Keine Personenschäden;;;;;;;
;4/16/21;Horn Observer , Hiiraan Online;https://hornobserver.com/articles/826/Somalia-Blast-kills-district-official-in-Mogadishu , https://www.hiiraan.com/news4/2021/Apr/182335/hamar_jajab_district_commissioner_killed_in_mogadishu.aspx?utm_source=hiiraan&utm_medium=SomaliNewsUpdateFront;Afrika;Somalia;SOM;Mogadishu;;2.08917;45.27706;Al-Shabaab;REMO;NAT;TÖT;SON;Messer;ZIV;GOV;Distriktkommissar;1;;;;;;;;;;;;;;
;4/16/21;Meir Amit Intelligence and Terrorism Information Center;https://www.terrorism-info.org.il/en/spotlight-on-global-jihad-april-15-21-2021/;Naher & Mittlerer Osten ;Syrien;SYR;Homs;Palmyra city;34.58268;38.36325;ISIS;REMO;TRANS;TÖT;IED;Mine;ZIV;PP;;2;;;;;;;;;;;;;;
;4/17/21;SATP;https://www.satp.org/terrorist-activity/afghanistan-Apr-2021;Naher & Mittlerer Osten;Afghanistan;AFG;Badghis ;Muqur;35,0363;63,2925;NB;NB;NB;TÖT;FW;;SK;POL;;;;;3;;;;Insider attack;;;;;;;
;4/17/21;Hiiraan Online;https://www.hiiraan.com/news4/2021/Apr/182343/roadside_blast_in_somalia_kills_top_military_commander.aspx?utm_source=hiiraan&utm_medium=SomaliNewsUpdateFront;Afrika;Somalia;SOM;Middle Shabelle;Balad, Gololey;2.44891;45.35527;Al-Shabaab;REMO;NAT;TÖT;IED;Bombe am Straßenrand;SK;MIL;Armee Kommandeur;;;;2;4;;;"""Several others were also injured.""";;;;;;;
;4/17/21;Anadolu Ajansi , Crisis Group;https://www.aa.com.tr/fr/afrique/niger-19-civils-tu%C3%A9s-dans-une-attaque-pr%C3%A8s-la-fronti%C3%A8re-malienne/2212799;Afrika;Niger;NER;Tillabéri;Gaigorou;14.58130;1.12160;ISGS;REMO;TRANS;TÖT;FW;;ZIV;ETH;Zarma Ethnie;19;;;;;;;;;;;;;;
;4/17/21;NINA;https://www.ninanews.com/Website/News/Details?key=899521;Naher & Mittlerer Osten;Irak;IRQ;Kirkuk;Dibis, Bay Hassan oil field;35.66260;43.96900;ISIS;REMO;TRANS;ZERS;IED;;ZIV;KI;Ölfelder;;;;;;;Ölfelder sabotiert;;;;;;;;
;4/17/21;NINA;https://www.ninanews.com/Website/News/Details?key=899642;Naher & Mittlerer Osten;Irak;IRQ;Kirkuk;Daquq, Abu Shahab;34.89917;44.37292;ISIS;REMO;TRANS;ZERS;RAM;Mörser;SK;MLZ;Dorf;;;;;;;;;;;;;;;
;4/17/21;NINA;https://www.ninanews.com/Website/News/Details?key=899541;Naher & Mittlerer Osten;Irak;IRQ;Dhi Qar;Al-Rifai;31.71736;46.10636;NB;NB;NB;ZERS;IED;;ZIV;GOV;Bezirksverwaltung;;;;;;;Fahrzeug beschädigt;;;;;;;;
;4/17/21;NINA;https://www.ninanews.com/Website/News/Details?key=899562;Naher & Mittlerer Osten;Irak;IRQ;Dhi Qar;International Highway;31.10170;46.38910;NB;NB;NB;ZERS;IED;;SK;MIL;logistischer Konvoi der internationalen Koalition;;;;;;;;;;;;;;;
;4/18/21;colombiareports;https://colombiareports.com/at-least-11-killed-hundreds-displaced-amid-combat-in-southwest-colombia/;Lateinamerika;Kolumbien;COL;Cauca;Argelia;2,25362;-77,24875;Carlos Patiño Front ;SOZ;NAT;VERL;IED;;ZIV;PP;;;3;;;;;;;;;;;;;
;4/18/21;NINA;https://www.ninanews.com/Website/News/Details?key=899735;Naher & Mittlerer Osten;Irak;IRQ;Kirkuk;Rashad, Saeedi;35.01430;44.05240;ISIS;REMO;TRANS;ENTF;FW;;ZIV;VIP;Scheich von Al-Obaid;;;1;;;;;;;;;;;;
;4/18/21;NINA;https://www.ninanews.com/Website/News/Details?key=899833 , https://www.ninanews.com/Website/News/Details?key=899854;Naher & Mittlerer Osten;Irak;IRQ;Saladin;Balad, Balad Air Base;33.93987;44.36932;NB;NB;NB;VERL;RAM;Raketen;SK;MIL;Luftwaffenbasis;;;;;2;;;;;;;;;;
;4/19/21;SATP;https://satp.org/terrorist-activity/pakistan-Apr-2021;Naher & Mittlerer Osten;Pakistan;PAK;Punjab;Lahore;31,52037;74,358747;Tehrik-i-Taliban Pakistan  ;REMO;TRANS;ENTF;FW;;SK;POL;;;;;;;11;;Elf Polizisten wurden zuvor als Geisel genommen und nun freigelassen;;;;;;;
;4/19/21;NINA;https://www.ninanews.com/Website/News/Details?key=900070;Naher & Mittlerer Osten;Irak;IRQ;Diyala;Khalis, Adhaim, Shadheef;34.17606;44.42444;ISIS;REMO;TRANS;VERL;FW;;SK;MIL;Militärposten;;;;;2;;;;;;;;;;
;4/19/21;NINA;https://www.ninanews.com/Website/News/Details?key=899951;Naher & Mittlerer Osten;Irak;IRQ;Diyala;Baquba, Kanan, Al-Bijat;33.48790;44.84830;NB;NB;NB;TÖT;IED;;SK;MIL;;;;;1;2;;;;;;;;;;
;4/19/21;NINA;https://www.ninanews.com/Website/News/Details?key=899955;Naher & Mittlerer Osten;Irak;IRQ;Baghdad;Mansour, Khadhra;33.31941;44.30829;NB;NB;NB;TÖT;FW;;SK;POL;Polizeioffizier;;;;1;;;;;;;;;;;
;4/19/21;NINA;https://www.ninanews.com/Website/News/Details?key=900047;Naher & Mittlerer Osten;Irak;IRQ;Kirkuk;Dibis, Kobiba;35.60710;44.07850;NB;NB;NB;TÖT;IED;;SK;MLZ;PMF;;;;1;;;;;;;;;;;
;4/20/21;Actualite;https://actualite.cd/2021/04/20/rdc-ituri-une-dizaine-de-civils-tues-par-les-miliciens-shari-afflux-des-deplaces-bunia;Afrika;DR Kongo;COD;Ituri;Irumu, Shari-Nyara;1,49020;30,18870;CODECO/FPIC;SEP;REG;TÖT;FW;;ZIV;PP;;12;1;;;;;;;;;;;;;
;4/20/21;SATP;https://www.satp.org/terrorist-activity/afghanistan-Apr-2021;Naher & Mittlerer Osten;Afghanistan;AFG;Kabul;Kabul city, D12, Arzan Qemat;34,5304;69,2474;NB;NB;NB;TÖT;FW;;SK;MIL;Offizier;1;;;1;;;;;;;;;;;
;4/20/21;SATP;https://www.satp.org/terrorist-activity/afghanistan-Apr-2021;Naher & Mittlerer Osten;Afghanistan;AFG;Kabul;Kabul city, PD15, Charahi Shahid, Airport road;34,554;69,2067;NB;NB;NB;VERL;IED;Autobombe;SK;GD;Konvoi des GD;;1;;;6;;;;;;;;;;
;4/20/21;SATP;https://satp.org/terrorist-activity/pakistan-Apr-2021;Naher & Mittlerer Osten;Pakistan;PAK;Islamabad;;33,68442;73,047885;NB;NB;NB;VERL;FW;;ZIV;MEDIA;Journalist und ehemaliger Vorsitzender der Pakistan Electronic Media Authority (PEMRA) Absar Alam;;1;;;;;;;;;;;;;
;4/20/21;SATP;https://www.satp.org/terrorist-activity/afghanistan-Apr-2021;Naher & Mittlerer Osten;Afghanistan;AFG;Herat;Ghoryan, Police Headquarters;34,3389;61,5087;Taliban;REMO;NAT;TÖT;IED;Autobombe;SK;MLZ;PUF;;12;;2;3;;Mehrere Wohnhäuser zerstört oder beschädigt;;;;;;;;
;4/20/21;Luxemburger Wort;https://www.wort.lu/international/erneut-viele-tote-sicherheitskraefte-in-afghanistan/1102875.html;Naher & Mittlerer Osten;Afghanistan;AFG;Badakhshan;Zebak;36.45880;71.35830;Taliban;REMO;NAT;TÖT;FW;;SK;POL;Angriff auf Kontrollposten;;;;8;;;;;;;;;;;
;4/20/21;Horn Observer;https://hornobserver.com/articles/826/Somalia-Blast-kills-district-official-in-Mogadishu;Afrika;Somalia;SOM;Mogadishu;Darusalam;2.12785;45.32264;Al-Shabaab;REMO;NAT;TÖT;IED;Bombe am Straßenrand;ZIV;GOV;Official für Sicherheit und Politische Affären;1;;;;4;;;"""(…) and several of his bodyguards sustained injuries (…).""";;;;;;;
;4/21/21;SATP;https://www.satp.org/terrorist-activity/india-Apr-2021;Südostasien;Indien;IND;Chhattisgarh;Narayanpur;19.71956;81.24724;NB;NB;NB;VERL;IED;;SK;POL;;;;;;1;;;;;;;;;;
;4/21/21;France24 , APA News;https://www.france24.com/en/africa/20210608-soldier-killed-in-ivory-coast-attack , https://apanews.net/ivory-coast-rules-out-jihadists-involment-in-abidjan-attack/;Afrika;Elfenbeinküste;CIV;Abidjan district;Abidjan city;5.32342;-4.01630;NB;NB;NB;VERL;FW;;SK;MIL;Militärbasis;;;;;1;;;Jihadisten werden als Angreifer ausgeschlossen;;;;;;;
;4/21/21;SATP;https://www.satp.org/terrorist-activity/afghanistan-Apr-2021;Naher & Mittlerer Osten;Afghanistan;AFG;Ghor;Dawlatyar;34,5583;65,7681;Taliban;REMO;NAT;TÖT;FW;;ZIV;GOV;;4;;;;;;;;;;;;;;
;4/21/21;SATP;https://satp.org/terrorist-activity/pakistan-Apr-2021;Naher & Mittlerer Osten;Pakistan;PAK;Balochistan;Quetta, Shahrha-e-Zarghun Road, Serena Hotel;30,204409;67,012245;Tehrik-i-Taliban Pakistan  ;REMO;TRANS;TÖT;IED;Autobombe;ZIV;GOV;Ziel war der nicht anwesende chinesische Botschafter;4;12;;1;;;;;;;;;;;
;4/21/21;Hiiraan Online;https://www.hiiraan.com/news/2021/Apr/wararka_maanta21-177367.htm?utm_source=hiiraan&utm_medium=WararkaMaantaFront , https://www.hiiraan.com/news4/2021/Apr/182373/mortar_shells_target_somalia_s_presidential_palace.aspx?utm_source=hiiraan&utm_medium=SomaliNewsUpdateFront;Afrika;Somalia;SOM;Mogadishu;Bondhere;2.04624;45.34109;Al-Shabaab;REMO;NAT;TÖT;RAM;Mörser;ZIV;GOV;Nähe des Präsidentenpalasts;3;5;;;;;;;;;;;;;
;4/21/21;Actualite;https://actualite.cd/2021/04/22/rdc-un-militaire-tue-lors-dune-tentative-dattaque-des-miliciens-contre-une-base-de-la;Afrika;DR Kongo;COD;Nord-Kivu;Lubero, Mulo;-0,12325;29,26787;Mai-Mai;SEP;REG;TÖT;FW;;SK;MIL;MONUSCO Basis;;;;1;;;;;;;;;;;
;4/21/21;SATP;https://www.satp.org/terrorist-activity/india-Apr-2021;Südostasien;Indien;IND;Sivasagar ;Lakuwa tea estate ;27.01356;94.85724;United Liberation Front of Asom;SEP;REG;ENTF;FW;;ZIV;UNT;;;;3;;;;;Mindestens 2 wurden später befreit;;;;;;;
;4/21/21;NINA;https://www.ninanews.com/Website/News/Details?key=900304;Naher & Mittlerer Osten;Irak;IRQ;Diyala;Jalawla, Sayed Jarad al-Sebahi;34.28690;45.10820;ISIS;REMO;TRANS;ZERS;FW;;ZIV;ÖP;Dorf;;;;;;;Fahrzeuge zerstört und Nutztiere getötet;;;;;;;;
;4/21/21;NINA;https://www.ninanews.com/Website/News/Details?key=900342;Naher & Mittlerer Osten;Irak;IRQ;Kirkuk;Dibis, Qaradara;35.62940;44.13500;ISIS;REMO;TRANS;TÖT;IED;;ZIV;PP;;1;;;;;;;;;;;;;;
;4/21/21;NINA;https://www.ninanews.com/Website/News/Details?key=900394;Naher & Mittlerer Osten;Irak;IRQ;Nineveh;Mosul, Al-Battishah;36.27850;42.80070;ISIS;REMO;TRANS;VERL;IED;;ZIV;PP;;;1;;;;;;;;;;;;;
;4/21/21;NINA;https://www.ninanews.com/Website/News/Details?key=900272;Naher & Mittlerer Osten;Irak;IRQ;Diyala;Khanaqin;34.30643;45.55696;NB;NB;NB;TÖT;IED;;SK;MIL;;;;;1;3;;;;;;;;;;
;4/21/21;NINA;https://www.ninanews.com/Website/News/Details?key=900277;Naher & Mittlerer Osten;Irak;IRQ;Diyala;Jalawla, Al-Islah;34.40660;45.12460;NB;NB;NB;ZERS;RAM;Mörser;ZIV;ÖP;Dorf;;;;;;;Gebäude beschädigt;;;;;;;;
;4/22/21;SATP;https://www.satp.org/terrorist-activity/afghanistan-Apr-2021;Naher & Mittlerer Osten;Afghanistan;AFG;Parwan;Bagram;34,9343;69,2328;Taliban;REMO;NAT;TÖT;FW;;SK;POL;;;;;1;3;;;;;;;;;;
;4/22/21;Horn Observer , Hiiraan Online;https://hornobserver.com/articles/836/Dermatologist-Doctor-assassinated-in-Somali-capital , https://www.hiiraan.com/news4/2021/Apr/182388/prominent_doctor_killed_in_mogadishu.aspx?utm_source=hiiraan&utm_medium=SomaliNewsUpdateFront;Afrika;Somalia;SOM;Mogadishu;Hodan, Al-Baraka;2.03895;45.30607;NB;NB;NB;TÖT;FW;;ZIV;KI;Arzt;1;;;;;;;;;;;;;;
;4/23/21;SATP;https://www.satp.org/terrorist-activity/india-Apr-2021;Südostasien;Indien;IND;Chhattisgarh;Bijapur, Aidsmeta;21.27865;81.86614;CPI-M;SOZ;NAT;TÖT;FW;;SK;POL;Deputy Inspector;;;;1;;;zuvor entführt;;;;;;;;
;4/23/21;SATP;https://www.satp.org/terrorist-activity/india-Apr-2021;Südostasien;Indien ;IND;West Singhbhum ;Kudaburu;22.63459;85.45924;CPI-M;SOZ;NAT;TÖT;FW;;ZIV;PP;;1;;;;;;;;;;;;;;
;4/23/21;SATP;https://www.satp.org/terrorist-activity/india-Apr-2021;Südostasien;Indien ;IND;Bacheli;Bhansi ;18.82099;81.33291;CPI-M;SOZ;NAT;ZERS;SON;Zug entgleisen lassen;ZIV;TI;;;;;;;;Zug entgleist;Keine Personenschäden;;;;;;;
;4/23/21;Radio Okapi;https://www.radiookapi.net/2021/04/24/actualite/securite/beni-8-morts-apres-une-nouvelle-attaque-des-presumes-adf;Afrika;DR Kongo;COD;Nord-Kivu;Beni, Aveyi;0,62660;29,65458;ISCAP;REMO;TRANS;TÖT;FW;;ZIV;PP;Dorf;8;;20;;;;;;;;;;;;
;4/23/21;SATP;https://www.satp.org/terrorist-activity/afghanistan-Apr-2021;Naher & Mittlerer Osten;Afghanistan;AFG;Kandahar;Arghandab, Qabaristan;31,6503;65,6523;NB;NB;NB;TÖT;IED;;ZIV;PP;;4;3;;;;;;;;;;;;;
;4/23/21;SATP;https://www.satp.org/terrorist-activity/afghanistan-Apr-2021;Naher & Mittlerer Osten;Afghanistan;AFG;Kabul-northern highway ;;34,5629;69,1236;NB;NB;NB;TÖT;FW;;ZIV;VIP;tribal elder;1;;;;;;;;;;;;;;
;4/23/21;SATP;https://www.satp.org/terrorist-activity/afghanistan-Apr-2021;Naher & Mittlerer Osten;Afghanistan;AFG;Herat;;34,3442;62,2005;NB;NB;NB;TÖT;FW;;ZIV;PP;;1;;;;;;;;;;;;;;
;4/23/21;SATP;https://www.satp.org/terrorist-activity/afghanistan-Apr-2021;Naher & Mittlerer Osten;Afghanistan;AFG;Kabul;Kabul city, D7, Rishkhor;34,5069;69,1601;NB;NB;NB;TÖT;FW;;ZIV ;GOV;;1;;;;;;;;;;;;;;
;4/23/21;ACLED;https://www.caboligado.com/reports/cabo-ligado-weekly-19-25-april-2021;Afrika;Mosambik;MOZ;Cabo Delgado;Palma city, Expansao;-10,77650;40,46610;NB;REMO;REG;TÖT;FW;;ZIV;PP;;5;;;;;;mind. 7 Wohnhäuser in Brand gesetzt;;;;;;;;
;4/23/21;U.S. Dept. of State;https://www.state.gov/reports/country-reports-on-terrorism-2021/venezuela/;Lateinamerika;Venezuela;VEN;Apure;La Capilla;7.03581;-71.38468;FARC-EP;SOZ;TRANS;TÖT;FW;;SK;MIL;;;;;12;;8;;Die 8 entführten Soldaten wurden später freigelassen;;;;;;;
;4/23/21;BBC;https://www.bbc.com/news/world-europe-56862436;Europa;Frankreich;FRA; Île-de-France;Rambouillet;48.64720; 1.82759;NB;REMO;NB;TÖT;SON;Messer;SK;POL;Polizeistation;;;;1;;;;;;;;;;;
;4/23/21;The Guardian Nigeria , Ripples Nigeria;https://guardian.ng/news/jihadists-kill-31-soldiers-in-northeast-nigeria/ , https://www.ripplesnigeria.com/11-family-members-killed-as-iswap-takes-over-geidam-in-yobe/;Afrika;Nigeria;NGA;Yobe;Geidam;12.89013;11.92823;ISWAP;REMO;TRANS;TÖT;RAM;Projektil, dann gezielte Tötungen;ZIV;EDU;Lehrer;15;;;;;;;4 von 15 Toten sind Lehrer;;;;;;;
;4/23/21;NINA;https://www.ninanews.com/Website/News/Details?key=900659;Naher & Mittlerer Osten;Irak;IRQ;Diyala;Baquba, Al-Jizani;33.85515;44.74929;NB;NB;NB;TÖT;IED;;SK;POL;;;;;1;4;;;;;;;;;;
;4/23/21;NINA;https://www.ninanews.com/Website/News/Details?key=900659;Naher & Mittlerer Osten;Irak;IRQ;Diyala;Baquba, Al-Jizani;33.85515;44.74929;NB;NB;NB;VERL;IED;;ZIV;PP;;;2;;;;;;;;;;;;;
;4/24/21;UNOCHA;https://reliefweb.int/report/cameroon/cameroon-situation-report-3-jun-2021;Afrika;Kamerun;CMR;Sud-Ouest;Manyu;5,70355;9,41991;Amba Boys;SEP;REG;VERL;FW;;ZIV;NGO;Humanitäre Hilfe;;2;;;;;;;;;;;;;
;4/24/21;UNOCHA;https://reliefweb.int/report/cameroon/cameroon-situation-report-3-jun-2021;Afrika;Kamerun;CMR;Sud-Ouest;Manyu;5,70355;9,41991;Amba Boys;SEP;REG;ENTF;FW;;ZIV;NGO;UN-Partner Organisation;;;5;;;;;Alle 5 wieder freigelassen;;;;;;;
;4/24/21;Radio Okapi;https://www.radiookapi.net/2021/04/25/actualite/securite/ituri-deux-militaires-et-un-civil-tues-par-des-miliciens-de-fpic;Afrika;DR Kongo;COD;Ituri;Irumu, Bunia;1,45963;30,06138;FPIC;SEP;REG;TÖT;FW;;SK;MIL;Armeeposition;;;;2;;;;;;;;;;;
;4/24/21;Radio Okapi;https://www.radiookapi.net/2021/04/25/actualite/securite/ituri-deux-militaires-et-un-civil-tues-par-des-miliciens-de-fpic;Afrika;DR Kongo;COD;Ituri;Irumu, Bunia;1,45963;30,06138;FPIC;SEP;REG;TÖT;FW;;ZIV;PP;;1;;;;;;;;;;;;;;
;4/24/21;SATP;https://www.satp.org/terrorist-activity/india-Apr-2021;Südostasien;Indien ;IND;West Singhbhum ;Suruburu ;22.36508;85.43755;CPI-M;SOZ;NAT;VERL;BRA;Verprügelt;ZIV;TI;;;4;;;;;Mehrere Fahrzeuge zerstört;;;;;;;;
;4/24/21;SATP;https://www.satp.org/terrorist-activity/afghanistan-Apr-2021;Naher & Mittlerer Osten;Afghanistan;AFG;Kabul;Paghman, Panjar Chinar;34,5906;68,9561;NB;NB;NB;TÖT;FW;;SK;POL;;;;;4;;;;;;;;;;;
;4/24/21;SATP;https://www.satp.org/terrorist-activity/afghanistan-Apr-2021;Naher & Mittlerer Osten;Afghanistan;AFG;Nangarhar;Jalalabad;34,4235;70,4607;NB;NB;NB;TÖT;IED;;SK;POL;;;1;;2;;;;;;;;;;;
;4/24/21;SATP;https://www.satp.org/terrorist-activity/afghanistan-Apr-2021;Naher & Mittlerer Osten;Afghanistan;AFG;Kabul;Kabul city, D4, Peshgram Higher Education Institute;34,5393;69,1566;NB;NB;NB;TÖT;FW;;ZIV;EDU;Dozenten;1;;;;;;;;;;;;;;
;4/24/21;SATP;https://www.satp.org/terrorist-activity/afghanistan-Apr-2021;Naher & Mittlerer Osten;Afghanistan;AFG;Kabul;Paghman, Khawja Musafir, Presidential palace;34,5906;68,9561;NB;NB;NB;TÖT;FW;;ZIV;GOV;Regierungsmitarbeiter;1;;;;;;;;;;;;;;
;4/24/21;ucanews;https://www.ucanews.com/news/islamist-militants-kill-three-in-southern-thailand/92234;Südostasien;Thailand;THA;Pattani;Sai Buri;6.70259;101.57518;NB;SEP;REG;TÖT;FW;;ZIV;PP;;3;;;;;;;;;;;;;;
;4/24/21;SATP;https://satp.org/terrorist-activity/pakistan-Apr-2021;Naher & Mittlerer Osten;Pakistan;PAK;Balochistan;Quetta;30,17984;66,974973;NB;NB;NB;TÖT;FW;;ZIV;MEDIA;Journalist Abdul Wahid Raisani (Azadi);1;;;;;;;;;;;;;;
;4/24/21;Radio Okapi;https://www.radiookapi.net/2021/04/25/actualite/securite/nord-kivu-6-personnes-tuees-par-des-hommes-armes-au-cours-dun-deuil;Afrika;DR Kongo;COD;Nord-Kkivu;Masisi, Shonga;-1,28794;28,86735;NB;NB;NB;TÖT;FW;;ZIV;PP;;6;;;;;;;;;;;;;;
;4/24/21;SATP;https://www.satp.org/terrorist-activity/afghanistan-Apr-2021;Naher & Mittlerer Osten;Afghanistan;AFG;Logar;Pul-e-Alam, Konjak;34,0089;69,0115;Taliban;REMO;NAT;TÖT;IED;;SK;MIL;;;;;3;;;;;;;;;;;
;4/24/21;SATP , Aljazeera;https://www.satp.org/terrorist-activity/afghanistan-Apr-2021 , https://www.aljazeera.com/news/2021/4/24/civilians-killed-in-attacks-across-three-provinces-in-afghanistan;Naher & Mittlerer Osten;Afghanistan;AFG;Ghazni;Ghazni city, D3;33,5479;68,4236;Taliban;REMO;NAT;TÖT;IED;;ZIV;PP;;4;2;;;;;;;;;;;;;
;4/24/21;Hiiraan Online;https://www.hiiraan.com/news4/2021/Apr/182410/lower_shabelle_regional_administration_official_killed_in_blast.aspx?utm_source=hiiraan&utm_medium=SomaliNewsUpdateFront;Afrika;Somalia;SOM;Lower Shabelle;Muuri;2.61328;44.88888;Al-Shabaab;REMO;NAT;TÖT;HGR;;SK;MLZ;Miliz Kommandeur;;;;4;;;;;;;;;;;
;4/24/21;Hiiraan Online;https://www.hiiraan.com/news/2021/Apr/wararka_maanta25-177393.htm?utm_source=hiiraan&utm_medium=WararkaMaantaFront , https://www.hiiraan.com/news4/2021/Apr/182410/lower_shabelle_regional_administration_official_killed_in_blast.aspx?utm_source=hiiraan&utm_medium=SomaliNewsUpdateFront;Afrika;Somalia;SOM;Lower Shabelle;Wanlaweyn;2.61926;44.89363;Al-Shabaab;REMO;NAT;TÖT;IED;Mine;ZIV;GOV;Regionaler Governor;1;;;;1;;;;;;;;;;
;4/24/21;NINA;https://www.ninanews.com/Website/News/Details?key=900775;Naher & Mittlerer Osten;Irak;IRQ;Diyala;Khalis, Hibhib, Al-Hashimiyat;33.77370;44.52520;ISIS;REMO;TRANS;VERL;FW;;SK;POL;Checkpoint;;1;;;1;;;;;;;;;;
;4/24/21;NINA;https://www.ninanews.com/Website/News/Details?key=900777;Naher & Mittlerer Osten;Irak;IRQ;Babil;Musayyib, Jurf Al-Sakhar;32.86761;44.21576;ISIS;REMO;TRANS;ZERS;FW;;SK;MLZ;PMF;;;;;;;;;;;;;;;
;4/24/21;NINA;https://www.ninanews.com/Website/News/Details?key=900847;Naher & Mittlerer Osten;Irak;IRQ;Nineveh;Mosul, Al-Safina;35.80806;43.20871;NB;NB;NB;VERL;IED;;ZIV;PP;;;2;;;;;Fahrzeug zerstört;;;;;;;;
;4/24/21;NINA;https://www.ninanews.com/Website/News/Details?key=900887;Naher & Mittlerer Osten;Irak;IRQ;Diyala;Ba'quba, Abbara, Budija/Kassiba;33.85580;44.72122;NB;NB;NB;;RAM;Mörser;ZIV;ÖP;Dorf;;;;;;;;;;;;;;;
;4/25/21;SATP;https://www.satp.org/terrorist-activity/india-Apr-2021;Südostasien;Indien ;IND;Gadchiroli;Medpalli ;19.08235;80.15182;CPI-M;SOZ;NAT;ZERS;BRA;;ZIV;TI;;;;;;;;;Keine Personenschäden;;;;;;;
;4/25/21;SATP;https://www.satp.org/terrorist-activity/india-Apr-2021;Südostasien;Indien ;IND;West Singhbhum;Lotapahar;22.61758;85.56645;CPI-M;SOZ;NAT;ZERS;IED;;ZIV;TI;;;;;;;;;Keine Personenschäden;;;;;;;
;4/25/21;Radio Okapi;https://www.radiookapi.net/2021/04/27/actualite/securite/beni-5-morts-dans-une-nouvelle-attaque-des-adf;Afrika;DR Kongo;COD;Nord-Kivu;Beni, Mantumbi;0,61904;29,48653;ISCAP;REMO;TRANS;TÖT;FW;;ZIV;PP;;5;;;;;;;;;;;;;;
;4/25/21;SATP;https://www.satp.org/terrorist-activity/afghanistan-Apr-2021;Naher & Mittlerer Osten;Afghanistan;AFG;Kandahar;Maiwand;31,623;65,0514;NB;NB;NB;TÖT;IED;;SK;POL;Commander of Kandahar's Special Forces;;;;1;;;;;;;;;;;
;4/25/21;SATP;https://satp.org/terrorist-activity/pakistan-Apr-2021;Naher & Mittlerer Osten;Pakistan;PAK;Kech;Turbat, Aabsar;25,993516;63,088354;NB;NB;NB;TÖT;FW;;ZIV;GOV;Regierungsbefürworter;2;;;;;;;;;;;;;;
;4/25/21;Crisis Group;https://www.crisisgroup.org/crisiswatch/database?location_region%5B0%5D=1&location%5B0%5D=26&crisis_state=&created=custom&from_month=1&from_year=2021&to_month=12&to_year=2021&page=0;Afrika;Mali;MLI;Kidal;Tassalit town;20.20195;1.01245;NB;REMO;NB;VERL;RAM;Raketenangriff;SK;MIL;UN-Blauhelm Stützpunkt;;;;;3;;;;;;;;;;
;4/25/21;The Guardian Nigeria , Reuters , Premium Times Nigeria;https://guardian.ng/news/jihadists-kill-31-soldiers-in-northeast-nigeria/ , https://www.reuters.com/world/africa/more-than-30-nigerian-soldiers-killed-militant-attack-sources-2021-04-26/;Afrika;Nigeria;NGA;Borno;Mainok, Mainok-Maiduguri road;11.82987;12.63098;ISWAP;REMO;TRANS;TÖT;RAM;RPG, Hinterhalt;SK;MIL;Waffenkonvoi, Militärbasis;;;;33;28;50;Basis teilweise, Polizeistation in Brand gesetzt;;;;;;;;
;4/25/21;NINA;https://www.ninanews.com/Website/News/Details?key=901135;Naher & Mittlerer Osten;Irak;IRQ;Diyala;Khalis, Aliabad;33.87711;44.51763;NB;NB;NB;TÖT;FW;;ZIV;PP;;1;1;;;;;;;;;;;;;
;4/26/21;Associated Press , Aljazeera;https://apnews.com/article/ouagadougou-africa-burkina-faso-e14b8df6f32dfb560c3ba7149d373143 , https://www.aljazeera.com/news/2021/4/29/at-least-18-killed-in-northern-burkina-faso-attack-by-gunmen;Afrika;Burkina Faso;BFA;Sahel;Séno, Seytenga, Yattakou;13,95100;0,26930;ISGS;REMO;TRANS;TÖT;FW;;ZIV;PP;;18;1;;;;;;;;;;;;;
;4/26/21;SATP;https://www.satp.org/terrorist-activity/india-Apr-2021;Südostasien;Indien ;IND;Kanker;Pakhanjore;20.03690;80.62534;CPI-M;SOZ;NAT;ZERS;BRA;;ZIV;UNT;;;;;;;;;Keine Personenschäden;;;;;;;
;4/26/21;SATP;https://www.satp.org/terrorist-activity/india-Apr-2021;Südostasien;Indien ;IND;Jharkhand ;Chatra, Laranga-Mandar ;23.61018;85.27993;CPI-M;SOZ;NAT;ZERS;BRA;;ZIV;UNT;CCL is a government owned coal business;;;;;;;;Keine Personenschäden;;;;;;;
;4/26/21;SATP;https://www.satp.org/terrorist-activity/afghanistan-Apr-2021;Naher & Mittlerer Osten;Afghanistan;AFG;Kunar;Asadabad;34,8756;71,1516;NB;NB;NB;VERL;RAM;Rakete;ZIV;GOV;Böro des Gouverneurs;;16;;;;;;;;;;;;;
;4/26/21;SATP;https://www.satp.org/terrorist-activity/afghanistan-Apr-2021;Naher & Mittlerer Osten;Afghanistan;AFG;Nangarhar;Lalpoor, Sada;31,6125;65,7425;NB;NB;NB;TÖT;FW;;ZIV;PP;;5;;;;;;;;;;;;;;
;4/26/21;SATP;https://www.satp.org/terrorist-activity/afghanistan-Apr-2021;Naher & Mittlerer Osten;Afghanistan;AFG;Logar;Mohammad Agha, Zahedabad;34,2143;69,098;Taliban;REMO;NAT;TÖT;FW;Hinterhalt;SK;MLZ;PUF;;;;7;;;;;;;;;;;
;4/26/21;SATP;https://www.satp.org/terrorist-activity/afghanistan-Apr-2021;Naher & Mittlerer Osten;Afghanistan;AFG;Kandahar;Panjwai, PD8;31,5427;65,4618;Taliban;REMO;NAT;TÖT;FW;;ZIV;UNT;demining org;1;;;;;;;;;;;;;;
;4/26/21;SATP;https://www.satp.org/terrorist-activity/afghanistan-Apr-2021;Naher & Mittlerer Osten;Afghanistan;AFG;Uruzgan;Dehrawood;32,623;65,4563;Taliban;REMO;NAT;TÖT;FW;;SK;POL;;;;;3;;;;;;;;;;;
;4/26/21;Zeit;https://www.zeit.de/gesellschaft/2021-04/burkina-faso-spanische-journalisten-tot-extremismus;Afrika;Burkina Faso;BFA;Est;Fada N'Gourma, N18 Parma-Fada N'Gourma;11,60061;0,51876;JNIM;REMO;TRANS;TÖT;FW;;SK;MIL;Anti-Wilderer und ausländische Journalisten;3;;;;6;1;;;;;;;;;
;4/26/21;Club of Mozambique;https://web.archive.org/web/20210629022924/https://clubofmozambique.com/news/mozambique-renamo-leadership-condemns-attack-on-capirizanje-aim-report-191182/;Afrika;Mosambik;MOZ;Tete;Moatize, Capirizanje;-15,99500;33,87910;Renamo Military Junta;SEP;REG;ZERS;FW;;ZIV;GOV;Haus des Leiters der Administration;;;;;;;Keine Angaben zu Sachschäden, aber auf Residenz geschossen;Keine Personenschäden;;;;;;;
;4/26/21;NINA;https://www.ninanews.com/Website/News/Details?key=901339;Naher & Mittlerer Osten;Irak;IRQ;Diyala;Miqdadiyah, Abi Sayda;33.92392;44.74680;ISIS;REMO;TRANS;VERL;FW;Scharfschütze;SK;MIL;;;;;;7;;;;;;;;;;
;4/26/21;NINA;https://www.ninanews.com/Website/News/Details?key=901392;Naher & Mittlerer Osten;Irak;IRQ;Diyala;Khanaqin, Khanaqin;34.33351;45.38092;ISIS;REMO;TRANS;TÖT;FW;;ZIV;GOV;Bürgermeister;1;;;;;;;;;;;;;;
;4/26/21;NINA;https://www.ninanews.com/Website/News/Details?key=901229;Naher & Mittlerer Osten;Irak;IRQ;Diyala;al-Waqf Basin;33.86928;44.77221;NB;NB;NB;TÖT;IED;;SK;MIL;;;;;1;5;;;;;;;;;;
;4/26/21;NINA;https://www.ninanews.com/Website/News/Details?key=901276;Naher & Mittlerer Osten;Irak;IRQ;Nineveh;Mosul, Hamam al-Alil, Khan Yunis;36.16324;43.11494;NB;NB;NB;TÖT;IED;;SK;MLZ;PMF;;;;1;4;;;;;;;;;;
;4/27/21;SATP;https://satp.org/terrorist-activity/pakistan-Apr-2021;Naher & Mittlerer Osten;Pakistan;PAK;Kech;Turbat, Cinema Chowk;26,004204;63,053854;Balochistan Liberation Front ;SEP;REG;VERL;HGR;;SK;MLZ;Kontrollposten Frontier Corps;;;;;4;;;;;;;;;;
;4/27/21;SATP;https://www.satp.org/terrorist-activity/afghanistan-Apr-2021;Naher & Mittlerer Osten;Afghanistan;AFG;Kandahar;Kandahar city, PD1;31,6359;65,7556;NB;NB;NB;TÖT;FW;;SK;MIL;;;;;2;;;;;;;;;;;
;4/27/21;Daily Sabah;https://www.dailysabah.com/politics/twin-bomb-attack-kills-child-wounds-20-in-northern-syria/news;Naher & Mittlerer Osten ;Syrien;SYR;Aleppo;Jarabulus;36.71207;37.84826;YPG;SEP;REG;TÖT;IED;Doppelanschlag Motorrad- und Autobombe;ZIV;PP;;1;20;;;;;;;;;;;;;
;4/27/21;NINA;https://www.ninanews.com/Website/News/Details?key=901479;Naher & Mittlerer Osten;Irak;IRQ;Nineveh;Mosul, Hamam al-Alil, Bakhaira ;36.21367;43.04504;ISIS;REMO;TRANS;TÖT;IED;;ZIV;PP;;2;3;;;;;;;;;;;;;
;4/27/21;NINA;https://www.ninanews.com/Website/News/Details?key=901549;Naher & Mittlerer Osten;Irak;IRQ;Diyala;Miqdadiyah, Abu Khanazir;33.88558;44.76068;ISIS;REMO;TRANS;VERL;FW;;SK;MIL;;;;;;2;;;;;;;;;;
;4/27/21;NINA;https://www.ninanews.com/Website/News/Details?key=901545;Naher & Mittlerer Osten;Irak;IRQ;Diyala;Kifri, Qara Tappa, Bani Saad;34.39135;44.92906;NB;NB;NB;ZERS;RAM;Mörser;ZIV;ÖP;Dorf;;;;;;;;;;;;;;;
;4/28/21;SATP;https://satp.org/terrorist-activity/pakistan-Apr-2021;Naher & Mittlerer Osten;Pakistan;PAK;Gwadar;Pasni, higher;25,262008;63,472405;Baloch Republican Army ;SEP;REG;TÖT;HGR;;SK;POL;Küstenwache;;;;1;3;;;Anzahl Verletzter konservativ geschätzt;;;;;;;
;4/28/21;SATP;https://www.satp.org/terrorist-activity/afghanistan-Apr-2021;Naher & Mittlerer Osten;Afghanistan;AFG;Ghor;;34,2317;64,9722;NB;NB;NB;TÖT;FW;;ZIV ;MEDIA;;1;;;;;;;;;;;;;;
;4/28/21;SATP;https://satp.org/terrorist-activity/pakistan-Apr-2021;Naher & Mittlerer Osten;Pakistan;PAK;Qila Abdullah;Hauptmarkt;30,726427;66,73414;NB;NB;NB;TÖT;IED;Bombe an Motorrad;SK;POL;;;5;;1;3;;;;;;;;;;
;4/28/21;SATP;https://satp.org/terrorist-activity/pakistan-Apr-2021;Naher & Mittlerer Osten;Pakistan;PAK;Balochistan;Kalat;29,052311;66,587877;United Baloch Army;SEP;REG;ZERS;BRA;;ZIV;KI;Funkmast;;;;;;;Funkmast zerstört;Keine Personenschäden;;;;;;;
;4/28/21;Horn Observer;https://hornobserver.com/articles/859/Mogadishu-suicide-bomb-blast-kills-three , https://www.hiiraan.com/news4/2021/Apr/182447/at_least_7_killed_in_suicide_bombing_in_somalia_s_capital.aspx?utm_source=hiiraan&utm_medium=SomaliNewsUpdateFront;Afrika;Somalia;SOM;Lower Shabelle;Afgooye;2.14595;45.11673;Al-Shabaab;REMO;NAT;TÖT;IED;Selbstmordanschlag mit Auto;SK;MIL;Custodial Korps, Polizeistation;3;2;;4;9;;;Verteilung der Verletzten auf Zivilisten und Sicherheitskräfte unklar;;;;;;;
;4/28/21;SATP;https://www.satp.org/terrorist-activity/india-Apr-2021;Südostasien;Indien;IND;Jharkhand;Chainpur, Navgai;23.22683;84.01145;Jharkhand Jan Mukti Parishad ;SOZ;REG;VERL;FW;;ZIV ;KI;Upper Shankh Reservoir (Damm);;12;;;;;;;;;;;;;
;4/28/21;NINA;https://www.ninanews.com/Website/News/Details?key=901598;Naher & Mittlerer Osten;Irak;IRQ;Diyala;Khanaqin, Karim Dawood;34.29782;45.40637;ISIS;REMO;TRANS;VERL;FW;;SK;MIL;Militärposten;;2;;;;;;;;;;;;;
;4/28/21;NINA;https://www.ninanews.com/Website/News/Details?key=901642;Naher & Mittlerer Osten;Irak;IRQ;Nineveh;Mosul, Hamam Al-Alil;36.28663;43.09477;ISIS;REMO;TRANS;TÖT;IED;;ZIV;PP;;2;;;;;;;;;;;;;;
;4/28/21;NINA;https://www.ninanews.com/Website/News/Details?key=901739;Naher & Mittlerer Osten;Irak;IRQ;Diyala;Khanaqin, Mardana;34.27750;45.38723;ISIS;REMO;TRANS;VERL;IED;;SK;MIL;;;;;;2;;;;;;;;;;
;4/29/21;U.S. Dept of State;https://www.state.gov/reports/2021-report-on-international-religious-freedom/burkina-faso/;Afrika;Burkina Faso;BFA;Centre-Nord;Sanmantenga, Solmonre;13,19029;-0,99147;NB;NB;NB;ZERS;BRA;;ZIV;GOV;Haus von village chief;;;;;;;Mehrere Häuser abgebrannt, einschließlich das des village chiefs;Bevölkerung geflohen, keine Personenschäden;;;;;;;
;4/29/21;SATP;https://www.satp.org/terrorist-activity/afghanistan-Apr-2021;Naher & Mittlerer Osten;Afghanistan;AFG;Baghlan;Khinjan;35,5879;68,9055;NB;NB;NB;TÖT;FW;;SK;POL;Familie von SF;7;;;;;;;;;;;;;;
;4/29/21;SATP;https://www.satp.org/terrorist-activity/afghanistan-Apr-2021;Naher & Mittlerer Osten;Afghanistan;AFG;Nangarhar;Jalalabad, D3;34,4347;70,4381;NB;NB;NB;VERL;IED;;ZIV;UNT;DABS;;6;;;;;;;;;;;;;
;4/29/21;SATP;https://satp.org/terrorist-activity/pakistan-Apr-2021;Naher & Mittlerer Osten;Pakistan;PAK;Kech;Tump;26,096947;62,365317;NB;NB;NB;ZERS;FW;;SK;MIL;Security Forces (SFs);;;;;;;Kein Sachschaden;Keine Personenschäden;;;;;;;
;4/29/21;NINA;https://www.ninanews.com/Website/News/Details?key=901894 , https://www.ninanews.com/Website/News/Details?key=901918;Naher & Mittlerer Osten;Irak;IRQ;Kirkuk;Hawija;35.32325;43.78258;ISIS;REMO;TRANS;TÖT;FW;;SK;MLZ;PMF;;;;1;2;;;;;;;;;;
;4/29/21;NINA;https://www.ninanews.com/Website/News/Details?key=901803;Naher & Mittlerer Osten;Irak;IRQ;Anbar;Anbar highway;33.13310;41.52884;NB;NB;NB;ZERS;IED;;SK;MIL;logistischer Konvoi der internationalen Koalition;;;;;;;;;;;;;;;
;4/30/21;ACLED;https://acleddata.com/yemen-conflict-observatory/#curated (Yemen Conflict Observatory Dataset - YEM64554);Naher & Mittlerer Osten;Jemen;YEM;Al Bayda';As Sawmaah;14.19015;45.80438;Al-Qaeda - Arabian Peninsula;REMO;TRANS;ZERS;IED;;ZIV;ÖP;Historisches Denkmal;;;;;;;Historisches Denkmal zerstört;Keine Personenschäden bekannt;;;;;;;
;4/30/21;BBC;https://www.bbc.com/news/world-asia-56949830;Naher & Mittlerer Osten;Afghanistan;AFG;Logar;Pul-e-Alam;34,0089;69,0115;NB;NB;NB;TÖT;IED;;ZIV;EDU;;30;90;;;;;;;;;;;;;
;4/30/21;ACLED;https://www.caboligado.com/reports/cabo-ligado-weekly-26-april-2-may-2021;Afrika;Mosambik;MOZ;Cabo Delgado;Palma, Quionga;-10,59605;40,50983;NB;REMO;REG;TÖT;FW;;ZIV;PP;Flüchtlinge auf dem Weg nach Tansania;5;7;;;;;;;;;;;;;
;4/30/21;ACLED , Club of Mozambique;https://www.caboligado.com/reports/cabo-ligado-weekly-26-april-2-may-2021 , https://clubofmozambique.com/news/mozambique-terrorist-attack-in-macomia-district-aim-report-191285/;Afrika;Mosambik;MOZ;Cabo Delgado;Macomia, Pangane;-11,99999;40,53630;NB;REMO;REG;TÖT;SON;;ZIV;PP;Fischer;5;;3;;;;;"Alle Opfer geköpft; ""(…) kidnapped an unspecified number of others.""";;;;;;;
;4/30/21;ACLED;https://www.caboligado.com/reports/cabo-ligado-weekly-26-april-2-may-2021;Afrika;Mosambik;MOZ;Cabo Delgado;Macomia, Mucojo;-12,06600;40,49180;NB;REMO;REG;ENTF;FW;;ZIV;PP;;;;3;;;;;;;;;;;;
;4/30/21;ACLED;https://www.caboligado.com/reports/cabo-ligado-weekly-26-april-2-may-2021;Afrika;Mosambik;MOZ;Cabo Delgado;Macomia, Chai;-11,93256;40,10659;NB;REMO;REG;ENTF;FW;;ZIV;PP;;;;4;;;;;;;;;;;;
;4/30/21;NINA;https://www.ninanews.com/Website/News/Details?key=901918;Naher & Mittlerer Osten;Irak;IRQ;Kirkuk;;34.66710;44.28246;ISIS;REMO;TRANS;TÖT;FW;;SK;POL;;;;;3;5;;;;;;;;;;
;4/30/21;NINA;https://www.ninanews.com/Website/News/Details?key=902012;Naher & Mittlerer Osten;Irak;IRQ;Diyala;Khanaqin, Naft Khanah;34.03342;45.43849;ISIS;REMO;TRANS;VERL;FW;;SK;MLZ;PMF, Checkpoint;;;;;2;;;;;;;;;;
;4/30/21;NINA;https://www.ninanews.com/Website/News/Details?key=902027;Naher & Mittlerer Osten;Irak;IRQ;Kirkuk;Hawija, Riyad, Shalakah;35.32042;43.91640;ISIS;REMO;TRANS;TÖT;FW;;SK;POL;;;;;1;1;;;;;;;;;;
;5/1/21;Crisis Group;https://www.crisisgroup.org/crisiswatch/database?location%5B%5D=27&crisis_state=&created=custom&from_month=1&from_year=2021&to_month=12&to_year=2021;Afrika;Niger;NER;Tahoua;Tillia, Agando;16.13792;4.79221;ISGS;REMO;TRANS;TÖT;FW;;ZIV;PP;Bauern;2;;;;;;;;;;;;;;
;5/1/21;SATP;https://satp.org/terrorist-activity/afghanistan-May-2021;Naher & Mittlerer Osten;Afghanistan;AFG;Farah;;32,5302;62,3146;NB;NB;NB;TÖT;FW;;ZIV;PP;;1;;;;;;;;;;;;;;
;5/1/21;SATP;https://satp.org/terrorist-activity/afghanistan-May-2021;Naher & Mittlerer Osten;Afghanistan;AFG;Paktia;Gardez;33,5993;69,2355;NB;NB;NB;TÖT;FW;;ZIV;PP;;1;;;;;;;;;;;;;;
;5/1/21;SATP;https://www.satp.org/terrorist-activity/india-May-2021;Südostasien;Indien;IND;Anantnag;Lazibal;33.73724;75.15964;NB;NB;NB;VERL;FW;;SK;POL;;;;;;1;;;;;;;;;;
;5/1/21;ACLED;https://www.caboligado.com/reports/cabo-ligado-weekly-26-april-2-may-2021;Afrika;Mosambik;MOZ;Cabo Delgado;Macomia, Chai;-11,93256;40,10659;NB;REMO;REG;VERL;FW;;SK;MLZ;;;;;;1;;;;;;;;;;
;5/1/21;U.S. Dept. of State;https://www.state.gov/reports/2021-report-on-international-religious-freedom/democratic-republic-of-the-congo/;Afrika;DR Kongo;COD;Nord-Kivu;Beni city;0,49916;29,46320;NB;NB;NB;TÖT;FW;;ZIV;REL;Muslimischer Führer;1;;;;;;;;;;;;;;
;5/1/21;SATP;https://satp.org/terrorist-activity/afghanistan-May-2021;Naher & Mittlerer Osten;Afghanistan;AFG;Badakhshan;Warduj;36,79511;71,1219;Taliban;REMO;NAT;TÖT;FW;;SK;MLZ;PuF;;;;8;;;;;;;;;;;
;5/1/21;SATP;https://satp.org/terrorist-activity/afghanistan-May-2021;Naher & Mittlerer Osten;Afghanistan;AFG;Zabul;;32,277;67,1719;Taliban;REMO;NAT;TÖT;FW;;SK;POL;;;;;3;;;;;;;;;;;
;5/1/21;ntv , Crisis Watch;https://www.n-tv.de/der_tag/Angreifer-toeten-16-Soldaten-in-Niger-article22528571.html , https://www.crisisgroup.org/crisiswatch/database?location%5B%5D=27&crisis_state=&created=custom&from_month=1&from_year=2021&to_month=12&to_year=2021;Afrika;Niger;NER;Tahoua;Tillia, Agando;16.13792;4.79221;NB;NB;NB;TÖT;FW;;SK;MIL;Nationalgarde;;;;16;6;;;;;;;;;;
;5/1/21;NINA;https://www.ninanews.com/Website/News/Details?key=902042;Naher & Mittlerer Osten;Irak;IRQ;Erbil;Erbil - Altun Kupri Bridge;35.95647;44.06895;ISIS;REMO;TRANS;TÖT;FW;;SK;MIL;Peschmerga ;;;;7;4;;;;;;;;;;
;5/1/21;NINA;https://www.ninanews.com/Website/News/Details?key=902094;Naher & Mittlerer Osten;Irak;IRQ;Diyala;Khanaqin, Al-Qaya;34.44284;45.26980;ISIS;REMO;TRANS;ENTF;FW;;ZIV;PP;Farmer;;;2;;;;;;;;;;;;
;5/1/21;NINA;https://www.ninanews.com/Website/News/Details?key=902212;Naher & Mittlerer Osten;Irak;IRQ;Diyala;Bazayz Kanaan;33.73473;45.28137;ISIS;REMO;TRANS;ZERS;FW;;SK;MIL;Militärposten;;;;;;;;;;;;;;;
;5/1/21;NINA;https://www.ninanews.com/Website/News/Details?key=902053;Naher & Mittlerer Osten;Irak;IRQ;Anbar;Rutba, Walid, Akashat ;33.66750;39.96693;NB;NB;NB;TÖT;IED;;SK;MIL;;;;;2;1;;;;;;;;;;
;5/2/21;Syrian Network for Human Rights;https://news.snhr.org/2021/05/03/civilian-killed-and-market-damaged-by-the-blast-of-a-motorcycle-bomb-of-unknown-origin-in-n-raqqa-on-may-2/;Naher & Mittlerer Osten ;Syrien;SYR;Ar-Raqqa;Tell Abyad city, Slouk, Sena'a market;36.69462;38.94999;NB;NB;NB;TÖT;IED;Motorradbombe;ZIV;ÖP;Markt;1;4;;;;;Einige Läden und Marktstände zerstört;;;;;;;;
;5/2/21;Crisis Group , Premium Times Nigeria , The Defense Post;https://www.crisisgroup.org/crisiswatch/database?location%5B0%5D=28&crisis_state=&created=custom&from_month=1&from_year=2021&to_month=12&to_year=2021&page=0 , https://www.premiumtimesng.com/news/headlines/459155-gallant-nigerian-troops-repel-boko-haram-in-deadly-battle-seven-dead.html , https://thedefensepost.com/2021/05/05/35-killed-iswap-attacks-nigeria/;Afrika;Nigeria;NGA;Borno;Ajiri;11.97346;13.71201;ISWAP;REMO;TRANS;TÖT;FW;;SK;MIL;Militärbasis;6;;;1;;;;;;;;;;;
;5/2/21;Daily Sabah;https://www.dailysabah.com/politics/war-on-terror/ypg-terrorists-hit-field-in-syrias-afrin-killing-1-child;Naher & Mittlerer Osten ;Syrien;SYR;Aleppo;Afrin;36.56875;36.79840;YPG;SEP;REG;TÖT;RAM;Raketen;ZIV;PP;Feld;1;1;;;;;;;;;;;;;
;5/3/21;U.S. Dept. of State , Crisis Group , ACLED;https://www.state.gov/reports/2021-country-reports-on-human-rights-practices/kenya/ , https://www.crisisgroup.org/crisiswatch/database?location%5B0%5D=11&crisis_state=&created=custom&from_month=1&from_year=2021&to_month=12&to_year=2021&page=0 , https://acleddata.com/curated-data-files/#regional (Africa Dataset - KEN7679);Afrika;Kenia;KEN;Lamu;Lamu East, Ishakani;-1,68620;41,53330;Al-Shabaab;REMO;TRANS;TÖT;IED;;ZIV;GOV;Grenzschutzprojekt;2;1;;;;;;;;;;;;;
;5/3/21;SATP;https://satp.org/terrorist-activity/pakistan-May-2021;Naher & Mittlerer Osten;Pakistan;PAK;Awaran;Mashkay tehsil, Ullangi Außenposten;26,91126;65,570785;Balochistan Liberation Front ;SEP;REG;TÖT;RAM;Raketen und schwere Waffen;SK;MIL;Pakistanische Armee;;;;;;;;Opferzahlen unbekannt;;;;;;;
;5/3/21;SATP;https://satp.org/terrorist-activity/pakistan-May-2021;Naher & Mittlerer Osten;Pakistan;PAK;Nasirabad;Dera Murad Jamali, Mazdoor chowk;28,5492;68,214686;Balochistan Republican Guards;SEP;REG;TÖT;HGR;;SK;MIL;Pakistanische Armee;;;;2;1;;;;;;;;;;
;5/3/21;U.S. Dept. of State;https://www.state.gov/reports/country-reports-on-terrorism-2021/burkina-faso/;Afrika;Burkina Faso;BFA;Est;Komandjari, Kodyèl ;12,80216;1,16780;NB;NB;NB;TÖT;BRA;Dorf abgebrannt und auf flüchtende Einwohner geschossen;ZIV;PP;;30;20;;;;;Dorf abgebrannt;;;;;;;;
;5/3/21;SATP;https://satp.org/terrorist-activity/afghanistan-May-2021;Naher & Mittlerer Osten;Afghanistan;AFG;Kabul;Kabul city, D1, Shor bazar;34,5121;69,1814;NB;NB;NB;TÖT;FW;;SK;GD;;;;;3;;;;;;;;;;;
;5/3/21;ACLED;https://www.caboligado.com/reports/cabo-ligado-weekly-3-9-may-2021;Afrika;Mosambik;MOZ;Cabo Delgado;Macomia, Macaloe;-11,98470;40,58150;NB;REMO;REG;ENTF;FW;;ZIV;PP;Flüchtlinge;;;40;;;;;Mind. 40 entführt (40 entkommen);;;;;;;
;5/3/21;ACLED;https://www.caboligado.com/reports/cabo-ligado-weekly-3-9-may-2021;Afrika;Mosambik;MOZ;Cabo Delgado;Macomia, Mucongwe;-12,02000;40,56550;NB;REMO;REG;TÖT;FW;;ZIV;PP;Flüchtlinge;7;4;;;;;;"""(…) injuring several more.""";;;;;;;
;5/3/21;SATP;https://satp.org/terrorist-activity/pakistan-May-2021;Naher & Mittlerer Osten;Pakistan;PAK;Dera Bugti;Sui tehsil;28,714546;68,810885;NB;NB;NB;TÖT;FW;;SK;MLZ;"Pro-Regierungs ""Death Squad"" Mitglied";;;;1;;;;;;;;;;;
;5/3/21;SATP;https://satp.org/terrorist-activity/pakistan-May-2021;Naher & Mittlerer Osten;Pakistan;PAK;Panjgur;Chitkan;26,972257;64,090158;NB;NB;NB;TÖT;FW;;ZIV;VIP;Bruder des belutschischen Dichters Khan Jan;2;;;;;;;;;;;;;;
;5/3/21;SATP;https://satp.org/terrorist-activity/pakistan-May-2021;Naher & Mittlerer Osten;Pakistan;PAK;Kech;Buleda;26,3268;62, 9502;NB;NB;NB;ZERS;FW;;ZIV;VIP;Ismail s/o Ibrahim;;;;;;;;;;;;;;;
;5/3/21;SATP;https://satp.org/terrorist-activity/afghanistan-May-2021;Naher & Mittlerer Osten;Afghanistan;AFG;Baghlan;Baghlan-e-Markazi, Jar Khoshk;36,3396;68,7817;Taliban;REMO;NAT;TÖT;FW;;SK;POL;SF;;;;9;;;;;;;;;;;
;5/3/21;SZ;https://www.sueddeutsche.de/politik/konflikte-mindestens-15-tote-bei-taliban-angriffen-in-afghanistan-dpa.urn-newsml-dpa-com-20090101-210503-99-448223;Naher & Mittlerer Osten;Afghanistan;AFG;Herat;Farsi;33.71585;63.08607;Taliban;REMO;TRANS;TÖT;IED;Autobomben;SK;MIL;;;;;8;4;;;;;;;;;;
;5/3/21;Crisis Group , Anadolu Ajansi , The Defense Post;https://www.crisisgroup.org/crisiswatch/database?location%5B0%5D=28&crisis_state=&created=custom&from_month=1&from_year=2021&to_month=12&to_year=2021&page=0 , https://www.aa.com.tr/en/africa/more-than-dozen-killed-in-northeast-nigeria-boko-haram-terror-attack/2229568 , https://thedefensepost.com/2021/05/05/35-killed-iswap-attacks-nigeria/;Afrika;Nigeria;NGA;Borno;Ajiri;11.97346;13.71201;ISWAP;REMO;TRANS;TÖT;FW;;SK;MIL;Militärbasis;10;;;20;;;;;;;;;;;
;5/3/21;NINA;https://www.ninanews.com/Website/News/Details?key=902604;Naher & Mittlerer Osten;Irak;IRQ;Kirkuk;Taza Khurmatu, Sheikh Sami Al-Assi;35.22148;44.27986;ISIS;REMO;TRANS;TÖT;FW;;SK;MLZ;PMF, Checkpoint;;;;1;3;;;;;;;;;;
;5/3/21;NINA;https://www.ninanews.com/Website/News/Details?key=902607;Naher & Mittlerer Osten;Irak;IRQ;Kirkuk;Daquq, Wadi Al-Shay;35.23167;44.37378;ISIS;REMO;TRANS;VERL;FW;;SK;MIL;;;;;;2;;;;;;;;;;
;5/3/21;NINA;https://www.ninanews.com/Website/News/Details?key=902593;Naher & Mittlerer Osten;Irak;IRQ;Saladin;Balad, Yathri, Balad Air Base;33.94364;44.36365;NB;NB;NB;ZERS;RAM;Katyusha Raketen;SK;MIL;Luftwaffenbasis;;;;;;;;;;;;;;;
;5/4/21;U.S. Dept of State;https://www.state.gov/reports/2021-report-on-international-religious-freedom/burkina-faso/;Afrika;Burkina Faso;BFA;Sahel;Oudalan, Tin-Akoff, Menzourou/Kaltewoute;14.91333;-0,34897;ISGS;REMO;TRANS;TÖT;FW;;ZIV;REL;Son von Muslimischem Lehrer;1;;;;;;Mehrere Häuser abgebrannt;;;;;;;;
;5/4/21;Actualite;https://actualite.cd/2021/05/05/beni-2-morts-dans-les-affrontements-entre-combattants-adf-et-larmee-mangina;Afrika;DR Kongo;COD;Nord-Kivu;Beni, Mangina;0,65370;29,32800;ISCAP;REMO;TRANS;TÖT;FW;;SK;MIL;Armeeposition;;3;;1;2;;15 Häuser in Brand gesteckt;;;;;;;;
;5/4/21;SATP;https://satp.org/terrorist-activity/pakistan-May-2021;Naher & Mittlerer Osten;Pakistan;PAK;Awaran;Mashkay tehsil, Bandki;26,91126;65,570785;NB;NB;NB;TÖT;IED;Ferngezündete Bombe am Straßenrand;SK;MLZ;Konvoi von Levies Forces Major Yahya Khan Mohammad Hasani;;;;2;2;;;;;;;;;;
;5/4/21;SATP;https://satp.org/terrorist-activity/pakistan-May-2021;Naher & Mittlerer Osten;Pakistan;PAK;Bajaur;Mamond tehsil, Tarkhoo, Inayat Killi-Laghari highway;34,831846;71,406188;NB;NB;NB;TÖT;IED;Bombe am Straßenrand;SK;MIL;Pakistanische Armee;;;;2;2;;;;;;;;;;
;5/4/21;The Defense Post;https://thedefensepost.com/2021/05/05/35-killed-iswap-attacks-nigeria/;Afrika;Nigeria;NGA;Borno;Tumshe, Gamboru-Rann road;12.33883;14.37218;ISWAP;REMO;TRANS;TÖT;IED;Landmine;ZIV;PP;;5;7;;;;;;;;;;;;;
;5/4/21;Crisis Group;https://www.crisisgroup.org/crisiswatch/database?location_region%5B0%5D=1&location%5B0%5D=26&crisis_state=&created=custom&from_month=1&from_year=2021&to_month=12&to_year=2021&page=0;Afrika;Mali;MLI;Mopti;Djenne, Ndobougou/Kounti-Marka;13.98688;-4.29094;JNIM;REMO;TRANS;TÖT;FW;;ZIV;PP;Dörfer;3;;;;;;;Koordinaten geben Mitte der beiden Dörfer an;;;;;;;
;5/4/21;NINA;https://www.ninanews.com/Website/News/Details?key=902636;Naher & Mittlerer Osten;Irak;IRQ;Kirkuk;Daquq, Tamur/Al-Shay;34.90156;44.39129;ISIS;REMO;TRANS;TÖT;FW;;SK;MIL;Militärposten;;;;2;1;;;;;;;;;;
;5/4/21;NINA;https://www.ninanews.com/Website/News/Details?key=902654;Naher & Mittlerer Osten;Irak;IRQ;Diyala;Dakhla Al-Qala;33.90622;44.50609;ISIS;REMO;TRANS;VERL;FW;;SK;POL;checkpoint;;;;;1;;;;;;;;;;
;5/4/21;NINA;https://www.ninanews.com/Website/News/Details?key=902663;Naher & Mittlerer Osten;Irak;IRQ;Diyala;Miqdadiyah, Barwana ;33.86158;45.02403;NB;NB;NB;TÖT;FW;;ZIV;UNT;Wachmann ;1;;;;;;;;;;;;;;
;5/4/21;NINA;https://www.ninanews.com/Website/News/Details?key=902749;Naher & Mittlerer Osten;Irak;IRQ;Maysan;Amarah, Ali al-Sharqi, Amara/Bagdad;32.04195;46.77099;NB;NB;NB;TÖT;FW;;SK;MIL;Offizier der Rapid Response Forces;;;;1;;;;;;;;;;;
;5/4/21;NINA;https://www.ninanews.com/Website/News/Details?key=902768;Naher & Mittlerer Osten;Irak;IRQ;Anbar;Baghdadi, Hit, Ayn Al-Asad Airbase;33.80340;42.43813;NB;NB;NB;ZERS;RAM;Katyusha Raketen;SK;MIL;Luftwaffenbasis;;;;;;;;;;;;;;;
;5/5/21;Sana'a Center for Strategic Studies;https://sanaacenter.org/files/TYR_May_2021_en.pdf;Naher & Mittlerer Osten;Jemen;YEM;Abyan;Mudiyah, Thaw'ah;13.89032;46.24385;Al-Qaeda - Arabian Peninsula;REMO;TRANS;TÖT;FW;;SK;MIL;Head of Security;;;;1;;;;;;;;;;;
;5/5/21;NZZ , Web.de , Crisis Group;https://www.nzz.ch/international/niger-mutmassliche-dschihadisten-toeten-34-menschen-ld.1623616 , https://web.de/magazine/panorama/mutmassliche-dschihadisten-toeten-mindesten-34-menschen-niger-35784906 , https://www.crisisgroup.org/crisiswatch/database?location%5B%5D=27&crisis_state=&created=custom&from_month=1&from_year=2021&to_month=12&to_year=2021;Afrika;Niger;NER;Tillabéri;Banibangou, Intoussane ;15.03936;2.70167;ISGS;REMO;TRANS;TÖT;FW;;SK;MIL;Dorf und Militärstützpunkt;4;;;30;;;;;;;;;;;
;5/5/21;Voice of America;https://www.voaportugues.com/a/deslocados-e-ataques-continuam-em-cabo-delgado/5879387.html;Afrika;Mosambik;MOZ;Cabo Delgado;Macomia, Macaloe;-11,98470;40,58150;NB;REMO;REG;ENTF;FW;;ZIV;PP;Flüchtlinge;;;30;;;;10 Boote entführt;Konservative Schätzung der Entführten;;;;;;;
;5/5/21;SATP;https://satp.org/terrorist-activity/pakistan-May-2021;Naher & Mittlerer Osten;Pakistan;PAK;Zhob;Manzakai, Nahe der afghanisch-pakistanischen Grenze;31,689167;68,535972;NB;NB;NB;TÖT;FW;Kleinwaffen und schwere Waffen;SK;MLZ;Frontier Corps (FC);;;;4;6;;;;;;;;;;
;5/5/21;Horn Observer;https://hornobserver.com/articles/890/Three-killed-in-Mogadishu-bomb;Afrika;Somalia;SOM;Mogadishu;Khada;2.03493;45.34191;Al-Shabaab;REMO;NAT;TÖT;IED;Bombe am Straßenrand;ZIV;PP;;3;1;;;;;;;;;;;;;
;5/5/21;NINA;https://www.ninanews.com/Website/News/Details?key=902860;Naher & Mittlerer Osten;Irak;IRQ;Kirkuk;Dibis, Al-Aziriya, Bay Hasan Oil Fields;35.66678;43.96917;ISIS;REMO;TRANS;TÖT;FW;;SK;POL;Ölfeld;;;;1;2;;Ölfelder sabotiert;;;;;;;;
;5/6/21;Actualite;https://actualite.cd/2021/05/08/ituri-6-personnes-tuees-dans-une-attaque-des-miliciens-codeco-djugu;Afrika;DR Kongo;COD;Ituri;Djugu, Dhera, RN27 road;2,11681;30,61132;CODECO;SEP;REG;TÖT;SON;Köpfungen;ZIV;PP;;6;;;;;;;;;;;;;;
;5/6/21;Actualite;https://actualite.cd/2021/05/07/beni-adf-2-morts-et-plusieurs-maisons-incendiees-dans-une-nouvelle-attaque-kainama;Afrika;DR Kongo;COD;Nord-Kivu;Beni, Kainama, Kakuka;0,90539;29,78874;ISCAP;REMO;TRANS;TÖT;FW;;ZIV;PP;;2;;;;;;10 Häuser in Brand gesteckt;;;;;;;;
;5/6/21;U.S. Dept. of State;https://www.state.gov/reports/country-reports-on-terrorism-2021/maldives/;Südostasien;Malediven;MDV;Malé;;4.1713;73.5123;NB;REMO;NB;VERL;IED;;ZIV;GOV;;;6;;;;;;der Speaker of Parliament wurde schwer verletzt sowie fünf weitere Verletzte, Regierung geht von islamistischen Extremisten aus;;;;;;;
;5/6/21;NINA;https://www.ninanews.com/Website/News/Details?key=903152;Naher & Mittlerer Osten;Irak;IRQ;Nineveh;Mosul, Hamidat, Badush;36.41413;42.96453;ISIS;REMO;TRANS;TÖT;IED;;SK;MIL;;;;;1;2;;;;;;;;;;
;5/6/21;NINA;https://www.ninanews.com/Website/News/Details?key=903135;Naher & Mittlerer Osten;Irak;IRQ;Saladin;;34.56793;43.56457;NB;NB;NB;;FW;;SK;MIL;Konvoi;;;;;;;;;;;;;;;
;5/6/21;NINA;https://www.ninanews.com/Website/News/Details?key=903135;Naher & Mittlerer Osten;Irak;IRQ;Anbar;;32.98952;41.55313;NB;NB;NB;;FW;;SK;MIL;Konvoi;;;;;;;;;;;;;;;
;5/6/21;NINA;https://www.ninanews.com/Website/News/Details?key=903171;Naher & Mittlerer Osten;Irak;IRQ;Diyala;Khalis District, Khalis Central Subdistrict, Khalis, Al-Gharbia;33.85649;44.51665;NB;NB;NB;TÖT;SON;Messerattacke;ZIV;EDU;Schuldirektor;2;;;;;;Wohnhaus abgebrannt;;;;;;;;
;5/6/21;NINA;https://www.ninanews.com/Website/News/Details?key=903214;Naher & Mittlerer Osten;Irak;IRQ;Babil;Musayyib, Jurf al-Sakr;32.86808;44.21591;NB;NB;NB;TÖT;IED;;SK;MIL;Patrouille;;;;1;1;;Fahrzeug beschädigt;;;;;;;;
;5/7/21;Crisis Group;https://www.crisisgroup.org/crisiswatch/database?location%5B0%5D=83&crisis_state=&created=custom&from_month=1&from_year=2021&to_month=12&to_year=2021&page=0 ;Naher & Mittlerer Osten ;Syrien;SYR;Idlib;Maarat an-Numan, Mallajah;35.59319;36.48797;HTS;REMO;REG;TÖT;FW;;SK;MIL;Von Russland unterstütztes 5th Corps;;;;5;;;;;;;;;;;
;5/7/21;SATP;https://www.satp.org/terrorist-activity/india-May-2021;Südostasien;Indien;IND;Srinagar;Nawabazar;34.08933;74.79660;NB;NB;NB;VERL;HGR;;SK;POL;;;1;;;6;;;;;;;;;;
;5/7/21;ACLED;https://www.caboligado.com/reports/cabo-ligado-weekly-3-9-may-2021;Afrika;Mosambik;MOZ;Cabo Delgado;Macomia , Macaloe;-11,98470;40,58150;NB;REMO;REG;ENTF;FW;;ZIV;PP;Flüchtlinge;;;5;;;;;Konservative Schätzung der Entführten, einige konnten entkommen;;;;;;;
;5/7/21;SATP;https://satp.org/terrorist-activity/pakistan-May-2021;Naher & Mittlerer Osten;Pakistan;PAK;Bajaur;Nahe der afghanisch-pakistanischen Grenze;34,786528;71,524916;NB;NB;NB;VERL;FW;Schüsse aus Afghanistan über die Grenze nach Pakistan;SK;MIL;Militär Checkpoint der pakistanischen Armee;;;;;1;;;;;;;;;;
;5/7/21;Crisis Group;https://www.crisisgroup.org/crisiswatch/database?location_region%5B0%5D=1&location%5B0%5D=26&crisis_state=&created=custom&from_month=1&from_year=2021&to_month=12&to_year=2021&page=0;Afrika;Mali;MLI;Mopti;Douentza;14.98800;-2.40700;JNIM;REMO;TRANS;TÖT;IED;;SK;MIL;Malisches Armeefahrzeug;;;;3;;;;;;;;;;;
;5/7/21;Actualite;https://actualite.cd/2021/05/07/sud-kivu-trois-femmes-enlevees-par-les-miliciens-gumino-au-village-kabara-pres-de-kipupu;Afrika;DR Kongo;COD;Sud-Kivu;Fizi, Kabara;-3,38679;28,47568;Twirwaneho;SEP;REG;ENTF;FW;;ZIV;PP;;;;3;;;;;;;;;;;;
;5/7/21;NINA;https://www.ninanews.com/Website/News/Details?key=903298;Naher & Mittlerer Osten;Irak;IRQ;Diyala;Nabi Ismail;34.02798;45.03077;ISIS;REMO;TRANS;VERL;RAM;Katyusha Raketen;ZIV;ÖP;Friedhof;;1;;;;;;;;;;;;;
;5/7/21;NINA;https://www.ninanews.com/Website/News/Details?key=903304;Naher & Mittlerer Osten;Irak;IRQ;Kirkuk;Daquq, Tal Dhiab;35.03960;44.20533;ISIS;REMO;TRANS;ZERS;FW;;SK;POL;checkpoint;;;;;;;Wärmebildkamera beschädigt;;;;;;;;
;5/8/21;Inquirer;https://newsinfo.inquirer.net/1431071/5-biff-gunmen-killed-in-maguindanao-clash;Südostasien;Philippinen;PHL;Maguindanao;Datu Paglas;6.74479;124.86938;Bangsamoro Islamic Freedom Fighters;REMO;REG;ZERS;FW;;ZIV;ÖP;;;;;;;;Kein Sachschaden;Kurzfristige Besetzung des Marktplatzes, keine Personenschäden;;;;;;;
;5/8/21;Radio Okapi , Actualite;https://www.radiookapi.net/2021/05/10/actualite/securite/ituri-3-morts-lors-dune-attaque-des-adf-mambasa , https://actualite.cd/2021/05/09/ituri-nouvelle-attaque-adf-signalee-mambasa-au-moins-deux-morts;Afrika;DR Kongo;COD;Ituri;Mambasa, Lukaya;0,69236;29,24606;ISCAP;REMO;TRANS;TÖT;FW;;SK;MIL;Armeeposition;2;1;4;;;;;"""(…) several people taken hostage were taken to the bush (…).""";;;;;;;
;5/8/21;SATP , CNN , NBC News;https://satp.org/terrorist-activity/afghanistan-May-2021 , https://edition.cnn.com/2021/05/09/asia/afghanistan-girls-school-attack-intl-hnk/index.html , https://www.nbcnews.com/news/world/bomb-kills-least-25-people-near-school-afghan-capital-n1266741;Naher & Mittlerer Osten;Afghanistan;AFG;Kabul;Dasht-e-Barchi, Sayed-ul-Shuhada High School;34,5038;69,0341;ISKP;REMO;TRANS;TÖT;IED;;ZIV;EDU;;85;147;;;;;;;;;;;;;
;5/8/21;SATP;https://satp.org/terrorist-activity/pakistan-May-2021;Naher & Mittlerer Osten;Pakistan;PAK;Bajaur;Khar tehsil, Ali Jan;34,716206;71,51378;NB;NB;NB;VERL;FW;;ZIV;GOV;Jamaat-i-Islami Aktivist Khalilullah Jan und sein Sohn;;2;;;;;;;;;;;;;
;5/8/21;SATP;https://satp.org/terrorist-activity/pakistan-May-2021;Naher & Mittlerer Osten;Pakistan;PAK;Bolan;Margret, Khalid Checkposten;29,856938;67,309483;NB;NB;NB;TÖT;FW;;SK;MLZ;Frontier Corps (FC);;;;3;1;;;;;;;;;;
;5/8/21;Crisis Group;https://www.crisisgroup.org/crisiswatch/database?location_region%5B0%5D=1&location%5B0%5D=26&crisis_state=&created=custom&from_month=1&from_year=2021&to_month=12&to_year=2021&page=0;Afrika;Mali;MLI;Kidal;Tessalit;19.89100;-0.10000;NB;NB;NB;TÖT;IED;Bombe am Straßenrand;ZIV;UNT;Goldkonvoi;2;;;;;;;;;;;;;;
;5/8/21;Actualite;https://actualite.cd/2021/05/10/rdc-deux-soldats-kidnappes-par-des-miliciens-itombwe-mwenga;Afrika;DR Kongo;COD;Sud-Kivu;Mwenga, Tulambo;-3,41971;28,40871;Twirwaneho;SEP;REG;ENTF;FW;;SK;MIL;Patrouille;;;;;;2;;;;;;;;;
;5/8/21;NINA;https://www.ninanews.com/Website/News/Details?key=903322 , https://www.ninanews.com/Website/News/Details?key=903350;Naher & Mittlerer Osten;Irak;IRQ;Anbar;Baghdadi, Hit, Ayn Al-Asad Airbase;33.80340;42.43813;NB;NB;NB;ZERS;RAM;Katyusha Raketen;SK;MIL;Luftwaffenbasis;;;;;;;Fahrzeug beschädigt;;;;;;;;
;5/9/21;africanews , The Defense Post , News24 , SOS-Torture/Burundi;https://www.africanews.com/2021/05/10/burundi-at-least-12-dead-in-roadside-ambush/ , https://www.thedefensepost.com/2021/05/10/burundi-roadside-ambush-12-dead/ , https://www.news24.com/news24/africa/news/12-dead-in-roadside-ambush-in-burundi-official-sources-20210510 , https://sostortureburundi.org/wp-content/uploads/2021/08/Quaterly_report_2_2021.pdf;Afrika;Burundi;BDI;Muramvya;Muramvya city, Bujumbura-Gitega road;-3,30120;29,59050;NB;NB;NB;TÖT;FW;Hinterhalt;ZIV;PP;;11;12;;1;;;Fahrzeuge in Brand gesteckt;;;;;;;;
;5/9/21;SATP;https://satp.org/terrorist-activity/afghanistan-May-2021;Naher & Mittlerer Osten;Afghanistan;AFG;Zabul;Shahr-e-Safa, Muscan Camp;31,8022;66,3231;NB;NB;NB;TÖT;IED;;ZIV;PP;Passenger Bus;11;28;;;;;;;;;;;;;
;5/9/21;NYT;https://www.nytimes.com/2021/05/06/world/asia/afghan-war-casualty-report-may-2021.html;Naher & Mittlerer Osten;Afghanistan;AFG;Farah;Farah city;32.37409;62.11463;NB;NB;NB;TÖT;IED;;SK;MIL;Kontrollposten;;;;2;5;;;;;;;;;;
;5/9/21;SATP;https://satp.org/terrorist-activity/pakistan-May-2021;Naher & Mittlerer Osten;Pakistan;PAK;Lakki Marwat;Indus Highway;32,62249;70,76663;NB;NB;NB;TÖT;FW;;SK;POL;;;;;1;1;;;Zwei Motorräder, zwei AK-47 und eine 9mm Pistole konnten sichergestellt werden;;;;;;;
;5/9/21;SATP;https://satp.org/terrorist-activity/pakistan-May-2021;Naher & Mittlerer Osten;Pakistan;PAK;Kech;Turbat, Sherbandi;26,008055;63,038306;NB;NB;NB;VERL;FW;;SK;MLZ;Frontier Corps (FC);;;;;4;;;;;;;;;;
;5/9/21;U.S. Dept. of State , Horn Observer;https://www.state.gov/reports/country-reports-on-terrorism-2021/somalia/ , https://hornobserver.com/articles/903/DEVELOPING-STORY-Suicide-car-bomber-hits-a-police-station-in-Somalias-capital-kills-6-police-officers-including-station-chief;Afrika;Somalia;SOM;Mogadishu;Waberi, Waberi police station;2.02786;45.31699;Al-Shabaab;REMO;NAT;TÖT;IED;Selbstmordattentat;SK;POL;Polizieistation;1;;;6;6;;;;;;;;;;
;5/9/21;Radio Okapi;https://www.radiookapi.net/2021/05/11/actualite/securite/kalemie-au-moins-10-morts-dans-lattaque-de-deux-villages-de-nyunzu-par;Afrika;DR Kongo;COD;Tanganyika;Nyunzu, Kasoso;-5,42954;28,27201;Twa;SEP;REG;TÖT;SON;;SK;MIL;;2;;;1;;;;;;;;;;;
;5/9/21;Radio Okapi;https://www.radiookapi.net/2021/05/11/actualite/securite/kalemie-au-moins-10-morts-dans-lattaque-de-deux-villages-de-nyunzu-par;Afrika;DR Kongo;COD;Tanganyika;Nyunzu, Kanani;-5,42954;28,27201;Twa;SEP;REG;TÖT;FW;;ZIV;PP;;18;;;;;;;;;;;;;;
;5/9/21;NINA;https://www.ninanews.com/Website/News/Details?key=903509;Naher & Mittlerer Osten;Irak;IRQ;Kirkuk;Daquq, Zarqa;34.80579;44.34314;ISIS;REMO;TRANS;TÖT;IED;;SK;MIL;;;;;1;5;;;;;;;;;;
;5/9/21;NINA;https://www.ninanews.com/Website/News/Details?key=903553;Naher & Mittlerer Osten;Irak;IRQ;Nineveh;Hamdaniya, Nimrud, Safinah;35.98127;43.34076;ISIS;REMO;TRANS;VERL;IED;Bombe am Straßenrand;ZIV;PP;;;1;;;;;;;;;;;;;
;5/9/21;NINA;https://www.ninanews.com/Website/News/Details?key=903493;Naher & Mittlerer Osten;Irak;IRQ;Karbala;Karbala, Al-Haddad Street;32.59797;44.01642;NB;NB;NB;TÖT;FW;;ZIV;NGO;Bürgeraktivist;1;;;;;;;;;;;;;;
;5/9/21;NINA;https://www.ninanews.com/Website/News/Details?key=903576;Naher & Mittlerer Osten;Irak;IRQ;Diyala;Khanaqin, Qaya;33.98703;45.23754;NB;NB;NB;VERL;IED;;SK;MIL;Patrouille;;;;;3;;;;;;;;;;
;5/10/21;ACLED;https://acleddata.com/yemen-conflict-observatory/#curated (Yemen Conflict Observatory Dataset - YEM64739);Naher & Mittlerer Osten;Jemen;YEM;Abyan;Lawdar, Al Khudayrah;13.84094;45.96191;Al-Qaeda - Arabian Peninsula;REMO;TRANS;TÖT;FW;;SK;MLZ;Security Belt Forces;;;;1;;;;Erst entführt, dann exekutiert;;;;;;;
;5/10/21;Crisis Group , North Press Agency ;https://www.crisisgroup.org/crisiswatch/database?location%5B0%5D=83&crisis_state=&created=custom&from_month=1&from_year=2021&to_month=12&to_year=2021&page=0 , https://npasyria.com/en/59286/ ;Naher & Mittlerer Osten ;Syrien;SYR;Idlib;Kafraya, Bab al-Hawa crossing;35.99110;36.67963;Ansar Abu Bakr al-Siddiq Brigade;REMO;REG;TÖT;IED;;SK;MIL;Soldaten eines türkischen Konvois;;;;1;10;;;;;;;;;;
;5/10/21;ACLED;https://acleddata.com/curated-data-files/#regional (Africa Dataset - KEN7682);Afrika;Kenia;KEN;Lamu;Lamu West, Mkomami;-2,26474;40,89438;Al-Shabaab;REMO;TRANS;ZERS;FW;Hinterhalt;SK;POL;;;;;;;;Keine Schäden angegeben;Keine Personenschäden bekannt;;;;;;;
;5/10/21;Reuters , Actualite;https://www.reuters.com/world/africa/islamist-militia-kills-malawian-peacekeeper-east-congo-un-2021-05-10/ , https://actualite.cd/2021/05/10/beni-un-casque-bleu-tue-dans-une-nouvelle-attaque-kilya;Afrika;DR Kongo;COD;Nord-Kivu;Beni, Kilya;0,38874;29,59379;ISCAP;REMO;TRANS;TÖT;FW;;SK;MIL;UN-Friedenstruppe;1;;;2;;;;;;;;;;;
;5/10/21;Actualite;https://actualite.cd/2021/05/10/beni-6-morts-dans-une-nouvelle-attaque-kilya;Afrika;DR Kongo;COD;Nord-Kivu;Beni, Kilya;0,38875;29,59380;ISCAP;REMO;TRANS;TÖT;FW;Hinterhalt;ZIV;PP;;6;;;;;;;;;;;;;;
;5/10/21;SATP;https://satp.org/terrorist-activity/afghanistan-May-2021;Naher & Mittlerer Osten;Afghanistan;AFG;Logar;Pul-e-Alam, PD1, Shahidan square;34,0069;69,0133;NB;NB;NB;TÖT;FW;;SK;POL;;;;;1;;;;;;;;;;;
;5/10/21;NYT;https://www.nytimes.com/2021/05/06/world/asia/afghan-war-casualty-report-may-2021.html;Naher & Mittlerer Osten;Afghanistan;AFG;Parwan;Jabal Saraj ;35.11836;69.19395;NB;NB;NB;TÖT;IED;Bombe am Straßenrand;ZIV;PP;;2;9;;;;;;;;;;;;;
;5/10/21;NYT;https://www.nytimes.com/2021/05/06/world/asia/afghan-war-casualty-report-may-2021.html;Naher & Mittlerer Osten;Afghanistan;AFG;Parwan;Jabal Saraj ;35.11836;69.19395;NB;NB;NB;TÖT;IED;2. Bombe nachdem Helfer dazugekommen sind;ZIV;PP;;;5;;;;;;;;;;;;;
;5/10/21;SATP;https://satp.org/terrorist-activity/pakistan-May-2021;Naher & Mittlerer Osten;Pakistan;PAK;Quetta;Sariab, Tariq Hospital;30,12509;66,977804;NB;NB;NB;VERL;IED;;SK;MIL;Security Forces (SFs);;;;;2;;;;;;;;;;
;5/10/21;SATP;https://satp.org/terrorist-activity/pakistan-May-2021;Naher & Mittlerer Osten;Pakistan;PAK;Mastung;RCD Highway;29,897576;66,735513;NB;NB;NB;TÖT;FW;;SK;POL;;;;;2;1;;;;;;;;;;
;5/10/21;Meir Amit Intelligence and Terrorism Information Center , Jerusalem Post , Times of Israel , HRW;https://www.terrorism-info.org.il/en/escalation-from-the-gaza-strip-operation-guardian-of-the-walls-summary/ , https://www.jpost.com/breaking-news/cogat-announces-closure-of-gaza-border-crossing-over-rocket-fire-667730 , https://www.timesofisrael.com/73-year-old-israeli-woman-who-fell-in-rocket-shelter-dies-of-injuries/ , https://www.hrw.org/news/2021/08/12/palestinian-rockets-may-killed-civilians-israel-gaza;Naher & Mittlerer Osten;Israel;ISR;South/Central/Tel Aviv;Ashkelon/Sderot/Lod/Rishon LeZion/Holon;32.01816;34.78092;NB;REMO;REG;TÖT;RAM;3573 Raketen und Mörser in israelischen Luftraum eingedrungen;ZIV;ÖP;Mehrere Städte in Zentralisrael und nahe der Israel-Gaza Grenze;11;20;;1;1;;Mehrere Gebäude, unter anderem eine Schule und eine Gas Pipeline getroffen;"Angriffe über Zeitraum von 11 Tagen vom 10.-20.05.; Abschüsse aus dem Gaza-Streifen von breiter Koalition islamistischer Terrororganisationen; Koordinaten beziehen sich auf Holon, als das Ziel, das am weitesten vom Gaza-Streifen entfernt liegt; Verletztenzahlen sehr konservativ geschätzt";;;;;;;
;5/10/21;Meir Amit Intelligence and Terrorism Information Center;https://www.terrorism-info.org.il/en/spotlight-on-global-jihad-may-6-12-2021/;Naher & Mittlerer Osten ;Syrien;SYR;Homs;Tadmur, Al-Suknah;34.90583;39.21978;ISIS;REMO;TRANS;TÖT;IED;Minen;SK;MIL;Syrische Soldaten und Milizen;;;;7;18;;;;;;;;;;
;5/10/21;NINA;https://www.ninanews.com/Website/News/Details?key=903872;Naher & Mittlerer Osten;Irak;IRQ;Diyala;Khanaqin, Bani Rajab;34.22561;45.51764;ISIS;REMO;TRANS;VERL;FW;;ZIV;ÖP;Dorf;;1;;;;;;;;;;;;;
;5/10/21;NINA;https://www.ninanews.com/Website/News/Details?key=903872;Naher & Mittlerer Osten;Irak;IRQ;Diyala;Khanaqin, Jalawla, Helwan Basin;34.20967;45.10145;NB;NB;NB;VERL;FW;;ZIV;PP;;;1;;;;;;;;;;;;;
;5/11/21;U.S. Dept. of State , Benar News;https://www.state.gov/reports/country-reports-on-terrorism-2021/indonesia , https://www.benarnews.org/english/news/indonesian/sulawesi-farmers-slain-05112021152548.html ;Südostasien;Indonesien;IDN;Central Sulawesi;Kalemago;-1.50607;120.41672;Eastern Indonesia Mujahideen;REMO;REG;TÖT;SON;Aufgeschlitzt und geköpft ;ZIV;ÖP;Ziel waren Bauern;4;;;;;;;;;;;;;;
;5/11/21;SATP;https://www.satp.org/terrorist-activity/india-May-2021;Südostasien;Indien ;IND;Sukma;Penta;18.11666;81.48333;CPI-M;SOZ;NAT;TÖT;SON;Mit Stöckern geschlagen und mit Messern erstochen;SK;POL;;;;;1;;;;;;;;;;;
;5/11/21;Radio Okapi;https://www.radiookapi.net/2021/05/16/actualite/securite/ituri-au-moins-20-morts-mambasa-apres-les-attaques-des-adf , https://www.radiookapi.net/2021/06/27/actualite/securite/ituri-5-corps-sans-vie-retrouves-au-village-tokotoko;Afrika;DR Kongo;COD;Ituri;Mambasa, Makumo/Ngaka/Masana/Matonge/Sambangu;0,79939;29,23191;ISCAP;REMO;TRANS;TÖT;FW;;ZIV;PP;Dörfer;26;;47;;;;;Über mehere Tage verschiedene Dörfer angegriffen ab dem 11.05., Update 26.06.: 5 entführte Personen tot aufgefunden;;;;;;;
;5/11/21;Actualite;https://actualite.cd/2021/05/14/sud-kivu-trois-membres-dune-famille-kidnappes-par-les-presumes-mai-mai-au-village-guma;Afrika;DR Kongo;COD;Sud-Kivu;Fizi, Goma;-4,29400;28,77600;Mai-Mai;SEP;REG;ENTF;FW;;ZIV;PP;;3;;;;;;;;;;;;;;
;5/11/21;NINA;https://www.ninanews.com/Website/News/Details?key=903953;Naher & Mittlerer Osten;Irak;IRQ;Diyala;Khalis, Sadd al-Adhaim, Hitaawiyyin;34.3114;44.5164;ISIS;REMO;TRANS;ZERS;FW;;SK;MIL;checkpoint;;;;;;;15 landwirtschaftliche Pumpen und ein elektrischer Transformator bei den Kämpfen zerstört;;;;;;;;
;5/11/21;NINA;https://www.ninanews.com/Website/News/Details?key=904045;Naher & Mittlerer Osten;Irak;IRQ;Diyala;Khanaqin, Jalawla, Helwan Basin;34.20967;45.10145;ISIS;REMO;TRANS;VERL;FW;Scharfschütze;SK;MIL;checkpoint;;;;;2;;;;;;;;;;
;5/12/21;U.S. Dept. of State , ACLED;https://www.state.gov/reports/2021-country-reports-on-human-rights-practices/kenya/ , https://acleddata.com/curated-data-files/#regional (Africa Dataset - 7685);Afrika;Kenia;KEN;Mandera;Lafey, Kheira Ali;3,68270;41,05083;Al-Shabaab;REMO;TRANS;ZERS;IED;;ZIV;KI;Mobilfunkturm;;;;;;;Mobilfunkturm zerstört;Opferzahlen insgesamt 3 mit IED-Anschlag in Wajir am 12.05.;;;;;;;
;5/12/21;U.S. Dept. of State , ACLED;https://www.state.gov/reports/2021-country-reports-on-human-rights-practices/kenya/ , https://acleddata.com/curated-data-files/#regional (Africa Dataset - KEN7684) , https://nation.africa/kenya/counties/wajir/police-reservists-killed-in-wajir-shabaab-attack-3398172;Afrika;Kenia;KEN;Wajir;Tarbaj, Tarbaj city, Safaricom mast;2,20735;40,11622;Al-Shabaab;REMO;TRANS;TÖT;IED;;ZIV;KI;Mobilfunkturm;;;;3;;;Mobilfunkturm beschädigt;Opferzahlen insgesamt 3 mit IED-Anschlag in Mandera am 12.05.;;;;;;;
;5/12/21;ACLED;https://acleddata.com/curated-data-files/#regional (Africa Dataset - KEN7685);Afrika;Kenia;KEN;Mandera;Mandera South, Wargadud, Sango;3,18630;40,86770;Al-Shabaab;REMO;TRANS;ZERS;IED;;ZIV;KI;Mobilfunkturm;;;;;;;Mobilfunkturm zerstört;;;;;;;;
;5/12/21;SATP;https://www.satp.org/terrorist-activity/india-May-2021;Südostasien;Indien;IND;Narayanpur;Nellanar;19.71955;81.24719;CPI-M;SOZ;NAT;TÖT;FW;;ZIV;PP;alleged Police informant;1;;;;;;;;;;;;;;
;5/12/21;SATP;https://www.satp.org/terrorist-activity/india-May-2021;Südostasien;Indien;IND;Jammu and Kashmir ;Samba, Samba-Mansar road, Nud;32.62565;75.15057;NB;NB;NB;ZERS;HGR;;SK;POL;;;;;;;;;Keine Personenschäden;;;;;;;
;5/12/21;SATP;https://satp.org/terrorist-activity/pakistan-May-2021;Naher & Mittlerer Osten;Pakistan;PAK;Naushahro;Bhuria Road;26,888974;68,283633;Sindhudesh Revolutionary Army;SEP;REG;ZERS;IED;Explosion am Gleis;SK;MIL;Green Express Eid Spezialzug mit Militäroffizieren;;;;;;;Teil des Gleises durch Explosion zerstört;Keine Opfer;;;;;;;
;5/13/21;Actualite;https://actualite.cd/2021/05/14/ituri-un-policier-kidnappe-par-les-miliciens-de-codeco-djugu;Afrika;DR Kongo;COD;Ituri;Djugu, Mungbalu;1,93518;30,02941;CODECO;SEP;REG;ENTF;FW;;ZIV;UNT;Goldmine;;;;;;1;;;;;;;;;
;5/13/21;Crisis Group , U.S. Dept. of State;https://www.crisisgroup.org/crisiswatch/database?location%5B%5D=27&crisis_state=&created=custom&from_month=1&from_year=2021&to_month=12&to_year=2021 , https://www.state.gov/reports/2021-report-on-international-religious-freedom/niger/;Afrika;Niger;NER;Tillaberi;Tera, Fantio;14.52726;0.22971;ISGS;REMO;TRANS;TÖT;FW;;ZIV;REL;Eid al-Fitr Festivitäten;5;2;;;;;;;;;;;;;
;5/13/21;SATP;https://satp.org/terrorist-activity/pakistan-May-2021;Naher & Mittlerer Osten;Pakistan;PAK;Lasbela;Hub;25,176559;66,974974;Balochistan Liberation Army ;SEP;REG;VERL;HGR;;SK;POL;Küstenwache;;;;;2;;;;;;;;;;
;5/13/21;Actualite;https://actualite.cd/2021/05/13/beni-encore-un-autre-chauffeur-tue-dans-une-embuscade-sur-la-route-beni-kasindi;Afrika;DR Kongo;COD;Nord-Kivu;Beni, Makisabo, Beni-Kasindi road;0,29217;29,66154;ISCAP;REMO;TRANS;TÖT;FW;Hinterhalt;ZIV;PP;;1;;;;;;;;;;;;;;
;5/13/21;Eurasia Review;https://www.eurasiareview.com/25052021-afghanistan-resurgent-threat-of-islamic-state-analysis/;Naher & Mittlerer Osten;Afghanistan;AFG;Kunduz;Sardawra;36,8194;68,7379;ISKP;REMO;TRANS;TÖT;IED;;ZIV;REL;Shia Hazara;2;14;;;;;;;;;;;;;
;5/13/21;NYT;https://www.nytimes.com/2021/05/06/world/asia/afghan-war-casualty-report-may-2021.html;Naher & Mittlerer Osten;Afghanistan;AFG;Kandahar;Maywand;31.64050;65.00610;NB;NB;NB;TÖT;IED;Explosion am Straßenrand;ZIV;PP;;5;4;;;;;;;;;;;;;
;5/13/21;NINA;https://www.ninanews.com/Website/News/Details?key=904301;Naher & Mittlerer Osten;Irak;IRQ;Anbar;Anbar highway ;33.13310;41.52884;NB;NB;NB;ZERS;FW;;SK;MIL;Konvoi der internationalen Koalition;;;;;;;Fahrzeug beschädigt;;;;;;;;
;5/14/21;SATP;https://satp.org/terrorist-activity/afghanistan-May-2021 ;Naher & Mittlerer Osten;Afghanistan;AFG;Kabul;Shakar Dara, Qala-e-Muradbek, Sharif Haji Bakhshi Mosque;34,6511;69,1329;ISKP;REMO;TRANS;TÖT;IED;;ZIV;REL;;12;15;;;;;;;;;;;;;
;5/14/21;SATP;https://satp.org/terrorist-activity/afghanistan-May-2021;Naher & Mittlerer Osten;Afghanistan;AFG;Kunduz;Kunduz city;36,708;68,8772;NB;NB;NB;TÖT;IED;;ZIV;PP;;2;;;;;;;;;;;;;;
;5/14/21;SATP;https://satp.org/terrorist-activity/afghanistan-May-2021;Naher & Mittlerer Osten;Afghanistan;AFG;Parwan;Jangalbagh, Baghshahr Charikar;35,0675;69,1873;NB;NB;NB;ZERS;IED;;ZIV;KI;Power Bases;;;;;;;Power Bases teilweise zerstört;Keine Verletzten;;;;;;;
;5/14/21;NINA;https://www.ninanews.com/Website/News/Details?key=904400;Naher & Mittlerer Osten;Irak;IRQ;Kirkuk;Hawija, Riyadh, Jabal Khabbaz;35.35180;44.04608;ISIS;REMO;TRANS;ZERS;IED;;ZIV;KI;Stromversorgung der Region;;;;;;;Stommasten gesprengt;;;;;;;;
;5/15/21;SATP;https://satp.org/terrorist-activity/pakistan-May-2021;Naher & Mittlerer Osten;Pakistan;PAK;Sibi;Loni Road;29,553206;67,880824;Balochistan Republican Guards;SEP;REG;VERL;HGR;;SK;MIL;ehem. Polizist und aktuelles Mitglied des Militärgeheimdienstes Haider Bugti, verletzt wurde jedoch ein Mitarbeiter;;1;;;;;;;;;;;;;
;5/15/21;SATP;https://satp.org/terrorist-activity/afghanistan-May-2021;Naher & Mittlerer Osten;Afghanistan;AFG;Nangahar;Kabul-Jalalabad highway;34,4589;70,373;NB;NB;NB;TÖT;IED;;SK;POL;;;;;1;2;;;;;;;;;;
;5/15/21;ACLED;https://www.caboligado.com/reports/cabo-ligado-weekly-10-23-may-2021;Afrika;Mosambik;MOZ;Cabo Delgado;Ibo, Quifula;-12,01850;40,53680;NB;REMO;REG;TÖT;FW;;ZIV;PP;Fischer;1;;;;;;;;;;;;;;
;5/15/21;Meir Amit Intelligence and Terrorism Information Center;https://www.terrorism-info.org.il/en/escalation-from-the-gaza-strip-operation-guardian-of-the-walls-summary/;Naher & Mittlerer Osten;Israel;ISR;West Bank;Nablus;32.20596;35.27839;NB;NB;NB;VERL;FW;;SK;MIL;;;;;;1;;;;;;;;;;
;5/16/21;SATP;https://satp.org/terrorist-activity/afghanistan-May-2021;Naher & Mittlerer Osten;Afghanistan;AFG;Logar;Baraki Barak;33,8649;69,0229;NB;NB;NB;TÖT;RAM;Mörser;ZIV;PP;;2;3;;;;;;;;;;;;;
;5/16/21;Meir Amit Intelligence and Terrorism Information Center;https://www.terrorism-info.org.il/en/escalation-from-the-gaza-strip-operation-guardian-of-the-walls-summary/;Naher & Mittlerer Osten;Israel;ISR;Jerusalem;East Jerusalem, Sheikh Jarrah;31.79477;35.23090;NB;NB;NB;VERL;SON;Mit Auto gerammt;SK;POL;Grenzpolizisten;;;;;6;;;;;;;;;;
;5/17/21;Sana'a Center for Strategic Studies;https://sanaacenter.org/files/TYR_May_2021_en.pdf;Naher & Mittlerer Osten;Jemen;YEM;Abyan;Lawdar;13.77576;45.77442;Al-Qaeda - Arabian Peninsula;REMO;TRANS;ZERS;HGR;;SK;MLZ;Security Belt Forces Hauptquartier;;;;;;;Keine Schäden angegeben;Keine Personeneschäden bekannt;;;;;;;
;5/17/21;SATP;https://satp.org/terrorist-activity/afghanistan-May-2021;Naher & Mittlerer Osten;Afghanistan;AFG;Logar;Baraki Barak;33,8649;69,0229;NB;NB;NB;TÖT;RAM;Mörser;ZIV;PP;;3;;;;;;;;;;;;;;
;5/17/21;Meir Amit Intelligence and Terrorism Information Center;https://www.terrorism-info.org.il/en/escalation-from-the-gaza-strip-operation-guardian-of-the-walls-summary/;Naher & Mittlerer Osten;Israel;ISR;West Bank;Hebron;31.52415;35.05312;NB;NB;NB;ZERS;FW;Aus Auto geschossen;ZIV;PP;Israelisches Auto;;;;;;;Auto beschädigt;Keine Personenschäden;;;;;;;
;5/17/21;Meir Amit Intelligence and Terrorism Information Center;https://www.terrorism-info.org.il/en/escalation-from-the-gaza-strip-operation-guardian-of-the-walls-summary/;Naher & Mittlerer Osten;Israel;ISR;West Bank;Nablus;32.19671;35.27032;NB;NB;NB;VERL;SON;Mit Auto gerammt;SK;MIL;Israelische Soldaten;;;;;1;;;;;;;;;;
;5/17/21;SATP;https://www.satp.org/terrorist-activity/india-May-2021;Südostasien;Indien;IND;Bihar;Gaya, Gaya-Patna Highway, Chakand Police Station;25.17538;84.98624;Tritiya Prastuti Committee ;SOZ;REG;ZERS;BRA;;ZIV;UNT;;;;;;;;JCB machine destroyed;No casualties;;;;;;;
;5/18/21;Sana'a Center for Strategic Studies;https://sanaacenter.org/files/TYR_May_2021_en.pdf;Naher & Mittlerer Osten;Jemen;YEM;Abyan;Ahwar, Dahuma;13.65630;46.78204;Al-Qaeda - Arabian Peninsula;REMO;TRANS;TÖT;FW;;SK;MIL;Southern Transitional Council Forces checkpoint;;;;7;1;;;Opferzahlen sind wegen ungenauer Informationen gleichmäßig aufgeteilt auf diesen und den Anschlag am 19.05. ;;;;;;;
;5/18/21;Crisis Group , The Star , Nation;https://www.crisisgroup.org/crisiswatch/database?location%5B0%5D=11&crisis_state=&created=custom&from_month=1&from_year=2021&to_month=12&to_year=2021&page=0 , https://www.the-star.co.ke/counties/coast/2021-05-20-operation-mounted-in-boni-forest-after-tuesday-attack/ , https://nation.africa/kenya/counties/lamu/several-kdf-soldiers-feared-dead-after-lamu-ied-attack-3405130;Afrika;Kenia;KEN;Lamu;Lamu East, Baure;-1,72550;40,98630;Al-Shabaab;REMO;TRANS;TÖT;IED;;SK;MIL;;;;;7;;1;;;;;;;;;
;5/18/21;SATP;https://www.satp.org/terrorist-activity/india-May-2021;Südostasien;Indien;IND;Chhattisgarh;Bijapur, Ambeli;16.83017;75.71003;CPI-M;SOZ;NAT;TÖT;IED;;SK;POL;;;;;1;1;;;;;;;;;;
;5/18/21;U.S. Dept. of State , Anadolu Ajansi;https://www.state.gov/reports/2021-report-on-international-religious-freedom/democratic-republic-of-the-congo/ , https://www.aa.com.tr/en/africa/second-imam-murdered-this-month-in-eastern-dr-congo/2247932;Afrika;DR Kongo;COD;Nord-Kivu;Beni, Mavivi;0,58619;29,48486;ISCAP;REMO;TRANS;TÖT;FW;;ZIV;REL;Imam;1;;;;;;;;;;;;;;
;5/18/21;Reuters;https://www.reuters.com/world/africa/armed-men-kill-15-baptism-northern-burkina-faso-2021-05-19/;Afrika;Burkina Faso;BFA;Sahel;Oudalan, Tin-Akoff, Adjarara;14.91333;-0,34897;NB;NB;NB;TÖT;FW;;ZIV;REL;Muslimische Namengebungszeremonie;15;;;;;;;;;;;;;;
;5/18/21;SATP;https://satp.org/terrorist-activity/afghanistan-May-2021;Naher & Mittlerer Osten;Afghanistan;AFG;Khost;Khost city, Matun Darsh;33,336;69,93654;NB;NB;NB;TÖT;FW;;ZIV;PP;;4;;;;;;;;;;;;;;
;5/18/21;Times of Israel;https://www.timesofisrael.com/2-soldiers-shot-in-west-bank-palestinian-killed-by-gunfire-amid-unrest/;Naher & Mittlerer Osten;Israel;ISR;West Bank;Beit El;31.94045;35.22303;NB;NB;NB;VERL;FW;Während Demonstration aus Menge geschossen;SK;MIL;Angriff auf Soldaten;; ;;;2;;;;;;;;;;
;5/18/21;Crisis Group;https://www.crisisgroup.org/crisiswatch/database?location%5B0%5D=83&crisis_state=&created=custom&from_month=1&from_year=2021&to_month=12&to_year=2021&page=0;Naher & Mittlerer Osten ;Syrien;SYR;Aleppo;Maskanah desert;35.96753;38.04253;ISIS;REMO;TRANS;TÖT;FW;;SK;MLZ;Von Iran unterstützte Milizionäre;;;;8;;;;;;;;;;;
;5/18/21;Actualite;https://actualite.cd/2021/05/21/sud-kivu-quatre-agents-humanitaires-kidnappes-par-les-miliciens-fizi-et-uvira;Afrika;DR Kongo;COD;Sud-Kivu;Fizi, Kakenge;-3,95894;28,76058;Twirwaneho;SEP;REG;ENTF;FW;;ZIV;NGO;;;;2;;;;;;;;;;;;
;5/18/21;NINA;https://www.ninanews.com/Website/News/Details?key=905005;Naher & Mittlerer Osten;Irak;IRQ;Qadisiyah;Ad Diwaniyah;31.99126;45.04407;NB;NB;NB;;IED;;SK;MIL;Konvoi der internationalen Koalition;;;;;;;;;;;;;;;
;5/18/21;NINA;https://www.ninanews.com/Website/News/Details?key=905005;Naher & Mittlerer Osten;Irak;IRQ;Dhi Qar;Nasiriyah ;31.02381;46.02512;NB;NB;NB;;IED;;SK;MIL;Konvoi der internationalen Koalition;;;;;;;;;;;;;;;
;5/19/21;Sana'a Center for Strategic Studies;https://sanaacenter.org/files/TYR_May_2021_en.pdf;Naher & Mittlerer Osten;Jemen;YEM;Abyan;Al-Wadi', Imridah;13.71228;46.00673;Al-Qaeda - Arabian Peninsula;REMO;TRANS;TÖT;FW;;SK;MIL;Southern Transitional Council Forces checkpoint;;;;6;2;;;Opferzahlen sind wegen ungenauer Informationen gleichmäßig aufgeteilt auf diesen und den Anschlag am 18.05.;;;;;;;
;5/19/21;SATP;https://www.satp.org/terrorist-activity/india-May-2021;Südostasien;Indien;IND;Karbi Anglong ;Dhansiri ;26.62899;93.77411;Dimasa National Liberation Army;SEP;REG;TÖT;FW;;ZIV;REL;;1;;;;;;;;;;;;;;
;5/19/21;Actualite;https://actualite.cd/2021/05/26/rdc-une-autre-attaque-des-combattants-adf-fait-egalement-13-morts-mambasa-ituri;Afrika;DR Kongo;COD;Ituri;Mambasa, Ngubo;0,78889;29,29952;ISCAP;REMO;TRANS;TÖT;FW;;ZIV;PP;;13;;;;;;;;;;;;;;
;5/19/21;U.S. Dept of State;https://www.state.gov/reports/2021-country-reports-on-human-rights-practices/burkina-faso;Afrika;Burkina Faso;BFA;Sahel;Séno, Dori, Goudebo-Dori road;14,08880;-0,05740;NB;NB;NB;ZERS;FW;;ZIV;NGO;UNHCR;;;;;;;Schüsse auf gepanzerten Wagen;Keine Personenschäden;;;;;;;
;5/19/21;SATP;https://satp.org/terrorist-activity/afghanistan-May-2021;Naher & Mittlerer Osten;Afghanistan;AFG;Herat;Herat city, Mirwais Sadeq Street;34,3524;62,2014;NB;NB;NB;TÖT;FW;;ZIV;GOV;Security guard of minister;1;;;1;;;;;;;;;;;
;5/19/21;Crisis Group;https://www.crisisgroup.org/crisiswatch/database?location_region%5B0%5D=1&location%5B0%5D=26&crisis_state=&created=custom&from_month=1&from_year=2021&to_month=12&to_year=2021&page=0;Afrika;Mali;MLI;Gao;Ansongo, N'tillit;15.52239;-0.47702;NB;NB;NB;TÖT;IED;;ZIV;PP;Truck;16;;;;;;;;;;;;;;
;5/19/21;UNOCHA , Actualite;https://reliefweb.int/report/democratic-republic-congo/r-publique-d-mocratique-du-congo-note-d-information-humanitaire-4 , https://actualite.cd/2021/05/21/sud-kivu-quatre-agents-humanitaires-kidnappes-par-les-miliciens-fizi-et-uvira;Afrika;DR Kongo;COD;Sud-Kivu;Uvira, Kiringye;-2,90117;28,99542;NB;NB;NB;ENTF;FW;;ZIV;NGO;;1;;1;;;;;2 Tage später freigelassen, einer danach verstorben;;;;;;;
;5/19/21;Hiiraan Online;https://www.hiiraan.com/news4/2021/May/182645/four_dead_in_jowhar_roadside_bomb_attack.aspx?utm_source=hiiraan&utm_medium=SomaliNewsUpdateFront;Afrika;Somalia;SOM;Middle Shabelle;Jowhar;2.77972;45.50421;NB;NB;NB;TÖT;IED;Bombe am Straßenrand;ZIV;GOV;Governor;;;;4;;;;;;;;;;;
;5/19/21;NINA;https://www.ninanews.com/Website/News/Details?key=905124;Naher & Mittlerer Osten;Irak;IRQ;Diyala;Albu Fayyad;33.39175;44.66646;ISIS;REMO;TRANS;TÖT;FW;;SK;MLZ;Al-Sahwa;;;;1;;;;;;;;;;;
;5/19/21;NINA;https://www.ninanews.com/Website/News/Details?key=905166;Naher & Mittlerer Osten;Irak;IRQ;Nineveh;Sinjar, Sinjar Mountains;36.35440;41.72968;NB;NB;NB;VERL;IED;;SK;MIL;;;;;;1;;;;;;;;;;
;5/20/21;SATP;https://www.satp.org/terrorist-activity/india-May-2021;Südostasien;Indien;IND;Maharashtra;Gadchiroli, Dhanora Tehsil, Vadgaon;18.46598;73.82463;CPI-M;SOZ;NAT;TÖT;FW;;ZIV;PP;;1;;;;;;;;;;;;;;
;5/20/21;SATP;https://satp.org/terrorist-activity/afghanistan-May-2021;Naher & Mittlerer Osten;Afghanistan;AFG;Jawzjan;Sheberghan, Kart-e-Nawayi;36,6719;65,7515;NB;NB;NB;TÖT;IED;;ZIV;GOV;;1;;;;;;;;;;;;;;
;5/20/21;RND;https://www.rnd.de/politik/afghanistan-21-tote-zivilisten-taliban-verstecken-sprengsaetze-am-strassenrand-WXRJQILT4CC44OAGFWAUQ26LDE.html;Naher & Mittlerer Osten;Afghanistan;AFG;Helmand;Lashkar Gah;31.577;64.377;Taliban;REMO;TRANS;TÖT;IED;Bombe am Straßenrand;ZIV;PP;;12;4;;;;;;;;;;;;;
;5/20/21;RND;https://www.rnd.de/politik/afghanistan-21-tote-zivilisten-taliban-verstecken-sprengsaetze-am-strassenrand-WXRJQILT4CC44OAGFWAUQ26LDE.html;Naher & Mittlerer Osten;Afghanistan;AFG;Ghor;Firuzkoh;34.51962;65.24987;Taliban;REMO;TRANS;TÖT;IED;Bombe am Straßenrand;ZIV;PP;;4;;;;;;;;;;;;;;
;5/20/21;RND;https://www.rnd.de/politik/afghanistan-21-tote-zivilisten-taliban-verstecken-sprengsaetze-am-strassenrand-WXRJQILT4CC44OAGFWAUQ26LDE.html;Naher & Mittlerer Osten;Afghanistan;AFG;Ghor;Firuzkoh;34.51962;65.24987;Taliban;REMO;TRANS;TÖT;IED;Bombe am Straßenrand;ZIV;PP;;2;;;;;;;;;;;;;;
;5/20/21;RND;https://www.rnd.de/politik/afghanistan-21-tote-zivilisten-taliban-verstecken-sprengsaetze-am-strassenrand-WXRJQILT4CC44OAGFWAUQ26LDE.html;Naher & Mittlerer Osten;Afghanistan;AFG;Ghor;Grenze zu Herat;33.97161;63.47426;Taliban;REMO;TRANS;TÖT;FW;;ZIV;PP;;3;;;;;;;;;;;;;;
;5/20/21;NINA;https://www.ninanews.com/Website/News/Details?key=905350;Naher & Mittlerer Osten;Irak;IRQ;Diyala;Miqdadiyah, Baquba-Muqdadiya road;33.90180;44.81368;NB;NB;NB;ENTF;FW;;ZIV;PP;;;;1;;;;;;;;;;;;
;5/21/21;Crisis Group , Garowe Online , Horn Observer;https://www.crisisgroup.org/crisiswatch/database?location%5B0%5D=11&crisis_state=&created=custom&from_month=1&from_year=2021&to_month=12&to_year=2021&page=0 , https://www.garoweonline.com/en/world/africa/al-shabaab-raids-mandera-kills-three-officers-in-latest-kenya-attack , https://hornobserver.com/articles/962/Four-Kenyan-police-officers-killed-in-Mandera-blast;Afrika;Kenia;KEN;Mandera;Banissa, Banissa-Mandera road;3,89710;40,38680;Al-Shabaab;REMO;TRANS;TÖT;IED;Hinterhalt;SK;POL;Patrouille;;;;4;5;;;;;;;;;;
;5/21/21;SATP;https://satp.org/terrorist-activity/pakistan-May-2021;Naher & Mittlerer Osten;Pakistan;PAK;Kech;Turbat;26,008055;63,038306;Balochistan Liberation Front ;SEP;REG;NB;FW;;ZIV;GOV;Politiker der NP Partei Mullah Barkat;;;;;;;;Barkat ist durch kugelsicheres Fahrzeug unversehrt geblieben, ob es anderweitige Opfer gab ist unbekannt;;;;;;;
;5/21/21;Evidencias;https://evidencias.co.mz/2021/05/22/insurgentes-invadiram-ulumbe-e-assassinaram-cinco-ex-integrantes-do-grupo/;Afrika;Mosambik;MOZ;Cabo Delgado;Palma, Olumbe;-10,99110;40,47840;NB;REMO;REG;TÖT;FW;;ZIV;PP;Ehem. Terroristen;5;;;;;;;;;;;;;;
;5/21/21;SATP;https://satp.org/terrorist-activity/pakistan-May-2021;Naher & Mittlerer Osten;Pakistan;PAK;Qilla Abdullah;Chaman, Murghi Bazar;30,916392;66,498579;NB;NB;NB;TÖT;IED;Bombe an am Straßenrand stehenden Motorrad;ZIV;REL;pro-palestinische Veranstaltung organisiert von Jamiat Ulema-i-Islam - Nazaryati;7;14;;;;;;;;;;;;;
;5/21/21;SATP;https://satp.org/terrorist-activity/afghanistan-May-2021;Naher & Mittlerer Osten;Afghanistan;AFG;Takhar;Taluqan, Pul-e-Shash Metra;36,7631;69,5292;Taliban;REMO;NAT;TÖT;RAM;Mörser;ZIV;PP;;1;2;;;;;;;;;;;;;
;5/21/21;Horn Observer;https://hornobserver.com/articles/960/Three-killed-in-IED-blast-outside-Somali-capital-Mogadishu;Afrika;Somalia;SOM;Mogadishu;Garsbaale;2.06259;45.26056;NB;NB;NB;TÖT;IED;Bombe am Straßenrand;ZIV;GOV;Lokaler Politiker;3;2;;;;;Fahrzeug zerstört;;;;;;;;
;5/21/21;NINA;https://www.ninanews.com/Website/News/Details?key=905505;Naher & Mittlerer Osten;Irak;IRQ;Basra;Al-Faw;30.12212;48.23187;NB;NB;NB;ZERS;IED;;ZIV;REL;Geistlicher;;;;;;;Haus eines Geistlichen beschädigt;;;;;;;;
;5/22/21;U.S. Dept of State;https://www.state.gov/reports/2021-report-on-international-religious-freedom/cameroon/;Afrika;Kamerun;CMR;Sud-Ouest;Manyu;5,70355;9,41991;Amba Boys;SEP;REG;ENTF;FW;;ZIV;REL;Katholischer Priester;;;1;;;;;Als Warnung entführt;;;;;;;
;5/22/21;SATP;https://satp.org/terrorist-activity/afghanistan-May-2021;Naher & Mittlerer Osten;Afghanistan;AFG;Kunduz;Khanabad, Bandar-e-Bukhari;36,6798;69,1136;NB;NB;NB;TÖT;FW;;ZIV;PP;;4;;;;;;;;;;;;;;
;5/22/21;SATP;https://satp.org/terrorist-activity/afghanistan-May-2021;Naher & Mittlerer Osten;Afghanistan;AFG;Helmand;Lashkargah;31,6147;64,4236;NB;NB;NB;TÖT;RAM;Mörser;ZIV;PP;;2;2;;;;;;;;;;;;;
;5/22/21;RTP News;https://www.rtp.pt/noticias/mundo/mocambique-testemunhas-registam-mortes-e-destruicao-de-casas-em-palma_n1323155;Afrika;Mosambik;MOZ;Cabo Delgado;Palma city, Quelimane/Quilaua;-10,77650;40,46610;NB;REMO;REG;ZERS;BRA;;ZIV;PP;;;;;;;;14 Häuser und eine Moschee in Brand gesetzt;In Quelle angegebene Opferzahlen resultieren ggf. aus den folgenden Gefechten der Terroristen mit den Sicherheitskräften;;;;;;;
;5/22/21;SATP;https://satp.org/terrorist-activity/pakistan-May-2021;Naher & Mittlerer Osten;Pakistan;PAK;North Waziristan;Militärposten;32,943066;69,955034;NB;NB;NB;TÖT;FW;Schüsse über die Grenze von Afghanistan nach Pakistan;SK;MIL;Pakistanische Armee;;;;1;;;;;;;;;;;
;5/22/21;SATP;https://satp.org/terrorist-activity/pakistan-May-2021;Naher & Mittlerer Osten;Pakistan;PAK;Peshawar;Badaber Polizeistation;33,908276;71,557769;NB;NB;NB;TÖT;FW;;ZIV;PP;;3;;;;;;;;;;;;;;
;5/22/21;SATP;https://www.satp.org/terrorist-activity/india-May-2021;Südostasien;Indien;IND;Nampong;Longvi village ;27.29346;96.12583;National Socialist Council of Nagaland;SEP;TRANS;TÖT;FW;;SK;MLZ;Assam Rifles;;1;;1;1;;;;;;;;;;
;5/22/21;NINA;https://www.ninanews.com/Website/News/Details?key=905517;Naher & Mittlerer Osten;Irak;IRQ;Baghdad;Tarmiyah ;33.64578;44.38185;NB;NB;NB;TÖT;FW;;ZIV;NGO;Aktivist der Tarmiyah Youth Relief und Voluntary Association;1;;;;;;;;;;;;;;
;5/23/21;SATP;https://satp.org/terrorist-activity/afghanistan-May-2021;Naher & Mittlerer Osten;Afghanistan;AFG;Logar;Mohammad Agha;34,1926;69,1965;NB;NB;NB;TÖT;FW;;SK;GD;;;;;2;;;;;;;;;;;
;5/23/21;SATP;https://satp.org/terrorist-activity/afghanistan-May-2021;Naher & Mittlerer Osten;Afghanistan;AFG;Parwan;Seyed Khel, Saif-ur-Rahman Shasheed High School;35,0454;69,2662;NB;NB;NB;TÖT;FW;;ZIV;REL;;1;;;;;;;;;;;;;;
;5/23/21;NINA;https://www.ninanews.com/Website/News/Details?key=905727;Naher & Mittlerer Osten;Irak;IRQ;Diyala;Jamalounat;33.69332;44.88503;NB;NB;NB;VERL;IED;Bombe am Straßenrand;ZIV;PP;;;2;;;;;;;;;;;;;
;5/23/21;NINA;https://www.ninanews.com/Website/News/Details?key=905768;Naher & Mittlerer Osten;Irak;IRQ;Dhi Qar;Nasiriyah, Al-Jumhuriya Street;31.04615;46.23858;NB;NB;NB;VERL;IED;Autobombe;ZIV;PP;;;1;;;;;;;;;;;;;
;5/24/21;SATP;https://satp.org/terrorist-activity/pakistan-May-2021;Naher & Mittlerer Osten;Pakistan;PAK;Quetta;Qambrani Road, Basheer Chowk;30,164494;66,980994;Balochistan Liberation Front ;SEP;REG;VERL;IED;Ein Kilogramm Sprengstoff mit Fernzünder;SK;MLZ;Frontier Corps (FC), verletzt wurden außerdem vier uzbekische Arbeiter;;4;;;1;;;;;;;;;;
;5/24/21;Meir Amit Intelligence and Terrorism Information Center;https://www.terrorism-info.org.il/en/news-of-terrorism-and-the-israeli-palestinian-conflict-may-19-26-2021/;Naher & Mittlerer Osten;Israel;ISR;Jerusalem;East Jerusalem, Sheikh Jarrah, Ammunition Hill train station;31.79906;35.23198;NB;NB;NB;VERL;SON;Messer;ZIV;ÖP;Bahnhof;;1;;;1;;;;;;;;;;
;5/24/21;U.S. Dept. of State;https://www.state.gov/reports/country-reports-on-terrorism-2021/peru/;Lateinamerika;Peru;PER;La Convención ;San Miguel de Ene;-12.50302;-73.38860;Sendero Luminoso;SOZ;NAT;TÖT;FW;;ZIV;PP;;16;;;;;;;"Flugblätter gefunden, die von Teilnahme an anstehender Präsidentenwahl abhalten wollten; Region ist für ca. 75% der südamerikanischen Kokain-Produktion bekannt, SL wird als Komplizen der Drogenmafia verdächtigt";;;;;;;
;5/24/21;Syrian Network for Human Rights;https://news.snhr.org/2021/05/24/civilians-killed-by-the-blast-of-a-motorcycle-bomb-of-unknown-origin-near-a-school-in-jarablos-city-in-aleppo-suburbs-on-may-24/;Naher & Mittlerer Osten ;Syrien;SYR;Aleppo;Jarabulus city, Shar'iyah secondary school;36.81820;38.00986;YPG;SEP;REG;TÖT;IED;Motorradbombe;ZIV;EDU;Schule;3;;;;;;Schule teilweise beschädigt;;;;;;;;
;5/24/21;NINA;https://www.ninanews.com/Website/News/Details?key=906001;Naher & Mittlerer Osten;Irak;IRQ;Anbar;Baghdadi, Hit, Ayn Al-Asad Airbase;33.80340;42.43813;NB;NB;NB;ZERS;RAM;Katyusha Raketen;SK;MIL;Luftwaffenbasis;;;;;;;;;;;;;;;
;5/25/21;RegionWeek , The EastAfrican , SOS-Torture/Burundi;https://regionweek.substack.com/p/two-grenades-blasted-at-the-main , https://www.theeastafrican.co.ke/tea/news/east-africa/grenade-attack-in-bujumbura-3414342?fbclid=IwZXh0bgNhZW0CMTAAAR1AzNrAS-isgIkE2pSjgiBmbtYyxO8vTuF5OgAi_moeuClcOrTyRqQcbPU_aem_ZmFrZWR1bW15MTZieXRlcw , https://sostortureburundi.org/wp-content/uploads/2021/08/Quaterly_report_2_2021.pdf;Afrika;Burundi;BDI;Bujumbura Mairie;Bujumbura;3,39550;29,36510;NB;NB;NB;TÖT;HGR;Handgranaten an mehreren Orten;ZIV;ÖP;Bushaltestellen, Parkplätze;7;80;;;;;;Context: 51st UN Security Meeting (Central Africa);;;;;;;
;5/25/21;SATP;https://satp.org/terrorist-activity/afghanistan-May-2021;Naher & Mittlerer Osten;Afghanistan;AFG;Kabul;Qarabagh, Logariha;34,8476;69,2108;NB;NB;NB;TÖT;IED;;SK;MIL;;3;;;3;;;;;;;;;;;
;5/25/21;SATP;https://satp.org/terrorist-activity/afghanistan-May-2021;Naher & Mittlerer Osten;Afghanistan;AFG;Parwan;Seyed Khel, Anchoi;35,0454;69,2662;NB;NB;NB;TÖT;FW;;SK;MIL;;1;;;1;;;;;;;;;;;
;5/25/21;SATP;https://www.satp.org/terrorist-activity/india-May-2021;Südostasien;Indien;IND;Jammu and Kashmir ;Pulwama, Tral;33.93078;75.11375;NB;NB;NB;ZERS;HGR;;SK;MLZ;CRPF;;;;;;;;Keine Personenschäden;;;;;;;
;5/25/21;NINA;https://www.ninanews.com/Website/News/Details?key=906239;Naher & Mittlerer Osten;Irak;IRQ;Anbar;Haditha;34.13316;42.40534;NB;NB;NB;VERL;IED;Autobombe;ZIV;PP;;;10;;;;;;;;;;;;;
;5/26/21;ACLED;https://acleddata.com/yemen-conflict-observatory/#curated (Yemen Conflict Observatory Dataset - YEM65032);Naher & Mittlerer Osten;Jemen;YEM;Abyan;Lawdar, Zarah;13.88049;45.85544;Al-Qaeda - Arabian Peninsula;REMO;TRANS;ZERS;IED;;SK;MLZ;Security Belt checkpoint;;;;;;;Gebäude in die Luft gesprengt;Keine Personenschäden bekannt;;;;;;;
;5/26/21;Reuters , Actualite;https://www.reuters.com/world/africa/suspected-islamists-kill-22-with-knives-machetes-eastern-congo-2021-05-26/ , https://actualite.cd/2021/05/26/rdc-beni-13-morts-dans-une-nouvelle-violence-des-combattants-adf-kisima;Afrika;DR Kongo;COD;Nord-Kivu;Beni, Ruwenzori, Beni-Kasindi road, Kisima, Muthotholi/Kilingwa;0,39911;29,57305;ISCAP;REMO;TRANS;TÖT;SON;;ZIV;PP;Dörfer;22;;4;;;;;"""several more villagers are believed to have been kidnapped""";;;;;;;
;5/26/21;SATP;https://satp.org/terrorist-activity/pakistan-May-2021;Naher & Mittlerer Osten;Pakistan;PAK;Panjgur;Nahe des Hauses vom Sordo District Commissioner;26,976681;64,112427;NB;NB;NB;TÖT;FW;;ZIV;GOV;Gelehrter und stellv. Chef der JUI-F Partei;1;;;;;;;;;;;;;;
;5/26/21;SATP;https://satp.org/terrorist-activity/afghanistan-May-2021;Naher & Mittlerer Osten;Afghanistan;AFG;Faryab;Qaisar;35,5582;64,3409;Taliban;REMO;NAT;TÖT;RAM;Mörser;SK;POL;SF;4;6;;;;;;;;;;;;;
;5/26/21;SATP;https://satp.org/terrorist-activity/afghanistan-May-2021;Naher & Mittlerer Osten;Afghanistan;AFG;Farah;Farah city, Kokshib;32,2938;62,0092;Taliban;REMO;NAT;TÖT;FW;;ZIV;VIP;Director of juvenile correctional center;1;;;;;;;;;;;;;;
;5/26/21;Tagesspiegel;https://www.tagesspiegel.de/potsdam/brandenburg/bekennerschreiben-von-linksextremistischer-gruppe-aufgetaucht-7972579.html;Europa;Deutschland;GER;Brandenburg;Grünheide, Tesla Gigafactory;52.39407;13.79111;Vulkangruppe;SOZ;REG;ZERS;BRA;;ZIV;UNT;Tesla Fabrik;;;;;;;Hochspannungskabel in Brand gesetzt, Kabel noch funktionsfähig;Keine Personenschäden;;;;;;;
;5/26/21;NINA;https://www.ninanews.com/Website/News/Details?key=906398;Naher & Mittlerer Osten;Irak;IRQ;Nineveh;Mosul, Qayyarah, Al-Safina;35.98129;43.34081;NB;NB;NB;VERL;IED;;ZIV;PP;;;2;;;;;;;;;;;;;
;5/27/21;Actualite;https://actualite.cd/2021/05/28/rdc-beni-au-moins-5-morts-dans-une-nouvelle-attaque-mighende;Afrika;DR Kongo;COD;Nord-Kivu;Beni, Ruwenzori, Mighende, Saho;0,28560;29,73040;ISCAP;REMO;TRANS;TÖT;FW;;ZIV;PP;;5;;;;;;;;;;;;;;
;5/27/21;SOS-Torture/Burundi;https://sostortureburundi.org/wp-content/uploads/2021/08/Quaterly_report_2_2021.pdf;Afrika;Burundi;BDI;Muramvya;Muramvya city;-3,26632;29,61673;NB;NB;NB;VERL;HGR;;ZIV;PP;Bistro;;5;;;;;;;;;;;;;
;5/27/21;SATP;https://satp.org/terrorist-activity/afghanistan-May-2021;Naher & Mittlerer Osten;Afghanistan;AFG;Nangarhar;Behsud;34,4545;70,4788;NB;NB;NB;VERL;IED;MIED;ZIV;GOV;;;3;;;;;;;;;;;;;
;5/27/21;SATP;https://satp.org/terrorist-activity/afghanistan-May-2021;Naher & Mittlerer Osten;Afghanistan;AFG;Kabul;;34,5161;69,344;NB;NB;NB;TÖT;FW;;ZIV;GOV;Speaker of Senate;1;;;;;;;;;;;;;;
;5/28/21;Actualite;https://actualite.cd/2021/05/29/ituri-quatre-deplaces-tues-par-les-miliciens-codeco-djugu;Afrika;DR Kongo;COD;Ituri;Djugu, Ndjaza;1,72559;30,22272;CODECO;SEP;REG;TÖT;FW;;ZIV;PP;;4;;;;;;;;;;;;;;
;5/28/21;Actualite;https://actualite.cd/2021/05/28/rdc-deux-morts-et-un-vehicule-incendie-sur-la-route-beni-kasindi;Afrika;DR Kongo;COD;Nord-Kivu;Beni, Ruwenzori, Beni-Kasindi road, Kisima, Muthotholi/Kilingwa;0,39911;29,57305;ISCAP;REMO;TRANS;TÖT;FW;Hinterhalt;ZIV;PP;;2;;;;;;1 Fahrzeug in Brand gesteckt;;;;;;;;
;5/28/21;Deutscher BundeswehrVerband;https://www.dbwv.de/ticker-zurueck-zur-startseite/bomben-und-granaten-sieben-zivilisten-in-afghanistan-getoetet;Naher & Mittlerer Osten;Afghanistan;AFG;Helmand ;Nahr-e-Saradsch;31.8194;64.5776;NB;NB;NB;TÖT;RAM;Mörsergranate;ZIV;PP;;3;;;;;;;;;;;;;;
;5/28/21;Deutscher BundeswehrVerband;https://www.dbwv.de/ticker-zurueck-zur-startseite/bomben-und-granaten-sieben-zivilisten-in-afghanistan-getoetet;Naher & Mittlerer Osten;Afghanistan;AFG;Kapisa;;34.927;69.741;NB;NB;NB;TÖT;IED;Bombe am Straßenrand;ZIV;PP;;3;;;;;;;;;;;;;;
;5/28/21;Deutscher BundeswehrVerband;https://www.dbwv.de/ticker-zurueck-zur-startseite/bomben-und-granaten-sieben-zivilisten-in-afghanistan-getoetet;Naher & Mittlerer Osten;Afghanistan;AFG;Daikundi;;33.62;66.31;NB;NB;NB;TÖT;IED;Mine;ZIV;PP;;1;;;;;;Holzsammler trat auf Landmine;;;;;;;;
;5/28/21;SATP;https://www.satp.org/terrorist-activity/india-May-2021;Südostasien;Indien;IND;Jammu and Kashmir ;Baramulla, Sopore, Warpora;34.33517;74.48299;NB;NB;NB;ZERS;FW;;SK;POL;;;;;;;;Keine Schäden;Keine Personenschäden;;;;;;;
;5/28/21;ACLED;https://www.caboligado.com/reports/cabo-ligado-weekly-24-30-may-2021 , https://www.caboligado.com/reports/cabo-ligado-weekly-7-13-june-2021;Afrika;Mosambik;MOZ;Cabo Delgado;Palma, Quiwiya;-10,68820;40,57780;NB;REMO;REG;TÖT;SON;;ZIV;PP;;5;;;;;;Häuser in Brand gesetzt;Alle Opfer geköpft;;;;;;;
;5/28/21;SATP , Mainstream Media Ltd.;https://satp.org/terrorist-activity/afghanistan-May-2021 , https://www.afghanistannews.net/news/269667414/gun-battle-kills-10-including-7-insurgents-in-n-afghanistan;Naher & Mittlerer Osten;Afghanistan;AFG;Kunduz;Imam Sahib, Kanchoga;37,16348;68,89994;Taliban;REMO;NAT;TÖT;FW;;SK;MLZ;;;;;3;2;;;;;;;;;;
;5/28/21;Reuters , euronews;https://www.reuters.com/world/europe/french-policewoman-badly-wounded-attack-western-france-bfm-tv-2021-05-28/ , https://www.euronews.com/2021/05/28/suspect-on-the-run-after-policewoman-injured-in-nantes-knife-attack;Europa;Frankreich;FRA;Pays de la Laire;Nantes, La Chapelle-sur-Erdre;47.30298;-1.54718;NB;REMO;NB;VERL;SON;Messer;SK;POL;;;1;1;;;;;Frau für mehrere Stunden als Geisel genommen;;;;;;;
;5/28/21;Horn Observer;https://hornobserver.com/articles/1000/Explosion-kills-4-wounds-14-at-a-market-place-in-the-town-of-Baidoa-Southwest-State-of-Somalia;Afrika;Somalia;SOM;Bay;Baidoa;3.11995;43.64446;NB;NB;NB;TÖT;IED;;ZIV;ÖP;Markt;4;14;;;;;;;;;;;;;
;5/28/21;Crisis Group;https://www.crisisgroup.org/crisiswatch/database?location%5B%5D=27&crisis_state=&created=custom&from_month=1&from_year=2021&to_month=12&to_year=2021;Afrika;Niger;NER;Diffa;Diffa city;13.31307;12.61366;ISWAP;REMO;TRANS;TÖT;FW;;SK;POL;;4;;;4;;;;;;;;;;;
;5/28/21;NINA;https://www.ninanews.com/Website/News/Details?key=906734 , https://www.ninanews.com/Website/News/Details?key=906749;Naher & Mittlerer Osten;Irak;IRQ;Diyala;Baquba;33.88784;44.80637;NB;NB;NB;VERL;FW;;ZIV;GOV;Parlamentsmitarbeiter von Salim Al-Jubouri ;;2;;;;;;Anschlag auf einen Konvoi;;;;;;;
;5/29/21;Barrons , Actualite;https://www.barrons.com/amp/news/six-killed-in-eastern-drcongo-attack-sources-01622301013 , https://actualite.cd/2021/05/29/rdc-beni-encore-six-civils-tues-par-balles-ruwenzori;Afrika;DR Kongo;COD;Nord-Kivu;Beni, Kinyatsi;0,13499;29,64174;ISCAP;REMO;TRANS;TÖT;FW;;ZIV;PP;;6;2;;;;;;;;;;;;;
;5/29/21;SATP;https://satp.org/terrorist-activity/afghanistan-May-2021 , https://www.afghanistannews.net/news/269667414/gun-battle-kills-10-including-7-insurgents-in-n-afghanistan;Naher & Mittlerer Osten;Afghanistan;AFG;Kapisa;Tagab;34,7519;69,7768;NB;NB;NB;TÖT;RAM;Mörser;ZIV;PP;;10;15;;;;;;;;;;;;;
;5/29/21;SATP;https://satp.org/terrorist-activity/afghanistan-May-2021 , https://www.afghanistannews.net/news/269667414/gun-battle-kills-10-including-7-insurgents-in-n-afghanistan;Naher & Mittlerer Osten;Afghanistan;AFG;Herat;Ghorian;34,0903;61,103;NB;NB;NB;TÖT;IED;;ZIV;TI;Railway worker;6;;;;;;;;;;;;;;
;5/29/21;Voice of America;https://www.voanews.com/a/south-central-asia_roadside-bomb-kills-three-university-teachers-afghanistan-police-say/6206372.html;Naher & Mittlerer Osten;Afghanistan;AFG;Parwan;Charikar;35.01317;69.17416;NB;NB;NB;TÖT;IED;;ZIV;EDU;Bus gefüllt mit Gelehrten und Uni-Mitarbeitern;3;15;;;;;;;;;;;;;
;5/29/21;SATP;https://www.satp.org/terrorist-activity/india-May-2021;Südostasien;Indien;IND;Anantnag;Jablipora;33.73112;75.14870;NB;NB;NB;TÖT;FW;;ZIV;PP;;1;;;;;;;;;;;;;;
;5/29/21;SATP;https://www.satp.org/terrorist-activity/india-May-2021;Südostasien;Indien;IND;Anantnag;Jablipora;33.73112;75.14870;NB;NB;NB;TÖT;FW;;ZIV;PP;;1;;;;;;;;;;;;;;
;5/29/21;ACLED;https://www.caboligado.com/reports/cabo-ligado-weekly-24-30-may-2021;Afrika;Mosambik;MOZ;Cabo Delgado;Palma, Quiwiya;-10,68820;40,57780;NB;REMO;REG;ZERS;BRA;;ZIV;PP;;;;;;;;Häuser in Brand gesetzt;;;;;;;;
;5/29/21;NINA;https://www.ninanews.com/Website/News/Details?key=906841;Naher & Mittlerer Osten;Irak;IRQ;Diyala;Miqdadiyah, Imam Wais ;33.91961;44.96125;ISIS;REMO;TRANS;VERL;FW;;SK;MLZ;PMF;;;;;1;;;;;;;;;;
;5/29/21;NINA;https://www.ninanews.com/Website/News/Details?key=907025;Naher & Mittlerer Osten;Irak;IRQ;Diyala;Khanaqin, Al-Masqafat;34.40250;45.46201;ISIS;REMO;TRANS;TÖT;FW;Scharfschütze, Infiltration;SK;MLZ;PMF;;;;1;;;;;;;;;;;
;5/29/21;NINA;https://www.ninanews.com/Website/News/Details?key=906890;Naher & Mittlerer Osten;Irak;IRQ;Najaf;Kufah, Al-Kufa;32.03453;44.40309;NB;NB;NB;ZERS;HGR;;ZIV;PP;Bruder eines Bürgeraktivisten;;;;;;;Privathaus beschädigt;;;;;;;;
;5/30/21;Crisis Group , Premium Times Nigeria;https://www.crisisgroup.org/crisiswatch/database?location%5B0%5D=28&crisis_state=&created=custom&from_month=1&from_year=2021&to_month=12&to_year=2021&page=0 , https://www.premiumtimesng.com/news/headlines/491134-updated-suspected-ipob-members-attacked-164-police-facilities-killed-175-security-personnel-nigerian-govt.html?tztc=1;Afrika;Nigeria;NGA;Imo;;5.58593;7.06695;Indigenous People of Biafra;SEP;REG;TÖT;FW;;ZIV;GOV;Politiker;1;;;;;;;;;;;;;;
;5/30/21;Al Jazeera , The Defense Post , Combating Terrorism Center , Actualite;https://www.aljazeera.com/news/2021/5/31/at-least-50-dead-in-two-attacks-in-eastern-dr-congo , https://www.thedefensepost.com/2021/05/31/39-dead-two-attacks-dr-congo/ , https://ctc.westpoint.edu/the-rising-threat-to-central-africa-the-2021-transformation-of-the-islamic-states-congolese-branch/ , https://actualite.cd/2021/05/31/rdc-le-bilan-de-lattaque-armee-boga-est-lourd-plus-de-30-morts;Afrika;DR Kongo;COD;Ituri;Irumu, Boga;1,02538;29,95311;ISCAP;REMO;TRANS;TÖT;FW;;ZIV;ETH;;36;5;2;;;;Häuser in Brand gesteckt;"2 lokale Anführer gezielt getötet; viele verwundete Menschen in Büschen; einige Menschen entführt";;;;;;;
;5/30/21;Al Jazeera , The Defense Post , Combating Terrorism Center , Actualite;https://www.aljazeera.com/news/2021/5/31/at-least-50-dead-in-two-attacks-in-eastern-dr-congo , https://www.thedefensepost.com/2021/05/31/39-dead-two-attacks-dr-congo/ , https://ctc.westpoint.edu/the-rising-threat-to-central-africa-the-2021-transformation-of-the-islamic-states-congolese-branch/ , https://actualite.cd/2021/05/31/rdc-le-bilan-de-lattaque-armee-boga-est-lourd-plus-de-30-morts;Afrika;DR Kongo;COD;Ituri;Irumu, Tchabi;0,96307;29,86453;ISCAP;REMO;TRANS;TÖT;FW;;ZIV;ETH;;24;5;2;;;;Häuser in Brand gesteckt;"Viele verwundete Menschen in Büschen; einige Menschen entführt";;;;;;;
;5/30/21;U.S. Dept of State;https://www.state.gov/reports/2021-report-on-international-religious-freedom/burkina-faso/;Afrika;Burkina Faso;BFA;Est;Gouma, Sanipenga;11,92430;0,59778;NB;NB;NB;ENTF;FW;;ZIV;REL;Christen;;;3;;;;;Keine Informationen bzgl. Verbleib;;;;;;;
;5/30/21;SATP;https://satp.org/terrorist-activity/afghanistan-May-2021 , https://www.afghanistannews.net/news/269667414/gun-battle-kills-10-including-7-insurgents-in-n-afghanistan;Naher & Mittlerer Osten;Afghanistan;AFG;Nangarhar;Shirzad;34,25;70,01;NB;NB;NB;TÖT;IED;;ZIV;PP;;2;1;;;;;;;;;;;;;
;5/30/21;SATP;https://satp.org/terrorist-activity/afghanistan-May-2021 , https://www.afghanistannews.net/news/269667414/gun-battle-kills-10-including-7-insurgents-in-n-afghanistan;Naher & Mittlerer Osten;Afghanistan;AFG;Paktia;Gardez;33,5997;69,229;NB;NB;NB;TÖT;FW;;ZIV;UNT;Kabul Bank;2;;;;;;;;;;;;;;
;5/30/21;SATP;https://www.satp.org/terrorist-activity/india-May-2021;Südostasien;Indien;IND;Malkangiri ;Kulabeda village ;18.66881;82.22437;NB;NB;NB;ZERS;BRA;;ZIV;GOV;;;;;;;;nursery was destroyed;No casualties;;;;;;;
;5/30/21;U.S. Dept of State;https://www.state.gov/reports/2021-report-on-international-religious-freedom/burkina-faso/;Afrika;Burkina Faso;BFA;Centre-Nord;Sanmatenga, Bouli;12,76902;-1,08402;JNIM;REMO;TRANS;TÖT;FW;;ZIV;REL;Imam und village chief;3;;;1;;;;;;;;;;;
;5/30/21;NINA;https://www.ninanews.com/Website/News/Details?key=907034;Naher & Mittlerer Osten;Irak;IRQ;Babil;Hillah, Abu Gharq;32.50194;44.33756;NB;NB;NB;ZERS;HGR;;SK;POL;Wohnhaus des ehem. Polizeichefs von Babylon;;;;;;;;;;;;;;;
;5/31/21;Premium Times Nigeria;https://www.premiumtimesng.com/news/headlines/464923-exclusive-seven-soldiers-killed-five-injured-as-terrorists-ambush-nigerian-troops.html;Afrika;Nigeria;NGA;Borno;Marte-Maiduguri road;12.36498;13.82977;Boko Haram;REMO;TRANS;TÖT;IED;;SK;MIL;Militärfahrzeug;;;;7;5;;;;;;;;;;
;5/31/21;SATP;https://satp.org/terrorist-activity/afghanistan-May-2021 , https://www.afghanistannews.net/news/269667414/gun-battle-kills-10-including-7-insurgents-in-n-afghanistan;Naher & Mittlerer Osten;Afghanistan;AFG;Baghlan;Baghlan-e-Markazi;36,3396;68,7817;NB;NB;NB;TÖT;IED;VBIED;SK;POL;Polizeistation;1;20;;3;8;;;;;;;;;;
;5/31/21;colombiareports;https://colombiareports.com/southwest-colombia-town/ , https://naaju.com/argentina/massacre-in-algeciras-huila-nine-people-were-killed-on-a-farm/ , https://wearebreakingnews.com/nine-killed-in-a-massacre-in-southern-colombia.html;Lateinamerika;Kolumbien;COL;Huila ;Algeciras;2,523286;-75,315623;NB;NB;NB;TÖT;FW;;ZIV;PP;farm where the massacre took place is owned by the father of a demobilized member of guerrilla group FARC, but neither father nor son were killed or at the farm. Deswegen ZIV;9;;;;;;;;;;;;;;
;5/31/21;SATP;https://satp.org/terrorist-activity/pakistan-May-2021;Naher & Mittlerer Osten;Pakistan;PAK;Quetta;Pir Ismail Ziarat, Frontier Corps Posten;30,17984;66,974973;NB;NB;NB;TÖT;FW;;SK;MLZ;Posten Frontier Corps;;;;4;6;;;Fünf Angreifer getötet, acht verletzt;;;;;;;
;5/31/21;SATP;https://satp.org/terrorist-activity/pakistan-May-2021;Naher & Mittlerer Osten;Pakistan;PAK;Kech;Turbat;26,008055;63,038306;NB;NB;NB;VERL;IED;;SK;MLZ;Frontier Corps;;;;;2;;;;;;;;;;
;5/31/21;SATP;https://satp.org/terrorist-activity/afghanistan-May-2021 , https://www.afghanistannews.net/news/269667414/gun-battle-kills-10-including-7-insurgents-in-n-afghanistan;Naher & Mittlerer Osten;Afghanistan;AFG;Parwan;Shenwari;35,0493;69,0662;Taliban;REMO;NAT;VERL;FW;;SK;POL;;;2;;;2;;;;;;;;;;
;5/31/21;NINA;https://www.ninanews.com/Website/News/Details?key=907288;Naher & Mittlerer Osten;Irak;IRQ;Diyala;Miqdadiyah;33.96303;44.94423;NB;NB;NB;TÖT;FW;;ZIV;PP;;1;;;;;;;;;;;;;;
;5/31/21;NINA;https://www.ninanews.com/Website/News/Details?key=907336;Naher & Mittlerer Osten;Irak;IRQ;Diyala;Khanaqin, Naw Duman;34.78138;45.50571;NB;NB;NB;TÖT;IED;Bombe am Straßenrand;ZIV;PP;Schäfer;1;1;;;;;;;;;;;;;
;6/1/21;Actualite;https://actualite.cd/2021/06/02/rdc-etat-de-siege-la-violence-ne-faiblit-12-personnes-tuees-par-des-miliciens-codeco;Afrika;DR Kongo;COD;Ituri;Djugu;1,97672;30,31791;CODECO;SEP;REG;TÖT;FW;;ZIV;UNT;Bergbau;12;;;;;;;;;;;;;;
;6/1/21;U.S. Dept. of State , Deutsche Welle , The Guardian;https://www.state.gov/reports/country-reports-on-terrorism-2021/uganda , https://www.dw.com/en/assassination-attempt-on-ugandan-minister-kills-2/a-57736189 , https://www.theguardian.com/world/2021/jun/01/ugandan-minister-hurt-in-assassination-bid-that-killed-his-daughter;Afrika;Uganda;UGA;Central;Kampala, Kisaasi;0,36289;32,59973;ISCAP;REMO;TRANS;TÖT;FW;Von Mottorrädern aus auf Wagen geschossen;ZIV;GOV;Transportminister (Ehem. Armee Kommandeur);2;1;;;;;;Ziel verfehlt und die Tochter+Fahrer getötet;;;;;;;
;6/1/21;SATP;https://satp.org/terrorist-activity/afghanistan-Jun-2021;Naher & Mittlerer Osten;Afghanistan;AFG;Kandahar;D4;31,3162;65,6751;NB;NB;NB;VERL;FW;;ZIV;PP;Arzt;;1;;;;;;;;;;;;;
;6/1/21;SATP , NYT;https://satp.org/terrorist-activity/afghanistan-Jun-2021 , https://www.nytimes.com/2021/06/03/world/asia/afghan-war-casualty-report-june-2021.html#after-bottom;Naher & Mittlerer Osten;Afghanistan;AFG;Kabul;Kabul city, PD3, Sar-e-Karez, Ahlolbait Mosque;34,5026;69,1227;NB;NB;NB;TÖT;IED;;ZIV;REL;Shia Hazara;10;12;;;;;;;;;;;;;
;6/1/21;SATP;https://satp.org/terrorist-activity/pakistan-Jun-2021;Naher & Mittlerer Osten;Pakistan;PAK;Bannu;Janni Khel, Zandi Khel;32,800938;70,580644;NB;NB;NB;TÖT;FW;;ZIV;VIP;Stammesältester des Janni Khel, Malik Naseeb Khan;1;;;;;;AK-47, Mobiltelefon und Geld wurden entwendet;;;;;;;;
;6/1/21;SATP;https://satp.org/terrorist-activity/pakistan-Jun-2021;Naher & Mittlerer Osten;Pakistan;PAK;South Waziristan;Ladha Union Council, Tungi Badinzai;32,64578;70,121765;NB;NB;NB;TÖT;IED;Landmine;ZIV;PP;Kinder;3;2;;;;;;;;;;;;;
;6/1/21;Syrian Network for Human Rights;https://news.snhr.org/2021/06/03/civilian-killed-by-the-blast-of-a-motorcycle-bomb-of-unknown-origin-in-e-hasaka-governorate-on-june-6/;Naher & Mittlerer Osten ;Syrien;SYR;Al-Hasakah;Al Humar;36.06656;40.93172;NB;NB;NB;TÖT;IED;Motorradbombe;ZIV;PP;;1;;;;;;;;;;;;;;
;6/2/21;Crisis Group;https://www.crisisgroup.org/crisiswatch/database?location%5B%5D=27&crisis_state=&created=custom&from_month=1&from_year=2021&to_month=12&to_year=2021;Afrika;Niger;NER;Tillaberi;Ouallam, Banibangou;15.03936;2.70167;ISGS;REMO;TRANS;TÖT;FW;;ZIV;PP;;;;2;;;;;;;;;;;;
;6/2/21;SATP;https://satp.org/terrorist-activity/afghanistan-Jun-2021;Naher & Mittlerer Osten;Afghanistan;AFG;Parwan;Charikar, Hofian Sharif intersection;35,0138;69,1642;NB;NB;NB;TÖT;IED;;SK;POL;;;;;3;;;;;;;;;;;
;6/2/21;SATP;https://satp.org/terrorist-activity/afghanistan-Jun-2021;Naher & Mittlerer Osten;Afghanistan;AFG;Nangarhar;Jalalabad, PD4, Bargeno;34,4182;70,4707;NB;NB;NB;TÖT;IED;;SK;POL;;2;;;;10;;;;;;;;;;
;6/2/21;SATP;https://satp.org/terrorist-activity/afghanistan-Jun-2021;Naher & Mittlerer Osten;Afghanistan;AFG;Kandahar;;31,3162;65,6751;NB;NB;NB;VERL;FW;;ZIV;VIP;Tribal Elder;;1;;;;;;;;;;;;;
;6/2/21;SATP;https://www.satp.org/terrorist-activity/india-Jun-2021;Südostasien;Indien;IND;Pulwama;Tral ;33.93421;75.11367;NB;NB;NB;TÖT;FW;;ZIV;GOV;;1;1;;;;;;;;;;;;;
;6/2/21;SATP;https://satp.org/terrorist-activity/pakistan-Jun-2021;Naher & Mittlerer Osten;Pakistan;PAK;Karachi;Clifton, Bahria Icon Tower;24,812263;67,028771;NB;NB;NB;VERL;HGR;Handgranate von Motorrad aus geworfen;ZIV;ÖP;Wachmann verletzt;;;;1;;;;;;;;;;;
;6/2/21;SATP;https://satp.org/terrorist-activity/pakistan-Jun-2021;Naher & Mittlerer Osten;Pakistan;PAK;South Waziristan;Kaniguram, Militärcheckposten;32,519068;69,782306;NB;NB;NB;TÖT;IED;;SK;MIL;Pakistanische Armee;;;;1;;;;;;;;;;;
;6/2/21;Meir Amit Intelligence and Terrorism Information Center;https://www.terrorism-info.org.il/en/news-of-terrorism-and-the-israeli-palestinian-conflict-june-2-8-2021/;Naher & Mittlerer Osten;Israel;ISR;West Bank;Nablus, Elon Moreh;32.23419;35.33371;NB;NB;NB;ZERS;FW;;ZIV;PP;Israelisches Fahrzeug;;;;;;;Fahrzeug beschädigt;Keine Personenschäden;;;;;;;
;6/2/21;Daily Sabah;https://www.dailysabah.com/politics/war-on-terror/terror-attack-wounds-2-in-syrias-northern-jarablus;Naher & Mittlerer Osten ;Syrien;SYR;Aleppo;Jarabulus city;36.81820;38.00986;NB;NB;NB;VERL;IED;Autobombe;ZIV;PP;;;2;;;;;;;;;;;;;
;6/2/21;NINA;https://www.ninanews.com/Website/News/Details?key=907612;Naher & Mittlerer Osten;Irak;IRQ;Baghdad;Tarmia District;33.66084;44.26447;ISIS;REMO;TRANS;ZERS;RAM;Mörser;SK;MLZ;PMF;;;;;;;;;;;;;;;
;6/2/21;NINA;https://www.ninanews.com/Website/News/Details?key=907665;Naher & Mittlerer Osten;Irak;IRQ;Najaf;Najaf, Al Nasr;32.04084;44.31312;NB;NB;NB;ZERS;IED;TNT;ZIV;PP;;;;;;;;;;;;;;;;
;6/3/21;Crisis Group , Meir Amit Intelligence and Terrorism Information Center;https://www.crisisgroup.org/crisiswatch/database?location_region%5B0%5D=1&location%5B0%5D=26&crisis_state=&created=custom&from_month=1&from_year=2021&to_month=12&to_year=2021&page=0 , https://www.terrorism-info.org.il/en/spotlight-on-global-jihad-june-17-23-2021/;Afrika;Mali;MLI;Menaka;Inkinbabane;16.48664;2.18290;ISGS;REMO;TRANS;TÖT;FW;;SK;MLZ;Tuareg;11;;;;;;;;;;;;;;
;6/3/21;Philippine Daily Inquirer , U.S. Dept. of State;https://newsinfo.inquirer.net/1441802/p200k-reward-up-for-capture-of-suspects-in-burning-of-bus-in-cotabato , https://www.state.gov/reports/country-reports-on-terrorism-2021/philippines;Südostasien;Philippinen;PHL;Soccsksargen;North Cotabato, Mlang-Kidapawan road;6.97420;124.98500;Dawlah Islamiya;REMO;REG;TÖT;BRA;Brandanschlag in Bus mit brennbarer Flüssigkeit;ZIV;TI;Bus;3;6;;;;;;;;;;;;;
;6/3/21;SATP;https://satp.org/terrorist-activity/afghanistan-Jun-2021;Naher & Mittlerer Osten;Afghanistan;AFG;Herat;Injil;34,4232;62,1956;NB;NB;NB;TÖT;FW;;ZIV;REL;Prominent cleric;1;;;;;;;;;;;;;;
;6/3/21;SATP;https://satp.org/terrorist-activity/afghanistan-Jun-2021;Naher & Mittlerer Osten;Afghanistan;AFG;Herat;Farsi;33,6971;63,0911;NB;NB;NB;TÖT;FW;;SK;POL;;;;;4;;;;;;;;;;;
;6/3/21;SATP;https://satp.org/terrorist-activity/afghanistan-Jun-2021;Naher & Mittlerer Osten;Afghanistan;AFG;Kabul;Kabul city, PD5, Kot-e-Sangi;34,5149;69,1168;NB;NB;NB;TÖT;IED;;ZIV;PP;;4;5;;;;;;;;;;;;;
;6/3/21;SATP;https://satp.org/terrorist-activity/afghanistan-Jun-2021;Naher & Mittlerer Osten;Afghanistan;AFG;Kabul;Kabul city, PD6, Chahar Qala;34,4981;69,1154;NB;NB;NB;TÖT;IED;;ZIV;PP;;4;4;;;;;;;;;;;;;
;6/3/21;SATP;https://satp.org/terrorist-activity/afghanistan-Jun-2021;Naher & Mittlerer Osten;Afghanistan;AFG;Kabul;Kabul city, PD6, Pul-e-Sukhta;34,5089;69,117;NB;NB;NB;TÖT;IED;;ZIV;MEDIA;;3;;;;;;;;;;;;;;
;6/3/21;SATP;https://satp.org/terrorist-activity/pakistan-Jun-2021;Naher & Mittlerer Osten;Pakistan;PAK;Islamabad;I. J. Principle Road, Construction Technology and Training Institute;33,628637;73,010802;NB;NB;NB;TÖT;FW;;SK;POL;Eagle Squad Beamte Ishtiaq Ranjha und Bashir Shah;;;;2;;;;;;;;;;;
;6/3/21;Crisis Group;https://www.crisisgroup.org/crisiswatch/database?location%5B%5D=27&crisis_state=&created=custom&from_month=1&from_year=2021&to_month=12&to_year=2021;Afrika;Niger;NER;Maradi;Madarounfa, Baban Rafi;13.30317;7.16165;NB;NB;NB;ENTF;FW;;ZIV;PP;;;;5;;;;;;;;;;;;
;6/3/21;Special Operations Forces Report , Meir Amit Intelligence and Terrorism Information Center;https://sofrep.com/news/senior-quds-force-officer-killed-in-isis-ambush/ , https://www.terrorism-info.org.il/en/spotlight-on-global-jihad-june-2-9-2021/;Naher & Mittlerer Osten ;Syrien;SYR;Homs;Al-Suknah, Deir Ez-Zor-Palmyra road;34.93428;39.33952;ISIS;REMO;TRANS;TÖT;FW;Hinterhalt;SK;MIL;Konvoi von Syrischen Soldaten sowie Iranischen Soldaten und Militärberatern;;;;23;;;;;;;;;;;
;6/3/21;NINA;https://www.ninanews.com/Website/News/Details?key=907961;Naher & Mittlerer Osten;Irak;IRQ;Nineveh;Tel Afar;36.39370;42.62918;NB;NB;NB;VERL;IED;;ZIV;PP;;;2;;;;;;;;;;;;;
;6/4/21;U.S. Dept of State;https://www.state.gov/reports/2021-report-on-international-religious-freedom/burkina-faso/;Afrika;Burkina Faso;BFA;Sahel;Oudalan, Deou;14,60004;-0,71785;ISGS;REMO;TRANS;VERL;SON;Verstümmelung;ZIV;PP;alleged Diebe;;3;;;;;;Amputierungen unter Sharia Recht;;;;;;;
;6/4/21;SATP;https://www.satp.org/terrorist-activity/india-Jun-2021;Südostasien;Indien;IND;Kodekurse;Bhurke ;20.24500;80.78925;CPI-M;SOZ;NAT;TÖT;FW;;SK;POL;;;;;1;;;;Polizist wurde erst entführt;;;;;;;
;6/4/21;Radio Okapi , Actualite;https://www.radiookapi.net/2021/06/06/actualite/securite/beni-2-personnes-tuees-dans-une-embuscade-des-rebelles-adf-sur-la , https://actualite.cd/2021/06/05/beni-adf-deux-morts-dont-un-soldat-dans-une-nouvelle-embuscade-pres-de-ntoma;Afrika;DR Kongo;COD;Nord-Kivu;Beni, Ruwenzori, Ntoma, Byahuut bridge;0,39475;29,60260;ISCAP;REMO;TRANS;TÖT;FW;;SK;MIL;;1;1;;1;;;;;;;;;;;
;6/4/21;BBC , The Guardian;https://www.bbc.com/news/world-africa-57368536 , https://www.theguardian.com/world/2021/jun/05/suspected-extremist-attack-on-burkina-faso-village-kills-100-people;Afrika;Burkina Faso;BFA;Sahel;Yagha, Tadaryat;13,59847;0,62152;NB;NB;NB;TÖT;FW;;ZIV;PP;Dorf;13;;;1;;;Motorräder und Vieh wurden beschädigt;;;;;;;;
;6/4/21;SATP;https://satp.org/terrorist-activity/afghanistan-Jun-2021;Naher & Mittlerer Osten;Afghanistan;AFG;Baghlan;Julga;35,9713;69,2963;Taliban;REMO;NAT;TÖT;FW;;SK;POL;;;;;8;;;;;;;;;;;
;6/4/21;SATP;https://satp.org/terrorist-activity/afghanistan-Jun-2021;Naher & Mittlerer Osten;Afghanistan;AFG;Takhar;Versaj, Sang-e-Atash;36,0821;70,2087;Taliban;REMO;NAT;TÖT;FW;;SK;POL;;;;;1;;;;;;;;;;;
;6/4/21;Crisis Group;https://www.crisisgroup.org/crisiswatch/database?location%5B%5D=27&crisis_state=&created=custom&from_month=1&from_year=2021&to_month=12&to_year=2021;Afrika;Niger;NER;Tillaberi;Say, Torodi;13.12081;1.80009;JNIM;REMO;TRANS;TÖT;FW;;SK;MIL;;;;;2;;;;;;;;;;;
;6/4/21;NINA;https://www.ninanews.com/Website/News/Details?key=908023;Naher & Mittlerer Osten;Irak;IRQ;Diyala;Al-Lahib;34.05707;45.19584;ISIS;REMO;TRANS;VERL;FW;;SK;MLZ;PMF, Checkpoint;;;;;1;;;;;;;;;;
;6/5/21;U.S. Dept. of State , Reuters;https://www.state.gov/reports/country-reports-on-terrorism-2021/burkina-faso/ , https://www.reuters.com/world/africa/armed-attackers-kill-100-civilians-burkina-faso-village-raid-2021-06-05/;Afrika;Burkina Faso;BFA;Sahel;Yagha, Solhan;13,35501;0,75409;NB;NB;NB;TÖT;FW;;ZIV;PP;Dorf;160;;;;;;;;;;;;;;
;6/5/21;SOS-Torture/Burundi;https://sostortureburundi.org/wp-content/uploads/2021/08/Quaterly_report_2_2021.pdf;Afrika;Burundi;BDI;Cibitoke;Mabayi, Rutorero;-2,74775;29,27644;NB;NB;NB;VERL;FW;Hinterhalt;SK;MIL;;;;;;;;;Angreifer sollen Ruandisch gesprochen haben;;;;;;;
;6/5/21;SATP;https://www.satp.org/terrorist-activity/india-Jun-2021;Südostasien;Indien;IND;Jammu and Kashmir ;Budgam, between Srinagar and Chadoora;33,98643;74,81157;NB;NB;NB;ZERS;FW;;SK;MLZ;CRPF;;;;;;;;Keine Personenschäden;;;;;;;
;6/5/21;Daily Sabah;https://www.dailysabah.com/world/syrian-crisis/5-civilians-wounded-in-bomb-attack-targeting-nw-syrias-azaz;Naher & Mittlerer Osten ;Syrien;SYR;Aleppo;Afrin;36.56875;36.79840;NB;NB;NB;VERL;IED;Autobombe;ZIV;PP;;;5;;;;;;;;;;;;;
;6/5/21;SATP;https://satp.org/terrorist-activity/afghanistan-Jun-2021 ;Naher & Mittlerer Osten;Afghanistan;AFG;Badghis;Abkamari, Chalank;35,0567;62,8591;Taliban;REMO;NAT;TÖT;IED;Bombe am Straßenrand;ZIV;PP;;11;;;;;;;;;;;;;;
;6/5/21;Hiiraan Online;https://www.hiiraan.com/news4/2021/Jun/182823/2_killed_8_injured_by_blast_in_somali_capital.aspx?utm_source=hiiraan&utm_medium=SomaliNewsUpdateFront , https://www.hiiraan.com/news/2021/Jun/wararka_maanta5-177795.htm?utm_source=hiiraan&utm_medium=WararkaMaantaFront;Afrika;Somalia;SOM;Mogadishu;Afgooye;2.14595;45.11673;Al-Shabaab;REMO;NAT;TÖT;IED;Selbstmordanschlag;ZIV;ÖP;Markt;2;8;;;;;;;;;;;;;
;6/5/21;Crisis Group;https://www.crisisgroup.org/crisiswatch/database?location%5B%5D=27&crisis_state=&created=custom&from_month=1&from_year=2021&to_month=12&to_year=2021;Afrika;Niger;NER;Diffa;Diffa city;13.31307;12.61366;ISWAP;REMO;TRANS;VERL;FW;;SK;POL;Gendarmerie Posten ;;;;;1;;;;;;;;;;
;6/5/21;SATP;https://www.satp.org/terrorist-activity/india-Jun-2021;Südostasien;Indien;IND;Ramgarh;Tokisud;23.69649;85.24637;Tritiya Prastuti Committee ;SOZ;REG;VERL;BRA;;ZIV;TI;;;2;;;;;Zwei Fahrzeuge beschädigt;;;;;;;;
;6/6/21;U.S. Dept of State;https://www.state.gov/reports/2021-report-on-international-religious-freedom/cameroon/;Afrika;Kamerun;CMR;Sud-Ouest;Manyu, Mamfe, Francis Xavier Pastoral Centre;5,74942;9,31181;Amba Boys;SEP;REG;TÖT;FW;;ZIV;REL;Katholiken;2;11;;;;;;;;;;;;;
;6/6/21;SATP;https://satp.org/terrorist-activity/afghanistan-Jun-2021;Naher & Mittlerer Osten;Afghanistan;AFG;Kandahar;Kandahar city;31,6205;65,7385;NB;NB;NB;TÖT;IED;;SK;POL;;;;;1;;;;;;;;;;;
;6/6/21;SATP;https://satp.org/terrorist-activity/afghanistan-Jun-2021;Naher & Mittlerer Osten;Afghanistan;AFG;Kandahar;Kandahar city;31,6205;65,7385;NB;NB;NB;TÖT;FW;;ZIV;GOV;;1;;;;;;;;;;;;;;
;6/6/21;SATP;https://www.satp.org/terrorist-activity/india-Jun-2021;Südostasien;Indien;IND;Pulwama;Tral;33.93421;75.11367;NB;NB;NB;VERL;HGR;;ZIV;PP;;;7;;;;;;;;;;;;;
;6/6/21;SATP;https://satp.org/terrorist-activity/pakistan-Jun-2021;Naher & Mittlerer Osten;Pakistan;PAK;Okara;Hujra Shah Musqeem;30,735583;73,821321;NB;NB;NB;ZERS;FW;Von Männern abgefangen und bedroht;ZIV;GOV;Journalistin und Regionalpolitikerin Syeda Maimanat Mohsin alias Jugnu Mohsin;;;;;;;;Keine Personenschäden;;;;;;;
;6/6/21;Daily Sabah;https://www.dailysabah.com/world/syrian-crisis/5-civilians-wounded-in-bomb-attack-targeting-nw-syrias-azaz;Naher & Mittlerer Osten ;Syrien;SYR;Aleppo;Azaz, Babusselam;36.63123;37.08468;NB;NB;NB;VERL;IED;Autobombe;ZIV;ÖP;Flüchtlingslager;;6;;;;;;;;;;;;;
;6/6/21;SATP;https://satp.org/terrorist-activity/afghanistan-Jun-2021;Naher & Mittlerer Osten;Afghanistan;AFG;Balkh;Balkh district police station;36,7584;66,8979;Taliban;REMO;NAT;TÖT;IED;VBIED;SK;POL;;2;67;;14;50;;10 Häuser, 80 Shops, etliche Fahrzeuge;;;;;;;;
;6/6/21;DW;https://www.dw.com/en/afghanistan-several-killed-in-attacks-blamed-on-taliban/a-57792040;Naher & Mittlerer Osten;Afghanistan;AFG;Fariab;Kohi;35.953;64.666;Taliban;REMO;TRANS;TÖT;IED;Autobombe;SK;POL;;;;;20;18;20;;;;;;;;;
;6/6/21;BBC;https://www.bbc.com/news/world-us-canada-57474745;Nordamerika;Kanada;CAN;Ontario;London, London Muslim Mosque;42.99166;-81.27129;NB;VIG;NB;TÖT;SON;Mit Truck überfahren;ZIV;REL;Muslimische Familie;4;1;;;;;;Täter hat wahrscheinlich islamfeindliche Motive;;;;;;;
;6/6/21; U.S. Dept. of State , North Africa Post;https://www.state.gov/reports/country-reports-on-terrorism-2021/libya , https://northafricapost.com/50244-libya-isis-claims-responsibility-for-killing-two-security-forces-in-car-bomb-blast.html;Afrika;Libyen;LBY;Sabha;Sabha city;27,04218;14,42317;ISIS;REMO;TRANS;TÖT;IED;Autobombe/Selbstmordattentäter;SK;POL;Örtlicher Polizeichef;;;;2;5;;Fahrzeug zerstört;;;;;;;;
;6/6/21;Crisis Group;https://www.crisisgroup.org/crisiswatch/database?location%5B%5D=27&crisis_state=&created=custom&from_month=1&from_year=2021&to_month=12&to_year=2021;Afrika;Niger;NER;Tillaberi;Kollo, Mbanga;13.34207;2.31652;JNIM;REMO;TRANS;ENTF;FW;;ZIV;UNT;Goldmine;;;2;;;;;;;;;;;;
;6/6/21;SATP;https://www.satp.org/terrorist-activity/india-Jun-2021;Südostasien;Indien;IND;Chatra ;Lawalong, Mangardah River ;24.26706;83.47369;People's Liberation Front of India;SOZ;REG;ZERS;BRA;;ZIV;TI;;;;;;;;;Keine Personenschäden;;;;;;;
;6/7/21;Hiiraan Online;https://www.hiiraan.com/news4/2021/Jun/182852/cops_among_three_killed_in_mandera_buses_gun_attack.aspx;Afrika;Kenia;KEN;Mandera;Mandera North, Rhamu-Banissa road;3,89920;40,78740;Al-Shabaab;REMO;TRANS;TÖT;FW;;ZIV;TI;Passagierbusse;1;11;;2;7;;Busse beschädigt und Polizeifahrzeug in Brand gesteckt;;;;;;;;
;6/7/21;Radio Okapi , UNOCHA , Actualite;https://www.radiookapi.net/2021/06/08/actualite/securite/ituri-30-morts-dans-lattaque-armee-boga-et-kinyanjojo , https://reliefweb.int/report/democratic-republic-congo/le-coordonnateur-humanitaire-d-nonce-l-attaque-contre-l-h-pital-g-n , https://actualite.cd/2021/06/08/rdc-au-moins-7-morts-et-un-hopital-incendie-boga;Afrika;DR Kongo;COD;Ituri;Irumu, Kinyanjojo/Boga;1,02538;29,95311;ISCAP;REMO;TRANS;TÖT;FW;;ZIV;KI;Krankenhaus;8;;;;1;;Krankenhaus in Brand gesetzt;;;;;;;;
;6/7/21;SATP;https://satp.org/terrorist-activity/afghanistan-Jun-2021;Naher & Mittlerer Osten;Afghanistan;AFG;Kabul;Kabul city, D16;34,5301;69,2443;NB;NB;NB;VERL;IED;;ZIV;PP;;;3;;;;;;;;;;;;;
;6/7/21;SATP;https://satp.org/terrorist-activity/afghanistan-Jun-2021;Naher & Mittlerer Osten;Afghanistan;AFG;Parwan;Salang;35,2694;69,5326;NB;NB;NB;ZERS;IED;;ZIV;KI;;;;;;;;Zwei Power Pylons;Keine Verletzten;;;;;;;
;6/7/21;SATP;https://satp.org/terrorist-activity/afghanistan-Jun-2021;Naher & Mittlerer Osten;Afghanistan;AFG;Herat;;34,3454;62,2136;NB;NB;NB;ZERS;IED;;ZIV;KI;;;;;;;;Ein Power Pylon;Keine Verletzten;;;;;;;
;6/7/21;SATP;https://satp.org/terrorist-activity/afghanistan-Jun-2021;Naher & Mittlerer Osten;Afghanistan;AFG;Kabul;Kabul city, D8, Kajal;34,5074;69,2125;NB;NB;NB;TÖT;FW;;SK;MIL;;;;;2;;;;;;;;;;;
;6/7/21;Syrian Network for Human Rights;https://news.snhr.org/2021/06/08/civilian-killed-and-market-damaged-in-ne-aleppo-governorate-in-a-suicide-bomber-blast-on-june-7/;Naher & Mittlerer Osten ;Syrien;SYR;Aleppo;Al-Rai city;36.61174;37.44768;NB;NB;NB;TÖT;IED;Selbstmordattentat;ZIV;ÖP;Markt;1;7;;;;;Einige Läden stark beschädigt;;;;;;;;
;6/7/21;France24;https://www.france24.com/en/africa/20210608-soldier-killed-in-ivory-coast-attack;Afrika;Elfenbeinküste;CIV;Zanzan;Tougbo;9.76379;-4.13571;JNIM;REMO;TRANS;TÖT;FW;;SK;MIL;Dorf;;;;1;;;;Jihadists werden als Angreifer identifiziert;;;;;;;
;6/7/21;NINA;https://www.ninanews.com/Website/News/Details?key=908598;Naher & Mittlerer Osten;Irak;IRQ;Diyala;;34.02288;45.10458;ISIS;REMO;TRANS;TÖT;FW;;SK;MLZ;PMF;;;;1;3;;;;;;;;;;
;6/7/21;NINA;https://www.ninanews.com/Website/News/Details?key=908617;Naher & Mittlerer Osten;Irak;IRQ;Diyala;Khanaqin, Shafiq ;34.28509;45.26101;ISIS;REMO;TRANS;TÖT;FW;;SK;MLZ;PMF;;;;1;1;;;;;;;;;;
;6/7/21;NINA;https://www.ninanews.com/Website/News/Details?key=908558 , https://www.ninanews.com/Website/News/Details?key=908663;Naher & Mittlerer Osten;Irak;IRQ;Baghdad;Zawra, Al-Ghadir, Baghdad, Al-Rusafa, New Baghdad, Al-Baladiyat;33.35118;44.48038;NB;NB;NB;TÖT;FW;;SK;GD;Geheimdienstoffizier;;;;1;;;;;;;;;;;
;6/7/21;NINA;https://www.ninanews.com/Website/News/Details?key=908713;Naher & Mittlerer Osten;Irak;IRQ;Nineveh;Mosul, Gagjali;36.36029;43.25433;NB;NB;NB;VERL;FW;;ZIV;PP;;;2;;;;;;;;;;;;;
;6/8/21;SATP , NYT;https://satp.org/terrorist-activity/afghanistan-Jun-2021 , https://www.nytimes.com/2021/06/03/world/asia/afghan-war-casualty-report-june-2021.html#after-bottom;Naher & Mittlerer Osten;Afghanistan;AFG;Baghlan;Baghlan-e-Marzaki;36,3396;68,7817;ISKP;REMO;TRANS;TÖT;FW;;ZIV;REL;Minenräumer, Shia Hazara;10;16;;;;;;;;;;;;;
;6/8/21;SATP;https://www.satp.org/terrorist-activity/india-Jun-2021;Südostasien;Indien;IND;Imphal West;Imphal;24,82096;93,94181;NB;NB;NB;ZERS;HGR;;ZIV;EDU;All Manipurs Students Union office in DM University campus;;;;;;;;Keine Personenschäden;;;;;;;
;6/8/21;SATP;https://www.satp.org/terrorist-activity/india-Jun-2021;Südostasien;indien;IND;Bihars Banka ;Navtolia ;24.88741;86.91983;NB;NB;NB;TÖT;IED;;ZIV ;REL;Imam;1;;;;;;Gebäude beschädigt;;;;;;;;
;6/9/21;Nation;https://nation.africa/kenya/counties/mandera/two-killed-vehicle-torched-in-mandera-terror-attack-3432402;Afrika;Kenia;KEN;Mandera;Mandera West, Iresjunto;3,28700;40,59170;Al-Shabaab;REMO;TRANS;TÖT;FW;;SK;POL;Kenya Wildlife Service;1;2;;1;2;;1 Fahrzeug durch Explosion abgebrannt;"""(…) while four others sustained injuries.""";;;;;;;
;6/9/21;SATP;https://www.satp.org/terrorist-activity/india-Jun-2021;Südostasien;Indien;IND;Manipur;Rengpang;24.78005;93.45109;NB;NB;NB;VERL;FW;;SK;POL;;;;;;1;;;;;;;;;;
;6/9/21;SATP;https://satp.org/terrorist-activity/pakistan-Jun-2021;Naher & Mittlerer Osten;Pakistan;PAK;Mardan;Palo Dheri;34,35196;72,194985;NB;NB;NB;TÖT;FW;;SK;POL;Polizisten die Polio-Impfungen unterstützten;;;;2;;;;;;;;;;;
;6/9/21;NINA;https://www.ninanews.com/Website/News/Details?key=909131;Naher & Mittlerer Osten;Irak;IRQ;Kirkuk;Hawija, Riyadh, Noor Collective;35.29781;44.16934;ISIS;REMO;TRANS;TÖT;FW;;ZIV;PP;;1;1;;;;;;;;;;;;;
;6/9/21;NINA;https://www.ninanews.com/Website/News/Details?key=909131;Naher & Mittlerer Osten;Irak;IRQ;Kirkuk;Daquq, Rashad, Haml;34.98608;43.92565;ISIS;REMO;TRANS;ENTF;FW;;ZIV;PP;;;;2;;;;;;;;;;;;
;6/9/21;NINA;https://www.ninanews.com/Website/News/Details?key=909136 , https://www.ninanews.com/Website/News/Details?key=909146;Naher & Mittlerer Osten;Irak;IRQ;Baghdad;Baghdad Airport;33.26108;44.23838;NB;NB;NB;ZERS;SON;Drohne;ZIV;TI;Flughafen;;;;;;;;Eine von drei Drohnen abgeschossen;;;;;;;
;6/10/21;SATP;https://satp.org/terrorist-activity/afghanistan-Jun-2021;Naher & Mittlerer Osten;Afghanistan;AFG;Kabul;Kabul city, PD8, Kart-e-Naw;34,5089;69,2311;NB;NB;NB;TÖT;FW;;ZIV;PP;;2;;;;;;;;;;;;;;
;6/10/21;SATP;https://satp.org/terrorist-activity/afghanistan-Jun-2021;Naher & Mittlerer Osten;Afghanistan;AFG;Baghlan;Pul-e-Khumri, Bagh-e-Shamal;35,98;68,6812;NB;NB;NB;TÖT;IED;VBIED;SK;MIL;;6;10;;;;;;;;;;;;;
;6/10/21;U.S. Dept. of State;https://www.state.gov/reports/country-reports-on-terrorism-2021/cote-divoire;Afrika;Elfenbeinküste;CIV;Savanes;;9.94020;-5.65361;NB;NB;NB;TÖT;FW;;SK;MIL;Ländlich gelegener Armee-Stützpunkt;;;;12;7;;;;;;;;;;
;6/10/21;SATP;https://satp.org/terrorist-activity/afghanistan-Jun-2021;Naher & Mittlerer Osten;Afghanistan;AFG;Herat;Pashtun Zarghun, Kundar;34,2778;62,6142;Taliban;REMO;NAT;ZERS;IED;;ZIV;TI;Brücke;;;;;;;Brücke zerstört;Keine Verletzten;;;;;;;
;6/10/21;Daily Sabah;https://www.dailysabah.com/politics/war-on-terror/pkk-terrorists-kill-security-guard-in-turkeys-siirt;Europa;Türkei;TUR;Siirt ;Pervari;37.87753;42.55740;PKK;SEP;TRANS;TÖT;FW;;SK;MIL;Militärbasis;;;;1;1;;;;;;;;;;
;6/11/21;ACLED , Sana'a Center for Strategic Studies;https://acleddata.com/yemen-conflict-observatory/#curated (Yemen Conflict Observatory Dataset - YEM65331) , https://sanaacenter.org/files/TYR_June_2021_en.pdf;Naher & Mittlerer Osten;Jemen;YEM;Abyan;Zinjibar city;13.12888;45.38135;Al-Qaeda - Arabian Peninsula;REMO;TRANS;TÖT;IED;Motorrad mit Sprengstoff;SK;MIL;Southern Transitional Council Forces;2;3;;7;20;;;"""25 Verletzte, einschließlich Zivilisten"": 3 zivilie Verletzte konservativ geschätzt; andere Quelle gibt 2 zivile Tote an";;;;;;;
;6/11/21;Crisis Group;https://www.crisisgroup.org/crisiswatch/database?location%5B%5D=27&crisis_state=&created=custom&from_month=1&from_year=2021&to_month=12&to_year=2021;Afrika;Niger;NER;Niamey;;13.52380;2.11210;ISGS;REMO;TRANS;TÖT;FW;;ZIV;GOV;National Assembly President;;;;1;;;;;;;;;;;
;6/11/21;SATP;https://www.satp.org/terrorist-activity/india-Jun-2021;Südostasien;Indien;IND;Shopian;Zainpora;33,77864;75,00629;NB;NB;NB;ZERS;FW;;SK;POL;Security Force party;;;;;;;;Keine Personenschäden;;;;;;;
;6/11/21;SATP;https://satp.org/terrorist-activity/afghanistan-Jun-2021;Naher & Mittlerer Osten;Afghanistan;AFG;Logar;Pul-e-Alam, Baboos;34,0788;68,9773;Taliban;REMO;NAT;TÖT;FW;;ZIV;REL;;1;;;;;;;;;;;;;;
;6/11/21;Hiiraan Online;https://www.hiiraan.com/news4/2021/Jun/182892/four_killed_in_attacks_in_dhusamareb_abudwaq.aspx?utm_source=hiiraan&utm_medium=SomaliNewsUpdateFront;Afrika;Somalia;SOM;Galgaduud;Dhusamareb;5.53517;46.38316;NB;NB;NB;TÖT;FW;;ZIV;ÖP;Restaurant;3;2;;;;;;;;;;;;;
;6/12/21;SATP , NYT;https://satp.org/terrorist-activity/afghanistan-Jun-2021 , https://www.nytimes.com/2021/06/03/world/asia/afghan-war-casualty-report-june-2021.html#after-bottom;Naher & Mittlerer Osten;Afghanistan;AFG;Kabul;Kabul city, Dasht-e-Barchi;34,4919;69,0806;ISKP;REMO;TRANS;TÖT;IED;;ZIV;GOV;Mitarbeiter von Filmunternehmen der Regierung unter Opfern;1;4;;;;;;;;;;;;;
;6/12/21;SATP , NYT;https://satp.org/terrorist-activity/afghanistan-Jun-2021 , https://www.nytimes.com/2021/06/03/world/asia/afghan-war-casualty-report-june-2021.html#after-bottom;Naher & Mittlerer Osten;Afghanistan;AFG;Kabul;Kabul city, Mahtab Qala;34,5042;69,1053;ISKP;REMO;TRANS;TÖT;IED;;ZIV;GOV;Mitarbeiter von Filmunternehmen der Regierung unter Opfern;6;1;;;;;;;;;;;;;
;6/12/21;SATP;https://www.satp.org/terrorist-activity/india-Jun-2021;Südostasien;Indien;IND;Baramulla;Sopore;34.28676;74.46240;Laschkar-e Taiba;REMO;TRANS;TÖT;FW;;SK;POL;;2;3;;2;1;;;;;;;;;;
;6/12/21;FAZ;https://www.faz.net/aktuell/politik/ausland/mindestens-sieben-tote-bei-anschlaegen-in-kabul-17386572.html;Naher & Mittlerer Osten;Afghanistan;AFG;Kabul;Kabul;34.530; 69.093;NB;NB;NB;TÖT;FW;;ZIV;REL;Schiitisches Viertel;7;6;;;;;;;;;;;;;
;6/12/21;ACLED;https://www.caboligado.com/reports/cabo-ligado-weekly-7-13-june-2021;Afrika;Mosambik;MOZ;Cabo Delgado;Nangade, Nova Familia;-11,16090;39,79520;NB;REMO;REG;TÖT;SON;;ZIV;PP;;2;;;;;;;Beide Opfer geköpft aufgefunden;;;;;;;
;6/12/21;SATP , NYT;https://satp.org/terrorist-activity/afghanistan-Jun-2021 , https://www.nytimes.com/2021/06/03/world/asia/afghan-war-casualty-report-june-2021.html#after-bottom;Naher & Mittlerer Osten;Afghanistan;AFG;Kabul;Paghman;34,5456;68,9425;Taliban;REMO;NAT;TÖT;FW;;SK;POL;;3;;;2;;;;;;;;;;;
;6/12/21;France24 , Global Initiative Against Transnational Organized Crime;https://www.france24.com/en/africa/20210613-three-ivory-coast-military-killed-after-their-vehicle-ran-over-explosive-device , https://riskbulletins.globalinitiative.net/wea-obs-001/01-northern-cote-d-ivoire-jihadist-threats-criminal-networks.html;Afrika;Elfenbeinküste;CIV;Zanzan;National road A12;9.60055;-3.66499;JNIM;REMO;TRANS;TÖT;IED;;SK;MIL;Aufklärungs-Patrouille ;;;;3;4;;;Jihadists werden als Angreifer identifiziert;;;;;;;
;6/12/21;U.S. Dept. of State;https://www.state.gov/reports/country-reports-on-terrorism-2021/paraguay/;Lateinamerika;Paraguay;PRY;Concepcíon ;Sargento Felix Lopez;-22.37810; -56.91521;Paraguayan People’s Army;SOZ;NAT;TÖT;FW;;ZIV;PP;Bauer;1;1;;;;;;;;;;;;;
;6/12/21;NINA;https://www.ninanews.com/Website/News/Details?key=909591;Naher & Mittlerer Osten;Irak;IRQ;Diyala;Ba'quba, Abbara;33.80903;44.69929;NB;NB;NB;VERL;IED;;ZIV;PP;Farmer;;1;;;;;;;;;;;;;
;6/12/21;NINA;https://www.ninanews.com/Website/News/Details?key=909617;Naher & Mittlerer Osten;Irak;IRQ;Kirkuk;Kirkuk, Khaled ;35.46948;44.19375;NB;NB;NB;TÖT;FW;Scharfschütze;SK;POL;Offizier;;;;1;;;;;;;;;;;
;6/13/21;Crisis Group , The Arab Weekly;https://www.crisisgroup.org/crisiswatch/database?location%5B0%5D=89&crisis_state=&created=custom&from_month=1&from_year=2021&to_month=12&to_year=2021&page=0 , https://thearabweekly.com/houthi-drone-crashes-saudi-school-asir-province ;Naher & Mittlerer Osten ;Saudi-Arabien;SAU;Asir;;19.20061;42.98607;Houthi;REMO;TRANS;ZERS;RAM ;Drohne mit Bombe;ZIV;EDU;Dach der Schule getroffen;;;;;;;Dach der Schule beschädigt;Unklar ob Drohne versehentlich Schule getroffen hat oder treffen sollte und nicht detonierte. Wird kodiert, weil Schaden entstanden ist.;;;;;;;
;6/13/21;ACLED , Carta de Mocambique , U.S. Dept. of State;https://www.caboligado.com/reports/cabo-ligado-weekly-14-20-june-2021 , https://cartamz.com/index.php/sociedade/item/8169-terroristas-decapitam-quatro-pessoas-em-palma , https://www.state.gov/reports/2021-country-reports-on-human-rights-practices/mozambique/;Afrika;Mosambik;MOZ;Cabo Delgado;Palma city;-10,78290;40,47620;ISCAP;REMO;TRANS;TÖT;SON;;ZIV;PP;;7;;;;;;;4 Opfer geköpft, darunter 2 Kinder;;;;;;;
;6/13/21;SATP;https://satp.org/terrorist-activity/afghanistan-Jun-2021;Naher & Mittlerer Osten;Afghanistan;AFG;Balkh;Shulgara;36,3009;66,8593;Taliban;REMO;NAT;ZERS;IED;;ZIV;TI;;;;;;;;Kleine Brücke zerstört;;;;;;;;
;6/13/21;Daily Sabah;https://www.dailysabah.com/politics/war-on-terror/afrin-hospital-attack-reveals-us-backed-ypgs-bloody-tactics-turkey;Naher & Mittlerer Osten ;Syrien;SYR;Aleppo;Afrin city, Al-Shifa hospital;36.50962;36.85845;YPG;SEP;REG;TÖT;RAM;Artillerie und Grad Raketen;ZIV;KI;Krankenhaus;13;27;;;;;;Es gab noch weitere unspezifizierte Einschlagsorte;;;;;;;
;6/13/21;NINA;https://www.ninanews.com/Website/News/Details?key=909770;Naher & Mittlerer Osten;Irak;IRQ;Dhi Qar;;31.28580;46.30683;NB;NB;NB;ZERS;IED;;SK;MIL;logistischer Konvoi der internationalen Koalition;;;;;;;Fahrzeuge beschädigt;;;;;;;;
;6/13/21;NINA;https://www.ninanews.com/Website/News/Details?key=909770;Naher & Mittlerer Osten;Irak;IRQ;Qadisiyah;Diwaniyah ;31.95997;45.11978;NB;NB;NB;ZERS;IED;;SK;MIL;logistischer Konvoi der internationalen Koalition;;;;;;;Fahrzeuge beschädigt;;;;;;;;
;6/13/21;NINA;https://www.ninanews.com/Website/News/Details?key=909770;Naher & Mittlerer Osten;Irak;IRQ;Muthanna;;30.59235;45.29159;NB;NB;NB;ZERS;IED;;SK;MIL;logistischer Konvoi der internationalen Koalition;;;;;;;Fahrzeuge beschädigt;;;;;;;;
;6/14/21;U.S. Dept. of State , Sana'a Center for Strategic Studies;https://www.state.gov/reports/country-reports-on-terrorism-2021/yemen , https://sanaacenter.org/files/TYR_June_2021_en.pdf;Naher & Mittlerer Osten;Jemen;YEM;Shabwah;;14.77831;46.86043;Al-Qaeda - Arabian Peninsula;REMO;TRANS;ENTF;FW;;ZIV;GOV;Regierungsmitarbeiter;;;5;;;;;Am 05.07. freigelassen;;;;;;;
;6/14/21;SATP;https://satp.org/terrorist-activity/afghanistan-Jun-2021;Naher & Mittlerer Osten;Afghanistan;AFG;Nangarhar;Khogyani;34,1669;70,1761;NB;NB;NB;TÖT;FW;;ZIV;NGO;Polio;3;2;;;;;;;;;;;;;
;6/14/21;SATP;https://satp.org/terrorist-activity/afghanistan-Jun-2021;Naher & Mittlerer Osten;Afghanistan;AFG;Nangarhar;Sorkh-Rod;34,4025;70,3304;NB;NB;NB;TÖT;FW;;ZIV;NGO;Polio;2;2;;;;;;;;;;;;;
;6/14/21;SATP;https://www.satp.org/terrorist-activity/india-Jun-2021;Südostasien;Indien;IND;Anantnag;Kushipora-Achabal;33,68403;75,21909;NB;NB;NB;ZERS;FW;;SK;POL;Security Force patrol party;;;;;;;;Keine Personenschäden;;;;;;;
;6/14/21;SATP;https://satp.org/terrorist-activity/pakistan-Jun-2021;Naher & Mittlerer Osten;Pakistan;PAK;Balochistan;Marget-Quetta Road;28,490737;65,09578;NB;NB;NB;TÖT;IED;Bombe am Straßenrand;SK;MLZ;Paramilitär;;;;4;;;;;;;;;;;
;6/14/21;SATP;https://satp.org/terrorist-activity/afghanistan-Jun-2021;Naher & Mittlerer Osten;Afghanistan;AFG;Laghman;Alishang, Kotali;34,7831;70,1083;Taliban;REMO;NAT;TÖT;RAM;;ZIV;PP;;5;;;;;;;;;;;;;;
;6/14/21;SATP;https://satp.org/terrorist-activity/afghanistan-Jun-2021;Naher & Mittlerer Osten;Afghanistan;AFG;Bamiyan;Kahmard, Kahmard Police Headquarters;35,3157;67,6335;Taliban;REMO;NAT;TÖT;FW;;SK;POL;;;;;5;;;;;;;;;;;
;6/14/21;SATP;https://satp.org/terrorist-activity/afghanistan-Jun-2021;Naher & Mittlerer Osten;Afghanistan;AFG;Paktia;Gardez, Ibrahim Khali;33,4976;69,3628;Taliban;REMO;NAT;TÖT;IED;;ZIV;PP;;3;;;;;;;;;;;;;;
;6/14/21;Meir Amit Intelligence and Terrorism Information Center;https://www.terrorism-info.org.il/en/spotlight-on-global-jihad-june-9-16-2021/;Afrika;Libyen;LBY;Jufra;Al Fuqaha, Al Haruj mountains;27,74121;16,48204;ISIS;REMO;TRANS;TÖT;IED;;SK;MIL;Armee Einheitskommandant;;;;2;;;Fahrzeug zerstört;;;;;;;;
;6/15/21;U.S. Embassy in Cameroon;https://cm.usembassy.gov/2021-country-reports-on-human-rights-practices-cameroon/;Afrika;Kamerun;CMR;Sud-Ouest;Ndian, Ekondo Titi;4,60183;9,03664;Amba Boys;SEP;REG;TÖT;FW;;ZIV;GOV;Divisional delegates;1;;5;;;;;Eine Leiche gefunden, die anderen 5 Delegierten ungewiss;;;;;;;
;6/15/21;U.S. Dept. of State;https://www.state.gov/reports/country-reports-on-terrorism-2021/colombia/;Lateinamerika;Kolumbien;COL;Norte de Santander;Cúcuta, Militärstützpunkt;7,894167;-72,503889;FARC-EP;SOZ;TRANS;VERL;IED;;SK;MIL;Unter Verletzten ist ein Mitglied des U.S.-Militärs;;;;;36;;;Datum unklar;;;;;;;
;6/15/21;SATP;https://satp.org/terrorist-activity/pakistan-Jun-2021;Naher & Mittlerer Osten;Pakistan;PAK;Kandhkot-Kashmore;Ghouspur, Sindh Dhoro;28,132056;69,102984;NB;NB;NB;TÖT;FW;Hinterhalt am Highway;SK;POL;Polizei auf Routine Patrouille;;;;1;3;;;;;;;;;;
;6/15/21;Horn Observer;https://hornobserver.com/articles/1064/Death-toll-from-suicide-bomb-attack-in-Mogadishu-rises-to-15;Afrika;Somalia;SOM;Mogadishu;Wadajir, General Dhagabadan military training camp;2.00186;45.27336;Al-Shabaab;REMO;NAT;TÖT;IED;Selbstmordattentäter;SK;MIL;Training Einrichtung Militär;;;;15;24;;;;;;;;;;
;6/15/21;Crisis Group , Vanguard Nigeria;https://www.crisisgroup.org/crisiswatch/database?location%5B0%5D=28&crisis_state=&created=custom&from_month=1&from_year=2021&to_month=12&to_year=2021&page=0 , https://www.vanguardngr.com/2021/06/3-soldiers-7-iswap-fighters-feared-killed-in-damboa-village-attack/;Afrika;Nigeria;NGA;Borno;Damboa;11.15066;12.75958;ISWAP;REMO;TRANS;TÖT;FW;;SK;MIL;Militärbasis;;;;3;;;Militärbasis niedergebrannt;;;;;;;;
;6/15/21;NINA;https://www.ninanews.com/Website/News/Details?key=910277;Naher & Mittlerer Osten;Irak;IRQ;Diyala;Ba'quba, Bani Saad, Muradia al-Zahawi;33.69078;44.55420;NB;NB;NB;TÖT;IED;;SK;MIL;Patrouille;;;;1;2;;;;;;;;;;
;6/15/21;NINA;https://www.ninanews.com/Website/News/Details?key=910278;Naher & Mittlerer Osten;Irak;IRQ;Muthanna;Samawah Desert, Al-Shakrah;31.14759;45.26522;NB;NB;NB;TÖT;IED;Mine;ZIV;PP;;3;;;;;;;;;;;;;;
;6/16/21;UNOCHA;https://reliefweb.int/report/cameroon/cameroon-north-west-and-south-west-situation-report-no-32-30-june-2021;Afrika;Kamerun;CMR;Nord-Ouest;Bui, Elak-Oku;6,25071;10,50456;Amba Boys;SEP;REG;ENTF;FW;;ZIV;EDU;Grundschule;;;3;;;;;3 Schülerinnen entführt;;;;;;;
;6/16/21;SATP;https://satp.org/terrorist-activity/afghanistan-Jun-2021;Naher & Mittlerer Osten;Afghanistan;AFG;Herat;Injil, Nawabad;34,3455;62,2634;NB;NB;NB;TÖT;FW;;ZIV;PP;;3;;;;;;;;;;;;;;
;6/16/21;SATP;https://satp.org/terrorist-activity/pakistan-Jun-2021;Naher & Mittlerer Osten;Pakistan;PAK;Quetta;Satellite Town, Ishaqabad;30,162416;67,006248;NB;NB;NB;VERL;IED;Motorrad mit Sprengstoff am Straßenrand;ZIV;PP;Passant;;1;;;;;Fenster und Gebäude beschädigt/zerstört;;;;;;;;
;6/16/21;SATP;https://satp.org/terrorist-activity/afghanistan-Jun-2021;Naher & Mittlerer Osten;Afghanistan;AFG;Ghazni;;33,2868;67,7556;Taliban;REMO;NAT;ZERS;RAM;;SK;MIL;;;;;;;;Helikopter;;;;;;;;
;6/16/21;NINA;https://www.ninanews.com/Website/News/Details?key=910440;Naher & Mittlerer Osten;Irak;IRQ;Diyala;Khanaqin, Al-Saadiya, Akbashi;34.09730;45.19071;ISIS;REMO;TRANS;ZERS;IED;;ZIV;KI;Energieversorgung;;;;;;;Stommasten gesprengt;;;;;;;;
;6/17/21;SATP;https://satp.org/terrorist-activity/afghanistan-Jun-2021;Naher & Mittlerer Osten;Afghanistan;AFG;Kabul;Paghman, Koshkak;34,55829;68,9817;NB;NB;NB;TÖT;FW;;SK;POL;;;1;;2;;;;;;;;;;;
;6/17/21;SATP;https://www.satp.org/terrorist-activity/india-Jun-2021;Südostasien;Indien;IND;Srinagar;Saidapora Eidgah ;34.08365;74.79736;NB;NB;NB;TÖT;FW;;SK;POL;;;;;1;;;;;;;;;;;
;6/17/21;SATP;https://satp.org/terrorist-activity/pakistan-Jun-2021;Naher & Mittlerer Osten;Pakistan;PAK;Kech;Turbat;26,008055;63,038306;NB;NB;NB;TÖT;FW;;SK;MIL;Pakistanische Armee;;;;1;;;;;;;;;;;
;6/17/21;NINA;https://www.ninanews.com/Website/News/Details?key=910634;Naher & Mittlerer Osten;Irak;IRQ;Diyala;Miqdadiyah ;33.85317;45.01287;NB;NB;NB;VERL;IED;Autobombe;ZIV;EDU;Pensionierter Lehrer;;1;;;;;;;;;;;;;
;6/18/21;SATP;https://www.satp.org/terrorist-activity/india-Jun-2021;Südostasien;Indien;IND;Bijbehara Tehsil ;Hassanpora ;33.78185;75.06990;NB;NB;NB;VERL;FW;;ZIV;PP;;;1;;;;;;;;;;;;;
;6/18/21;Hiiraan Online;https://www.hiiraan.com/news/2021/Jun/wararka_maanta18-177907.htm?utm_source=hiiraan&utm_medium=WararkaMaantaFront , https://www.hiiraan.com/news/2021/Jun/wararka_maanta18-177909.htm?utm_source=hiiraan&utm_medium=WararkaMaantaFront;Afrika;Somalia;SOM;Middle Shabelle;Biyo-Cado;2.93481;45.79089;Al-Shabaab;REMO;NAT;TÖT;IED;Selbstmordattentäter;SK;MIL;Militärbasis;;;;;4;;;"""(…) including (…) injuries.""";;;;;;;
;6/18/21;NINA;https://www.ninanews.com/Website/News/Details?key=910741;Naher & Mittlerer Osten;Irak;IRQ;Maysan;;32.01841;47.06955;NB;NB;NB;TÖT;FW;;SK;POL;Polizeioffizier;;;;1;;;;;;;;;;;
;6/19/21;ACLED;https://www.caboligado.com/reports/cabo-ligado-weekly-14-20-june-2021;Afrika;Mosambik;MOZ;Cabo Delgado;Macomia, Novo Cabo Delgado;-11,88820;40,07433;NB;REMO;REG;TÖT;FW;;ZIV;PP;;7;;;;;;Wohnhäuser beschädigt;;;;;;;;
;6/19/21;Meir Amit Intelligence and Terrorism Information Center;https://www.terrorism-info.org.il/en/spotlight-on-global-jihad-june-17-23-2021/;Naher & Mittlerer Osten ;Syrien;SYR;Homs;Palmyra city;34.55850;38.26430;ISIS;REMO;TRANS;TÖT;FW;;SK;MIL;Syrische Soldaten;;;;12;;4;;;;;;;;;
;6/19/21;NINA;https://www.ninanews.com/Website/News/Details?key=911013;Naher & Mittlerer Osten;Irak;IRQ;Kirkuk;Kirkuk;35.26479;44.33511;NB;NB;NB;VERL;IED;;SK;MIL;;;;;;3;;;;;;;;;;
;6/20/21;SATP;https://www.satp.org/terrorist-activity/india-Jun-2021;Südostasien;Indien;IND;Jharkhand;Lohardaga ;23.43375;84.64791;CPI-M;SOZ;NAT;TÖT;IED;;SK;POL;;1;;;;;;;;;;;;;;
;6/20/21;SATP;https://satp.org/terrorist-activity/pakistan-Jun-2021;Naher & Mittlerer Osten;Pakistan;PAK;Quetta;Sabzal Road;30,192514;66,981326;NB;NB;NB;VERL;HGR;;SK;MLZ;Frontier Corps;;1;;;;;;;;;;;;;
;6/20/21;SATP;https://satp.org/terrorist-activity/pakistan-Jun-2021;Naher & Mittlerer Osten;Pakistan;PAK;Mastung;Parangabad;29,882502;66,784376;NB;NB;NB;VERL;FW;;ZIV;EDU;Schulbus, Lehrerinnen;;4;;;;;;;;;;;;;
;6/20/21;SATP;https://satp.org/terrorist-activity/afghanistan-Jun-2021;Naher & Mittlerer Osten;Afghanistan;AFG;Kapisa;Mahmud-i-Raqi, D2;35,0133;69,3484;Taliban;REMO;NAT;TÖT;FW;;SK;POL;;;;;1;;;;;;;;;;;
;6/20/21;Meir Amit Intelligence and Terrorism Information Center;https://www.terrorism-info.org.il/en/spotlight-on-global-jihad-june-17-23-2021/;Naher & Mittlerer Osten ;Syrien;SYR;Al-Raqqa;Maadan;35.75626;39.60095;ISIS;REMO;TRANS;TÖT;IED;;SK;MLZ;Regierungs-freundliche Miliz;;;;2;;;;;;;;;;;
;6/20/21;NINA;https://www.ninanews.com/Website/News/Details?key=911212;Naher & Mittlerer Osten;Irak;IRQ;Diyala;Azim, Albu Bakr ;34.01804;45.10933;ISIS;REMO;TRANS;TÖT;FW;Scharfschütze;SK;MLZ;PMF, Checkpoint;1;2;;2;2;;;;;;;;;;
;6/20/21;NINA;https://www.ninanews.com/Website/News/Details?key=911141;Naher & Mittlerer Osten;Irak;IRQ;Anbar;Baghdadi, Hit, Ayn Al-Asad Airbase;33.80340;42.43813;NB;NB;NB;ZERS;RAM;Katyusha Raketen;SK;MIL;Militärbasis;;;;;;;;;;;;;;;
;6/21/21;Keydmedia , Hiiraan Online;https://www.keydmedia.net/news/three-killed-as-al-shabaab-increases-attacks-in-kenya , https://hiiraan.com/news4/2021/Jun/183001/three_cops_injured_after_al_shabaab_attack_in_mandera.aspx;Afrika;Kenia;KEN;Mandera;Mandera North, Jabi;3,75820;41,12730;Al-Shabaab;REMO;TRANS;TÖT;FW;;ZIV;TI;Straßenbau;3;;2;;;;;Zunächst 5 Personen im Arbeitsfahrzeug entführt, später 3 getötet;;;;;;;
;6/21/21;Keydmedia , Hiiraan Online;https://www.keydmedia.net/news/three-killed-as-al-shabaab-increases-attacks-in-kenya , https://hiiraan.com/news4/2021/Jun/183001/three_cops_injured_after_al_shabaab_attack_in_mandera.aspx;Afrika;Kenia;KEN;Mandera;Kutulo, Falama;2,54099;40,94689;Al-Shabaab;REMO;TRANS;ENTF;FW;;ZIV;TI;Straßenbau;;;3;;;;Arbeitsfahrzeug in Brand gesteckt;;;;;;;;
;6/21/21;SATP;https://satp.org/terrorist-activity/afghanistan-Jun-2021;Naher & Mittlerer Osten;Afghanistan;AFG;Paktia;Ahmadabad, Machalgho, Tala;33,7575;69,3713;NB;NB;NB;TÖT;IED;;ZIV;PP;;4;5;;;;;;;;;;;;;
;6/21/21;Al Jazeera , Crisis Group;https://www.aljazeera.com/news/2021/6/25/several-un-peacekeepers-wounded-in-mali-bomb-attack , https://www.crisisgroup.org/crisiswatch/database?location_region%5B0%5D=1&location%5B0%5D=26&crisis_state=&created=custom&from_month=1&from_year=2021&to_month=12&to_year=2021&page=0;Afrika;Mali;MLI;Tombouctou;Gourma-Rharous, Gossi;15.81972;-1.31010;NB;NB;NB;VERL;IED;Autobombe;SK;MIL;Französische Soldaten;;4;;;6;;;;;;;;;;
;6/21/21;SATP;https://satp.org/terrorist-activity/pakistan-Jun-2021;Naher & Mittlerer Osten;Pakistan;PAK;Bajaur;Haji Lawang;34,762626;71,565483;NB;NB;NB;TÖT;FW;;ZIV;GOV;Lokalpolitiker der ANP Partei und sein Sohn, ebenfalls ANP;1;2;;;;;;;;;;;;;
;6/22/21;Hiiraan Online;https://hiiraan.com/news4/2021/Jun/183001/three_cops_injured_after_al_shabaab_attack_in_mandera.aspx;Afrika;Kenia;KEN;Mandera;Bambahowla, Wargagud-El Wak road;3,01920;40,91100;Al-Shabaab;REMO;TRANS;VERL;FW;;SK;POL;;;;;;3;;;;;;;;;;
;6/22/21;SATP;https://satp.org/terrorist-activity/afghanistan-Jun-2021;Naher & Mittlerer Osten;Afghanistan;AFG;Kandahar;Maiwand, Kabul-Kandahar highway;31,5961;65,1471;NB;NB;NB;TÖT;IED;;ZIV;PP;;5;;;;;;;;;;;;;;
;6/22/21;Hiiraan Online;https://www.hiiraan.com/news/2021/Jun/wararka_maanta22-177945.htm?utm_source=hiiraan&utm_medium=WararkaMaantaFront , https://www.hiiraan.com/news/2021/Jun/wararka_maanta23-177958.htm?utm_source=hiiraan&utm_medium=WararkaMaantaFront;Afrika;Somalia;SOM;Hiiraan;Baledweyne;4.73620;45.20500;Al-Shabaab;REMO;NAT;TÖT;FW;;ZIV;GOV;Leiter der Jugendorganisation, Restaurant;1;3;;;;;;;;;;;;;
;6/22/21;Hiiraan Online;https://www.hiiraan.com/news/2021/Jun/wararka_maanta22-177945.htm?utm_source=hiiraan&utm_medium=WararkaMaantaFront;Afrika;Somalia;SOM;Mogadishu;Daynile;2.05735;45.28522;NB;NB;NB;TÖT;FW;;ZIV;GOV;Governor;1;;;;;;;;;;;;;;
;6/22/21;SATP;https://www.satp.org/terrorist-activity/india-Jun-2021;Südostasien;Indien;IND;Srinagar;Nowgam ;33.67247;74.86928;The Resistance Front;REMO;REG;TÖT;FW;;SK;POL;;;;;1;;;;;;;;;;;
;6/23/21;The Star;https://www.the-star.co.ke/news/2021-06-23-al-shabaab-militants-kill-police-reservist-injure-two-others-in-mandera-attack/;Afrika;Kenia;KEN;Mandera;Mandera East, Banyole dam;3,86883;41,80044;Al-Shabaab;REMO;TRANS;TÖT;FW;;ZIV;KI;Dammbau;;;;1;2;;2 Arbeitsfahrzeuge, einschließlich eines Baggers, in Brand gesetzt;;;;;;;;
;6/23/21;SATP;https://www.satp.org/terrorist-activity/india-Jun-2021;Südostasien;Indien;IND;Habba Kadal ;Fashion Inn shop ;34.07993;74.80830;Laschkar-e Taiba;REMO;TRANS;TÖT;FW;;ZIV;UNT;;1;;;;;;;;;;;;;;
;6/23/21;SATP;https://satp.org/terrorist-activity/pakistan-Jun-2021;Naher & Mittlerer Osten;Pakistan;PAK;Lahore;Johar, Allah Hu;31,469299;74,29907;NB;NB;NB;TÖT;IED;Bombe in Wohngegend;ZIV;NGO;Jamaat-du-Dawa Chef;3;19;;;2;;Fenster und Wände von Saeeds Haus beschädigt;Insgesamt 24 Opfer, genaue Anzahl Polizisten unbekannt;;;;;;;
;6/23/21;Meir Amit Intelligence and Terrorism Information Center;https://www.terrorism-info.org.il/en/spotlight-on-global-jihad-june-24-30-2021/;Naher & Mittlerer Osten ;Syrien;SYR;Homs;Palmyra city;34.55850;38.26430;ISIS;REMO;TRANS;TÖT;FW;;SK;MIL;Soldaten der Regierung;;;;2;7;;;;;;;;;;
;6/23/21;NINA;https://www.ninanews.com/Website/News/Details?key=911608;Naher & Mittlerer Osten;Irak;IRQ;Kirkuk;Daquq, Al-Rashad, Tal Khadija/Mulla Nasir;35.07672;44.01145;ISIS;REMO;TRANS;VERL;FW;;SK;POL;Checkpoint;;;;;6;;;;;;;;;;
;6/23/21;NINA;https://www.ninanews.com/Website/News/Details?key=911648;Naher & Mittlerer Osten;Irak;IRQ;Diyala;al-Waqf Basin, Mukhaisah;33.87191;44.72538;ISIS;REMO;TRANS;ZERS;IED;Sprengfalle;ZIV;PP;Haus eines angeblichen Unterstützers der SK;;;;;;;;;;;;;;;
;6/24/21;ACLED , Meir Amit Intelligence and Terrorism Information Center;https://www.caboligado.com/reports/cabo-ligado-weekly-21-27-june-2021 , https://www.terrorism-info.org.il/en/spotlight-on-global-jihad-july-15-21-2021/;Afrika;Mosambik;MOZ;Cabo Delgado;Palma, Palma city/Maganja/Mondlane/Olumbi;-10,89840;40,50110;ISCAP;REMO;TRANS;ZERS;BRA;;ZIV;REL;"""Christliche Dörfer""";;;;;;;In 4 Orten Häuser in Brand gesetzt;Keine Personenschäden angegeben (Die meisten Zivilisten sind auf der Flucht);;;;;;;
;6/24/21;Crisis Group;https://www.crisisgroup.org/crisiswatch/database?location%5B%5D=27&crisis_state=&created=custom&from_month=1&from_year=2021&to_month=12&to_year=2021;Afrika;Niger;NER;Tillaberi;Ouallam, Danga Zouani/Korombara;14.89067;2.68358;NB;NB;NB;TÖT;FW;;ZIV;PP;Dörfer;19;;;;;;;;;;;;;;
;6/24/21;Horn Observer;https://hornobserver.com/articles/1095/Local-journalist-stabbed-in-Somali-capital;Afrika;Somalia;SOM;Mogadishu;Wadajir;2.02055;45.28805;NB;NB;NB;VERL;SON;Messer;ZIV;MEDIA;Journalist;;1;;;;;;;;;;;;;
;6/24/21;Radio Okapi;https://www.radiookapi.net/2021/06/25/actualite/securite/lubero-25-civils-enleves-et-plusieurs-autres-tortures-par-les-mai-mai;Afrika;DR Kongo;COD;Nord-Kivu;Lubero, Luhanga;-0,23654;29,06925;Mai-Mai;SEP;REG;ENTF;FW;;ZIV;PP;;;4;25;;;;;"""(…) several other civilians were tortured (…)""";;;;;;;
;6/24/21;Daily Sabah;https://www.dailysabah.com/world/syrian-crisis/us-backed-ypg-terror-attack-in-syria-kills-1-civilian;Naher & Mittlerer Osten ;Syrien;SYR;Ar-Raqqa;Tell Abyad, Mollo Barho;36.46453;39.18201;YPG;SEP;REG;TÖT;FW;;ZIV;PP;;1;1;;;;;;;;;;;;;
;6/24/21;NINA;https://www.ninanews.com/Website/News/Details?key=911940;Naher & Mittlerer Osten;Irak;IRQ;Kirkuk;Daquq;35.10516;44.23662;ISIS;REMO;TRANS;ZERS;FW;;SK;POL;Checkpoint;;;;;;;Wärmebildkamera beschädigt;;;;;;;;
;6/24/21;NINA;https://www.ninanews.com/Website/News/Details?key=911792;Naher & Mittlerer Osten;Irak;IRQ;Nineveh;Tel Afar, Zummar ;36.55874;42.74334;NB;NB;NB;VERL;IED;;SK;POL;;;1;;;1;;;;;;;;;;
;6/25/21;U.S. Embassy in Cameroon;https://cm.usembassy.gov/2021-country-reports-on-human-rights-practices-cameroon/;Afrika;Kamerun;CMR;Nord-Ouest;;6,31296;10,36724;Amba Boys;SEP;REG;ENTF;FW;;ZIV;NGO;Hilfsarbeiter;;;4;;;;;;;;;;;;
;6/25/21;U.S. Dept. of State , combianreports;https://www.state.gov/reports/country-reports-on-terrorism-2021/colombia/ , https://colombiareports.com/colombia-investigating-attack-on-presidential-helicopter/;Lateinamerika;Kolumbien;COL;Norte de Santander;Cúcuta;7,89416;-72,5038;FARC-EP;SOZ;TRANS;ZERS;FW;Auf Präsidentenhelikopter geschossen;ZIV;GOV;An Bord waren der Präsident, Verteidigungsminister und Innenminister;;;;;;;Sechs Einschusslöcher im Helikopter;;;;;;;;
;6/25/21;Actualite;https://actualite.cd/2021/06/26/rdc-boga-un-vehicule-transportant-des-deplaces-attaque-par-les-combattants-adf-au-moins;Afrika;DR Kongo;COD;Ituri;Irumu, Bukiringi;1,14250;30,01431;ISCAP;REMO;TRANS;TÖT;FW;;ZIV;PP;;4;5;;;;;1 Fahrzeug in Brand gesetzt;;;;;;;;
;6/25/21;SATP;https://www.satp.org/terrorist-activity/india-Jun-2021;Südostasien;Indien;IND;Anantnag;Bijbehara;33,78612;75,10044;NB;NB;NB;ZERS;HGR;;SK;POL;Police Station;;;;;;;;Keine Personenschäden;;;;;;;
;6/25/21;U.S. Dept. of State , Al Jazeera;https://www.state.gov/reports/country-reports-on-terrorism-2021/mali/ , https://www.aljazeera.com/news/2021/6/25/several-un-peacekeepers-wounded-in-mali-bomb-attack;Afrika;Mali;MLI;Gao;Bourem, Tarkint;17.47892;0.11475;NB;NB;NB;VERL;IED;Autobombe;SK;MIL;UN-Blauhelm Stützpunkt;;;;;13;;;12 der verletzten Blauhelme waren deutsche Soldaten;;;;;;;
;6/25/21;SATP;https://satp.org/terrorist-activity/pakistan-Jun-2021;Naher & Mittlerer Osten;Pakistan;PAK;Sibi;Sangan;30,17911;67,716766;NB;NB;NB;TÖT;FW;;SK;MLZ;Frontier Corps;;;;5;;;;;;;;;;;
;6/25/21;Crisis Group;https://www.crisisgroup.org/crisiswatch/database?location_region%5B0%5D=1&location%5B0%5D=26&crisis_state=&created=custom&from_month=1&from_year=2021&to_month=12&to_year=2021&page=0;Afrika;Mali;MLI;Mopti;Douentza, Boni;15.07688;-2.22114;NB;REMO;NB;TÖT;FW;;SK;MIL;Militär Stützpunkte;;;;6;;;;;;;;;;;
;6/25/21;NINA;https://www.ninanews.com/Website/News/Details?key=911953;Naher & Mittlerer Osten;Irak;IRQ;Kirkuk;Hawija, Riyad, Shabija Saud;35.13002;43.73692;ISIS;REMO;TRANS;TÖT;FW;;SK;POL;Checkpoint;;;;5;;;;;;;;;;;
;6/26/21;U.S. Dept. of State;https://www.state.gov/reports/country-reports-on-terrorism-2021/paraguay/;Lateinamerika;Paraguay;PRY;Concepcíon ;Sargento Felix Lopez;-22.37810; -56.91521;Armed Peasant Association;SOZ;NAT;TÖT;FW;;ZIV;PP;;1;;;;;;;Opfer wurde zunächst entführt und dann mit diversen Schusswunden tot in Brasilien aufgefunden;;;;;;;
;6/26/21;Actualite;https://actualite.cd/2021/06/26/rdc-djugu-sept-personnes-tuees-dans-une-attaque-des-miliciens-codeco-pres-de-fataki;Afrika;DR Kongo;COD;Ituri;Djugu, Rule;1,97466;30,70335;CODECO;SEP;REG;TÖT;FW;;ZIV;PP;;7;;;;;;;;;;;;;;
;6/26/21;News24 , SOS-Torture/Burundi;https://www.news24.com/news24/africa/news/15-killed-in-horrific-burundi-ambush-sources-20210627 , https://sostortureburundi.org/wp-content/uploads/2021/07/Weekly-report-no-290-1.pdf;Afrika;Burundi;BDI;Muramvya;Rutegama, Munanira;-3,30070;29,74420;NB;NB;NB;TÖT;BRA;Hinterhalt, Fahrzeuge mit Passagieren in Brand gesetzt;ZIV;PP;;21;8;;;;;Fahrzeuge in Brand gesteckt;;;;;;;;
;6/26/21;SATP;https://www.satp.org/terrorist-activity/india-Jun-2021;Südostasien;Indien;IND;Jammu and Kashmir ;Srinagar;34.08365;74.79736;NB;NB;NB;VERL;HGR;;SK;POL;;;3;;;;;;;;;;;;;
;6/26/21;SATP;https://satp.org/terrorist-activity/pakistan-Jun-2021;Naher & Mittlerer Osten;Pakistan;PAK;Kurram;;33,695975;70,336069;NB;NB;NB;ENTF;FW;;ZIV;PP;Arbeiter;1;;15;;;;;16 Arbeiter wurden entführt, am 27. Juli wurden 10 wieder freigelassen, einer wurde tot aufgefunden;;;;;;;
;6/26/21;SATP;https://satp.org/terrorist-activity/pakistan-Jun-2021;Naher & Mittlerer Osten;Pakistan;PAK;Quetta;Kuchlak, Kali Keetar;30,358618;66,939232;NB;NB;NB;ENTF;FW;Vor seinem Haus entführt;ZIV;GOV;Awami National Party (ANP) Führer Malik Ubedullah;;;1;;;;;;;;;;;;
;6/26/21;SATP;https://satp.org/terrorist-activity/pakistan-Jun-2021;Naher & Mittlerer Osten;Pakistan;PAK;Hoshab;Shapak;26,015459;63,881783;NB;NB;NB;TÖT;IED;;ZIV;KI;Wassertankwagen;;;;1;;;;;;;;;;;
;6/26/21;SATP;https://satp.org/terrorist-activity/pakistan-Jun-2021;Naher & Mittlerer Osten;Pakistan;PAK;Quetta;Marwar;30,17984;66,974973;NB;NB;NB;ENTF;FW;;ZIV;KI;Arbeiter die einen Funkturm errichteten;;;6;;;;Funkturm vollständig zerstört;Drei der Entführungsopfer wurden schnell wieder freigelassen;;;;;;;
;6/26/21;SATP;https://satp.org/terrorist-activity/afghanistan-Jun-2021;Naher & Mittlerer Osten;Afghanistan;AFG;Baghlan;Dushi, Sang-e-Sorakh, Pul-e-Khumri-Kilagi highway;35,5973;68,7968;Taliban;REMO;NAT;TÖT;FW;;ZIV;PP;;1;;;;;;;;;;;;;;
;6/26/21;Hiiraan Online;https://www.hiiraan.com/news4/2021/Jun/183040/puntland_security_minister_escapes_bomb_attack_in_somalia.aspx?utm_source=hiiraan&utm_medium=SomaliNewsUpdateFront;Afrika;Somalia;SOM;Bari;Bosaso;11.27848;49.17995;NB;NB;NB;TÖT;IED;;ZIV;GOV;Sicherheitsminister, Konvoi;;;;1;4;;;"""(…) while wounding several others.""";;;;;;;
;6/26/21;Daily Sabah;https://www.dailysabah.com/world/syrian-crisis/terror-attacks-in-northern-syria-kill-4-civilians;Naher & Mittlerer Osten ;Syrien;SYR;Aleppo;Afrin city;36.51465;36.86912;YPG;SEP;REG;TÖT;IED;Autobombe;ZIV;PP;;3;3;;;;;;;;;;;;;
;6/26/21;NINA;https://www.ninanews.com/Website/News/Details?key=912092;Naher & Mittlerer Osten;Irak;IRQ;Erbil;Kasnazan, Bragh, Salah al-Din Resort Road;36.31494;44.13636;NB;NB;NB;ZERS;RAM;Raketen;ZIV;PP;;;;;;;;Eine Farm beschädigt, Ziel war wohlmöglich ein nahegelegenes Hotel;;;;;;;;
;6/27/21;U.S. Dept. of State , Voice of America , Actualite;https://www.state.gov/reports/2021-report-on-international-religious-freedom/democratic-republic-of-the-congo/ , https://www.voanews.com/a/africa_two-explosions-hit-congos-eastern-city-beni/6207575.html , https://actualite.cd/2021/06/27/explosion-dans-une-eglise-beni-selon-le-gouvernement-la-pression-militaire-qui-sexerce;Afrika;DR Kongo;COD;Nord-Kivu;Beni city, Vitesili;0,49916;29,46320;ISCAP;REMO;TRANS;VERL;IED;;ZIV;REL;Katholische Kirche;;2;;;;;;;;;;;;;
;6/27/21;U.S. Dept. of State , Voice of America;https://www.state.gov/reports/2021-report-on-international-religious-freedom/democratic-republic-of-the-congo/ , https://www.voanews.com/a/africa_two-explosions-hit-congos-eastern-city-beni/6207575.html;Afrika;DR Kongo;COD;Nord-Kivu;Beni city;0,49916;29,46320;ISCAP;REMO;TRANS;ZERS;IED;Selbstmordanschlag;ZIV;ÖP;Vielbefahrene Kreuzung;;;;;;;;Keine Personenschäden;;;;;;;
;6/27/21;SATP;https://www.satp.org/terrorist-activity/india-Jun-2021;Südostasien;Indien;IND;Awantipora;Hariparigam Tral;33.87660;75.07206;Jaish-e Mohammed ;REMO;REG;TÖT;FW;;SK;POL;;2;;;1;;;;;;;;;;;
;6/27/21;SATP;https://www.satp.org/terrorist-activity/india-Jun-2021;Südostasien;Indien;IND;Jammu and Kashmir ;Jammu Airport ;32.68105;74.84223;Laschkar-e Taiba;REMO;TRANS;VERL;IED;Drohnenangriff;SK;MIL;Air Force Base;;;;;2;;;;;;;;;;
;6/27/21;SATP;https://satp.org/terrorist-activity/afghanistan-Jun-2021;Naher & Mittlerer Osten;Afghanistan;AFG;Ghazni;Ghazni city, PD6;33,5476;68,4234;NB;NB;NB;TÖT;IED;;SK;POL;;;;;1;3;;;;;;;;;;
;6/27/21;SATP;https://satp.org/terrorist-activity/afghanistan-Jun-2021;Naher & Mittlerer Osten;Afghanistan;AFG;Parwan;Charikar, D2;35,0144;69,1653;NB;NB;NB;VERL;IED;;ZIV;PP;;;13;;;;;;;;;;;;;
;6/27/21;Horn Observer , U.S. Dept. of State , Hiiraan Online , Crisis Group;https://hornobserver.com/articles/1104/more-than-20-killed-in-al-Shabaab-attack-in-central-Somalia , https://www.state.gov/reports/country-reports-on-terrorism-2021/somalia/ , https://www.hiiraan.com/news4/2021/Jun/183059/41_militants_killed_in_somalia_suicide_attack.aspx?utm_source=hiiraan&utm_medium=SomaliNewsUpdateFront , https://www.crisisgroup.org/crisiswatch/database?location%5B%5D=12&crisis_state=&created=custom&from_month=1&from_year=2021&to_month=12&to_year=2021;Afrika;Somalia;SOM;Mudug;Wisil;5.42775;48.12112;Al-Shabaab;REMO;NAT;TÖT;IED;Autobomben und dann Stürmung;SK;MIL;Militärbasis;13;;;17;21;;;US-Quelle spricht auch von zivilen Opfern;;;;;;;
;6/27/21;Daily Sabah;https://www.dailysabah.com/world/syrian-crisis/terror-attacks-in-northern-syria-kill-4-civilians;Naher & Mittlerer Osten ;Syrien;SYR;Aleppo;Al-Bab;36.43494;37.55657;YPG;SEP;REG;TÖT;IED;Autobombe;ZIV;PP;;1;2;;;;;;;;;;;;;
;6/27/21;NINA;https://www.ninanews.com/Website/News/Details?key=912239;Naher & Mittlerer Osten;Irak;IRQ;Kirkuk;Hawija, Al-Zab, Abu Khanajer - Qaryat al-Salam;35.42403;43.62122;ISIS;REMO;TRANS;TÖT;FW;;SK;POL;Checkpoint;;;;2;1;;LAV beschädigt;;;;;;;;
;6/27/21;;https://www.ninanews.com/Website/News/Details?key=912239;;Irak;;Kirkuk;al-Shay;35.19584;44.42768;;;;;;;;;;;;;;;;;;;;;;;;
;6/27/21;NINA;https://www.ninanews.com/Website/News/Details?key=912301;Naher & Mittlerer Osten;Irak;IRQ;Diyala;Ba'quba, Abbara;33.80367;44.68088;NB;NB;NB;VERL;IED;Bombe am Straßenrand;SK;POL;;;;;;2;;;;;;;;;;
;6/27/21;NINA;https://www.ninanews.com/Website/News/Details?key=912453;Naher & Mittlerer Osten;Irak;IRQ;Diyala;Miqdadiyah, Abi Sayda, Abu Khanazir;33.88580;44.76071;NB;NB;NB;TÖT;IED;;SK;MIL;Patrouille;;;;1;1;;;;;;;;;;
;6/28/21;SATP;https://satp.org/terrorist-activity/afghanistan-Jun-2021;Naher & Mittlerer Osten;Afghanistan;AFG;Nangarhar;Jalalabad, PD5;34,4248;70,4365;NB;NB;NB;TÖT;IED;;ZIV;PP;;1;4;;;;;;;;;;;;;
;6/29/21;SATP;https://www.satp.org/terrorist-activity/india-Jun-2021;Südostasien;Indien;IND;Madhya Pradesh ;Balaghat District;21.81287;80.18382;CPI-M;SOZ;NAT;TÖT;FW;;ZIV ;PP;alleged police informer;1;;;;;;;Wurde zuerst entführt;;;;;;;
;6/29/21;SATP;https://satp.org/terrorist-activity/afghanistan-Jun-2021;Naher & Mittlerer Osten;Afghanistan;AFG;Kabul;Paghman, Arghandi;34,4666;68,9166;NB;NB;NB;TÖT;FW;;SK;POL;;;;;2;1;;;;;;;;;;
;6/29/21;SATP;https://satp.org/terrorist-activity/pakistan-Jun-2021;Naher & Mittlerer Osten;Pakistan;PAK;Kurram;Godar;33,695975;70,336069;NB;NB;NB;TÖT;IED;Landmine;ZIV;PP;;10;8;;;;;;;;;;;;;
;6/29/21;U.S. Dept. of State;https://www.state.gov/reports/2021-country-reports-on-human-rights-practices/somalia/;Afrika;Somalia;SOM;Puntland;;9.75200;50.08700;Al-Shabaab;REMO;NAT;TÖT;IED;;SK;MIL;;;;;1;;;;;;;;;;;
;6/30/21;Al Jazeera , Actualite;https://www.aljazeera.com/news/2021/7/1/ten-dead-in-suspected-adf-attack-in-dr-congo-army , https://actualite.cd/2021/07/01/rdc-dix-morts-dans-un-massacre-attribue-aux-adf-beni;Afrika;DR Kongo;COD;Nord-Kivu;Beni city, Beu, Rwangoma;0,48320;29,48680;ISCAP;REMO;TRANS;TÖT;FW;Menschen ausgeräuchert und Fliehende abgefangen;ZIV;PP;;10;;;;;;Mehrere Häuser in Brand gesetzt;;;;;;;;
;6/30/21;SATP;https://satp.org/terrorist-activity/afghanistan-Jun-2021;Naher & Mittlerer Osten;Afghanistan;AFG;Nangarhar;Jalalabad, Gurdwara Guru Nanak Darbar;34,4283;70,4578;NB;NB;NB;VERL;IED;;ZIV;REL;Sikh;;2;;;;;;;;;;;;;
;6/30/21;SATP;https://satp.org/terrorist-activity/pakistan-Jun-2021;Naher & Mittlerer Osten;Pakistan;PAK;North Waziristan;Dwatoi;32,871622;69,554427;NB;NB;NB;TÖT;FW;Schüsse aus Afghanistan über die Grenze nach Pakistan;SK;MIL;Pakistanische Armee;;;;2;;;;;;;;;;;
;6/30/21;NINA;https://www.ninanews.com/Website/News/Details?key=913057;Naher & Mittlerer Osten;Irak;IRQ;Kirkuk;Kirkuk;35.46109;44.63659;NB;NB;NB;VERL;HGR;;SK;MIL;;;;;;1;;;;;;;;;;
;6/30/21;NINA;https://www.ninanews.com/Website/News/Details?key=913074 , https://www.ninanews.com/Website/News/Details?key=913095;Naher & Mittlerer Osten;Irak;IRQ;Baghdad;Baghdad, Al-Sadr, Sadr City;33.39007;44.45661;NB;NB;NB;VERL;IED;;ZIV;ÖP;Markt;;15;;;;;;;;;;;;;
;7/1/21;U.S. Embassy in Cameroon;https://cm.usembassy.gov/2021-country-reports-on-human-rights-practices-cameroon/;Afrika;Kamerun;CMR;Sud-Ouest;Bui, Kumba, GBH School;4,64322;9,42054;Amba Boys;SEP;REG;TÖT;FW;;ZIV;EDU;Highschool Physiklehrer;1;;;;;;;;;;;;;;
;7/1/21;SATP;https://satp.org/terrorist-activity/pakistan-Jul-2021;Naher & Mittlerer Osten;Pakistan;PAK;Quetta;Askari Park;30,2226;67,0053;Balochistan Liberation Front ;SEP;REG;VERL;IED;;ZIV;ÖP;;;6;;;;;;;;;;;;;
;7/1/21;SATP;https://www.satp.org/terrorist-activity/afghanistan-Jul-2021;Naher & Mittlerer Osten;Afghanistan;AFG ;Balkh;Mazar-i-Sharif ;36,7076;67,1177;NB;NB;NB;VERL;RAM;Mörser;ZIV;GOV;;;2;;;;;;;;;;;;;
;7/1/21;SATP;https://www.satp.org/terrorist-activity/afghanistan-Jul-2021;Naher & Mittlerer Osten;Afghanistan;AFG ;Laghman;Mehtarlam;34,6666;70,2084;NB;NB;NB;TÖT;FW;;ZIV;REL;;1;;;;;;;;;;;;;;
;7/1/21;SATP;https://satp.org/terrorist-activity/india-Jul-2021;Südostasien;Indien;IND;Anantnag;Lazibal;33,7374;75,1596;NB;NB;NB;VERL;FW;;SK;POL;;;;;;1;;;;;;;;;;
;7/1/21;Meir Amit Intelligence and Terrorism Information Center;https://www.terrorism-info.org.il/en/news-of-terrorism-and-the-israeli-palestinian-conflict-june-30-july-6-2021/;Naher & Mittlerer Osten;Israel;ISR;North;Kinneret, Jordan Valley;32.68831;35.58992;NB;NB;NB;VERL;SON;Messer;SK;MIL;Israelische Soldatin;;;;;1;;;;;;;;;;
;7/1/21;SATP;https://www.satp.org/terrorist-activity/afghanistan-Jul-2021;Naher & Mittlerer Osten;Afghanistan;AFG ;Baghlan;Khost;33,374;69,8528;Taliban;REMO;NAT;TÖT;FW;;SK;MLZ;;1;;;2;2;;;;;;;;;;
;7/1/21;NINA;https://www.ninanews.com/Website/News/Details?key=913120;Naher & Mittlerer Osten;Irak;IRQ;Kirkuk;Daquq, Hassan al-Shalal;35.04700;44.27319;ISIS;REMO;TRANS;VERL;FW;;ZIV;ÖP;Dorf;;2;;;;;;;;;;;;;
;7/1/21;NINA;https://www.ninanews.com/Website/News/Details?key=913184;Naher & Mittlerer Osten;Irak;IRQ;Nineveh;Mosul, Tulul Al-Baj;35.4134; 43.1090;NB;NB;NB;ZERS;SON;;ZIV;KI;Energieversorgung;;;;;;;Stommasten zerstört;;;;;;;;
;7/2/21;Radio Okapi;https://www.radiookapi.net/2021/07/04/actualite/securite/djugu-les-miliciens-codeco-tuent-13-personnes-et-detruisent-plusieurs;Afrika;DR Kongo;COD;Ituri;Djugu;1,97672;30,31791;CODECO;SEP;REG;TÖT;FW;;ZIV;PP;Dörfer;13;;;;;;Mehrere Häuser zerstört;;;;;;;;
;7/2/21;U.S. Dept. of State , The Star;https://www.state.gov/reports/country-reports-on-terrorism-2021/kenya/ , https://www.the-star.co.ke/news/2021-07-02-al-shabaab-kills-three-workers-in-dhobley-garissa/;Afrika;Kenia;KEN;Garissa;Dhobley;0,41048;41,01045;Al-Shabaab;REMO;TRANS;TÖT;FW;;ZIV;UNT;Bauarbeiter ;3;1;;;;;;Dhobley ist von Kenia besetzt;;;;;;;
;7/2/21;ACLED;https://www.caboligado.com/reports/cabo-ligado-weekly-28-june-4-july-2021 , https://www.caboligado.com/reports/cabo-ligado-weekly-5-11-july-2021;Afrika;Mosambik;MOZ;Cabo Delgado;Mocimboa da Praia, Diaca;-11,53667;39,93394;ISCAP;REMO;TRANS;TÖT;FW;;SK;POL;;;;;1;;;2 gepanzerte Fahrzeuge gestohlen;;;;;;;;
;7/2/21;ACLED;https://www.caboligado.com/reports/cabo-ligado-weekly-28-june-4-july-2021;Afrika;Mosambik;MOZ;Cabo Delgado;Muidumbe, Namande;-11,82980;39,74307;NB;REMO;REG;TÖT;FW;In Uniformen der SK verkleidet;ZIV;PP;;7;;;3;;;Mehrere Häuser in Brand gesetzt;;;;;;;;
;7/2/21;SATP;https://satp.org/terrorist-activity/pakistan-Jul-2021;Naher & Mittlerer Osten;Pakistan;PAK;Khyber Pakhtunkhwa;Tank;32,2752;70,3837;NB;NB;NB;TÖT;IED;Bombe am Straßenrand;ZIV;PP;;3;;;;;;;;;;;;;;
;7/2/21;Horn Observer;https://hornobserver.com/articles/1123/Death-toll-of-two-blasts-in-Somalia-hits-22;Afrika;Somalia;SOM;Mogadishu;Bondhere, Juba intersection;2.03837;45.34216;Al-Shabaab;REMO;NAT;TÖT;IED;Selbstmordanschlag;SK;GD;Cafe in der Nähe von Nachrichtendienst;11;13;;10;13;;;Verteilung der Opfer auf Zivilisten und Sicherheitskräfte unklar;;;;;;;
;7/2/21;Horn Observer;https://hornobserver.com/articles/1123/Death-toll-of-two-blasts-in-Somalia-hits-22;Afrika;Somalia;SOM;Bay;Aawdiinle;3.17120;43.41020;Al-Shabaab;REMO;NAT;TÖT;IED;;ZIV;ÖP;Markt;1;1;;1;1;;;Verteilung der Opfer auf Zivilisten und Sicherheitskräfte unklar;;;;;;;
;7/2/21;NINA;https://www.ninanews.com/Website/News/Details?key=913401;Naher & Mittlerer Osten;Irak;IRQ;Kirkuk;Daquq, Hassan al-Shalal;35.04700;44.27319;ISIS;REMO;TRANS;VERL;FW;;ZIV;ÖP;Dorf;;1;;;;;;;;;;;;;
;7/2/21;NINA;https://www.ninanews.com/Website/News/Details?key=913298;Naher & Mittlerer Osten;Irak;IRQ;Babil;International Highway;32.58790;44.55299;NB;NB;NB;ZERS;IED;;SK;MIL;Konvoi der internationalen Koalition;;;;;;;Fahrzeug beschädigt;;;;;;;;
;7/2/21;NINA;https://www.ninanews.com/Website/News/Details?key=913360;Naher & Mittlerer Osten;Irak;IRQ;Saladin;;33.92500 ;44.17600;NB;NB;NB;;IED;;SK;MIL;Konvoi der internationalen Koalition;;;;;;;;;;;;;;;
;7/3/21;SATP;https://satp.org/terrorist-activity/india-Jul-2021;Südostasien;Indien;IND;Aamdai Ghati;Dongar Hills;19,4287;81,2477;CPI-M;SOZ;NAT;TÖT;FW;;ZIV;UNT;;1;;;;;;;;;;;;;;
;7/3/21;SATP;https://www.satp.org/terrorist-activity/afghanistan-Jul-2021;Naher & Mittlerer Osten;Afghanistan;AFG ;Paktia;Gardez;33,5997;69,229;NB;NB;NB;TÖT;IED;;ZIV;PP;;4;;;;;;;;;;;;;;
;7/3/21;SATP;https://satp.org/terrorist-activity/pakistan-Jul-2021;Naher & Mittlerer Osten;Pakistan;PAK;Kulachi tehsil ;Girah Galdad ;28.69;771681924;NB;NB;NB;TÖT;IED;;SK;MLZ;;;;;4;;;;;;;;;;;
;7/3/21;SATP , DAWN;https://www.dawn.com/news/1633076 , https://www.dawn.com/news/1633076;Naher & Mittlerer Osten;Pakistan;PAK;Dera Ismail Khan;Thoya Siyal ;32,70.5;70,5;Tehrik-i-Taliban Pakistan  ;REMO;TRANS;NB;HGR;;ZIV;KI;;;;;;;;;;;;;;;;
;7/3/21;Daily Post Nigeria , Meir Amit Intelligence and Terrorism Information Center;https://dailypost.ng/2021/07/04/troops-eliminate-terrorists-after-attack-on-police-convoy-in-borno/ , https://www.terrorism-info.org.il/en/spotlight-on-global-jihad-july-1-7-2021/;Afrika;Nigeria;NGA;Borno;Kaga, Auno-Garin Kuturu road;11.84820;12.91030;ISWAP;REMO;TRANS;TÖT;FW;Hinterhalt in Uniform;SK;POL;Polizeikonvoi;;;;1;;;;;;;;;;;
;7/3/21;U.S. Dept. of State;https://www.state.gov/reports/country-reports-on-terrorism-2021/peru/;Lateinamerika;Peru;PER;Ayacucho's Huanta ;Pampa Aurora;-12.91334; -73.56370;Sendero Luminoso;SOZ;NAT;VERL;FW;;SK;MIL;Militärpolizei;;;;;4;;;"""(…) resulting in several injuries.""";;;;;;;
;7/3/21;NINA;https://www.ninanews.com/Website/News/Details?key=913454;Naher & Mittlerer Osten;Irak;IRQ;Anbar;Haditha, Sagra;34.24147;42.16244;ISIS;REMO;TRANS;TÖT;FW;;ZIV;PP;Fischer;4;3;;;;;;;;;;;;;
;7/4/21;Crisis Group;https://www.crisisgroup.org/crisiswatch/database?location%5B%5D=27&crisis_state=&created=custom&from_month=1&from_year=2021&to_month=12&to_year=2021;Afrika;Niger;NER;Tahoua;Tillia, Inizdan;16.13792;4.79221;ISGS;REMO;TRANS;TÖT;FW;;ZIV;PP;;1;;;;;;;;;;;;;;
;7/4/21;SATP;https://www.satp.org/terrorist-activity/afghanistan-Jul-2021;Naher & Mittlerer Osten;Afghanistan;AFG ;Kandahar;Kandahar city;31,6205;65,7385;NB;NB;NB;TÖT;IED;MIED;ZIV;GOV;Sec of Kandahar's Governor;2;;;;;;;;;;;;;;
;7/4/21;SATP;https://satp.org/terrorist-activity/pakistan-Jul-2021;Naher & Mittlerer Osten;Pakistan;PAK;Khairpur city ;Shahi Bazaar ;25,3959;68,3700557;NB;NB;NB;TÖT;FW;;ZIV;ÖP;;2;2;;;;;;;;;;;;;
;7/4/21;Crisis Group;https://www.crisisgroup.org/crisiswatch/database?location_region%5B0%5D=1&location%5B0%5D=26&crisis_state=&created=custom&from_month=1&from_year=2021&to_month=12&to_year=2021&page=0;Afrika;Mali;MLI;Tombouctou;Niafounke, Diartou;15.78926;-4.58217;JNIM;REMO;TRANS;TÖT;FW;Hinterhalt;SK;MIL;Malische Streitkräfte;;;;4;;;;;;;;;;;
;7/4/21;NINA;https://www.ninanews.com/Website/News/Details?key=913739;Naher & Mittlerer Osten;Irak;IRQ;Diyala;Muqdadiyah ;33.90884;44.90681;NB;NB;NB;ZERS;IED;;ZIV;KI;Energieversorgung;;;;;;;Fahrzeug eines Wartungsteams für Hochspannungsleitungen beschädigt;;;;;;;;
;7/5/21;Crisis Group , Arise News , Vanguard Nigeria;https://www.crisisgroup.org/crisiswatch/database?location%5B0%5D=28&crisis_state=&created=custom&from_month=1&from_year=2021&to_month=12&to_year=2021&page=0 , https://www.arise.tv/boko-haram-kill-over-18-persons-in-northeast-nigerias-adamawa-state/ , https://www.vanguardngr.com/2021/07/attack-fg-commiserates-adamawa-community/;Afrika;Nigeria;NGA;Adamawa;Hong, Dabna;10.38304;12.82372;Boko Haram;REMO;TRANS;TÖT;FW;;ZIV;PP;Dörfer;19;5;;;;;;"""(…) while many others injured (…).""";;;;;;;
;7/5/21;Actualite;https://actualite.cd/2021/07/05/rdc-adf-une-nouvelle-attaque-armee-fait-des-morts-beni;Afrika;DR Kongo;COD;Nord-Kivu;Beni, Ruwenzori, Ratsangwele;0,42241;29,66527;ISCAP;REMO;TRANS;TÖT;FW;Hinterhalt;ZIV;PP;;3;;;;;;;;;;;;;;
;7/5/21;SATP;https://satp.org/terrorist-activity/india-Jul-2021;Südostasien;Indien;IND;Doda;Doda town;33,1463;75,5481;NB;NB;NB;VERL;HGR;;SK;POL;;;1;;;1;;;;;;;;;;
;7/5/21;SATP;https://satp.org/terrorist-activity/pakistan-Jul-2021;Naher & Mittlerer Osten;Pakistan;PAK;Khyber Pakhtunkhwa ;Hassan Khel ;34,1324992;71,6925917;NB;NB;NB;TÖT;FW;;SK;MIL;;;;;3;1;;;;;;;;;;
;7/5/21;NINA;https://www.ninanews.com/Website/News/Details?key=913832;Naher & Mittlerer Osten;Irak;IRQ;Kirkuk;Daquq, Mahdia ;35.16850;43.96970;ISIS;REMO;TRANS;ENTF;FW;;ZIV;PP;;;;1;;;;;;;;;;;;
;7/5/21;NINA;https://www.ninanews.com/Website/News/Details?key=913839;Naher & Mittlerer Osten;Irak;IRQ;Diyala;Jalawla, Seif Saad;34.43856 ;45.14548;ISIS;REMO;TRANS;TÖT;FW;Hinterhalt;ZIV;PP;;5;2;;;;;Fahrzeug beschädigt;Der IS entführte zuvor zwei Zivilisten in Al-Qal'a und lockte deren Angehörige beim Versuch, die beiden Zivilisten zu befreien, in einen Hinterhalt. Die Entführten konnten während des Gefechts fliehen.;;;;;;;
;7/5/21;NINA;https://www.ninanews.com/Website/News/Details?key=913841;Naher & Mittlerer Osten;Irak;IRQ;Anbar;Rutba, Akashat ;33.67885 ;39.96311;NB;NB;NB;VERL;FW;;SK;MLZ;PMF, Patrouillie;;;;;2;;;"""There were casualties""";;;;;;;
;7/5/21;NINA;https://www.ninanews.com/Website/News/Details?key=913930;Naher & Mittlerer Osten;Irak;IRQ;Anbar;Baghdadi, Assad Airbase;33.79830; 42.44090;NB;NB;NB;ZERS;RAM;Raketen;SK;MIL;Luftwaffenbasis;;;;;;;;;;;;;;;
;7/5/21;NINA;https://www.ninanews.com/Website/News/Details?key=914015;Naher & Mittlerer Osten;Irak;IRQ;Kirkuk;Rashad, Zakarta;34.97320; 44.03700;NB;NB;NB;ZERS;IED;;ZIV;KI;Energieversorgung;;;;;;;Hochspannungsmast zerstört;;;;;;;;
;7/6/21;SATP , Ariana News;https://www.satp.org/terrorist-activity/afghanistan-Jul-2021 , https://www.ariananews.af/one-dead-21-wounded-in-kandahar-car-bomb/;Naher & Mittlerer Osten;Afghanistan;AFG ;Kandahar;Kandahar city, PD7;31,6205;65,7385;NB;NB;NB;TÖT;IED;Autobombe;SK;POL ;;;11;;1;9;;;;;;;;;;
;7/6/21;SATP;https://www.satp.org/terrorist-activity/afghanistan-Jul-2021;Naher & Mittlerer Osten;Afghanistan;AFG ;Paghman;Qala-e-Haidar Khan;34,5554;68,9481;Taliban;REMO;NAT;TÖT;FW;;SK;POL ;;;;;6;;;;;;;;;;;
;7/6/21;NINA;https://www.ninanews.com/Website/News/Details?key=914037;Naher & Mittlerer Osten;Irak;IRQ;Kirkuk;Hasari Ahmad Beg, North Gas Company;35.39423;44.21619;NB;NB;NB;ZERS;RAM;Katyusha Rakete;ZIV;KI;Northwest Gas Company;;;;;;;;;;;;;;;
;7/6/21;NINA;https://www.ninanews.com/Website/News/Details?key=914171;Naher & Mittlerer Osten;Irak;IRQ;Qadisiyah;Diwaniyah ;31.94300; 44.82700;NB;NB;NB;ZERS;IED;;SK;MIL;Konvoi der internationalen Koalition;;;;;;;Fahrzeuge beschädigt;;;;;;;;
;7/6/21;NINA;https://www.ninanews.com/Website/News/Details?key=914171;Naher & Mittlerer Osten;Irak;IRQ;Anbar;;33.1571 ;41.6272;NB;NB;NB;ZERS;IED;;SK;MIL;Konvoi der internationalen Koalition;;;;;;;Fahrzeuge beschädigt;;;;;;;;
;7/7/21;U.S. Dept. of State;https://www.state.gov/reports/2021-country-reports-on-human-rights-practices/democratic-republic-of-the-congo/;Afrika;DR Kongo;COD;Nord-Kivu;Masisi;-1,41168;28,89653;Mai-Mai;SEP;REG;TÖT;FW;;ZIV;PP;Angeblicher Unterstützer einer anderen Gruppe;1;;;;;;;Zunächst entführt, dann getötet;;;;;;;
;7/7/21;Daily Sabah;https://www.dailysabah.com/politics/war-on-terror/ypgpkk-terrorists-attack-ambulance-carrying-civilians-in-nsyria;Naher & Mittlerer Osten ;Syrien;SYR;Aleppo;Tell Abyad, M4 highway;36.69046;38.97886;YPG;SEP;REG;ZERS;FW;Scharfschütze;SK;MIL;Krankenwagen des Militärs;;;;;;;Krankenwagen und Ausrüstung beschädigt;Keine Personenschäden;;;;;;;
;7/7/21;NINA;https://www.ninanews.com/Website/News/Details?key=914207;Naher & Mittlerer Osten;Irak;IRQ;Erbil;Erbil International Airport;36.24787; 43.94566;NB;NB;NB;ZERS;RAM;Drohnenangriff mit Sprengstoff;ZIV;TI;Flughafen;;;;;;;;;;;;;;;
;7/7/21;NINA;https://www.ninanews.com/Website/News/Details?key=914303;Naher & Mittlerer Osten;Irak;IRQ;Anbar;Baghdadi, Assad Airbase;33.79830; 42.44090;NB;NB;NB;VERL;RAM;Raketen;SK;MIL;Luftwaffenbasis;;;;;3;;;;;;;;;;
;7/7/21;NINA;https://www.ninanews.com/Website/News/Details?key=914359;Naher & Mittlerer Osten;Irak;IRQ;Nineveh;Qayyarah, Ain Bazoun;35.8990, ;43.26760;NB;NB;NB;VERL;IED;;ZIV;PP;;;2;;;;;;;;;;;;;
;7/8/21;U.S. Embassy in Cameroon , Journal un Cameroun;https://cm.usembassy.gov/2021-country-reports-on-human-rights-practices-cameroon/ , https://www.en.journalducameroun.com/cameroon-kidnapped-baforkum-fon-found-dead/;Afrika;Kamerun;CMR;Nord-Ouest;Bambui, Baforkum;6,02920;10,20584;Amba Boys;SEP;REG;TÖT;FW;;ZIV;GOV;Village chief;1;;;;;;;Erst entführt und gefoltert;;;;;;;
;7/8/21;Actualite;https://actualite.cd/2021/07/09/rdc-encore-cinq-morts-dans-une-attaque-des-combattants-adf-irumu;Afrika;DR Kongo;COD;Ituri;Irumu, Ofaye-Mavivi road, Bandibeja;1,12929;29,64043;ISCAP;REMO;TRANS;TÖT;FW;Hinterhalt;ZIV;PP;;5;;;;;;;;;;;;;;
;7/8/21;Meir Amit Intelligence and Terrorism Information Center;https://www.terrorism-info.org.il/en/spotlight-on-global-jihad-july-8-14-2021/;Naher & Mittlerer Osten ;Syrien;SYR;Hama;As-Salamija, Itria;35.36674;37.78173;ISIS;REMO;TRANS;VERL;IED;Mine;SK;MIL;Syrische Soldaten;;;;;4;;;"""(…) several soldiers were wounded.""";;;;;;;
;7/8/21;Meir Amit Intelligence and Terrorism Information Center;https://www.terrorism-info.org.il/en/spotlight-on-global-jihad-july-8-14-2021/;Naher & Mittlerer Osten ;Syrien;SYR;Homs;;34.65752;38.65075;ISIS;REMO;TRANS;TÖT;IED;;SK;MIL;Konvoi Iranischer Soldaten;;;;1;;;;;;;;;;;
;7/8/21;SATP;https://www.satp.org/terrorist-activity/afghanistan-Jul-2021;Naher & Mittlerer Osten;Afghanistan;AFG ;Kapisa;Kohistan ;35,0664;69,4663;NB;NB;NB;TÖT;FW;;ZIV;PP;;2;;;;;;;;;;;;;;
;7/8/21;NINA;https://www.ninanews.com/Website/News/Details?key=914587;Naher & Mittlerer Osten;Irak;IRQ;Kirkuk;Taza Khurmatu, Maryam Begg;35.32752;44.23928;NB;NB;NB;TÖT;FW;;SK;POL;Checkpoint;;;;1;2;;;;;;;;;;
;7/9/21;Hiiraan Online;https://www.hiiraan.com/news4/2021/July/183189/roadside_bomb_kills_2_civilians_in_central_somalia.aspx?utm_source=hiiraan&utm_medium=SomaliNewsUpdateFront;Afrika;Somalia;SOM;Mudug;;6.34000;48.34000;Al-Shabaab;REMO;NAT;TÖT;IED;Bombe am Straßenrand;ZIV;TI;Passagierbus;2;;;;;;;;;;;;;;
;7/10/21;SATP;https://www.satp.org/terrorist-activity/afghanistan-Jul-2021;Naher & Mittlerer Osten;Afghanistan;AFG ;Parwan;Jangal Bagh;35,0072;68,9145;NB;NB;NB;ZERS;IED;;ZIV;KI;Power Pylons;;;;;;;Power Pylons beschädigt;Keine Verletzten;;;;;;;
;7/10/21;SATP;https://www.satp.org/terrorist-activity/afghanistan-Jul-2021;Naher & Mittlerer Osten;Afghanistan;AFG ;Kabul;Tapa-e-Karte Naw, D8 ;34,5084;69,2273;NB;NB;NB;TÖT ;IED;;ZIV ;PP;;2;4;;;;;;;;;;;;;
;7/10/21;SATP;https://www.satp.org/terrorist-activity/afghanistan-Jul-2021;Naher & Mittlerer Osten;Afghanistan;AFG ;Kandahar;Daman;31,6139;65,8991;NB;NB;NB;TÖT;IED;;ZIV;GOV;;2;1;;;2;;;;;;;;;;
;7/10/21;Bangkok Post;https://www.bangkokpost.com/thailand/general/2146631/five-police-wounded-in-pattani-attack;Südostasien;Thailand;THA;Pattani;Sai Buri;6.70259;101.57518;NB;SEP;REG;VERL;IED;;SK;POL;;;;;;5;;;;;;;;;;
;7/10/21;Horn Observer , Hiiraan Online;https://hornobserver.com/articles/1145/Mogadishu-police-commissioner-survives-attack-in-capital-Mogadishu , https://hornobserver.com/articles/1146/Two-blasts-kill-more-than-five-in-southern-Somalia , https://www.hiiraan.com/news/2021/July/wararka_maanta10-178128.htm?utm_source=hiiraan&utm_medium=WararkaMaantaFront , https://www.hiiraan.com/news4/2021/July/183203/at_least_9_killed_in_mogadishu_suicide_car_bombing.aspx?utm_source=hiiraan&utm_medium=SomaliNewsUpdateFront;Afrika;Somalia;SOM;Mogadishu;Hodan, Banadir junction;2.03195;45.30595;Al-Shabaab;REMO;NAT;TÖT;IED;Selbstmordanschlag;SK;POL;Konvoi des Polizeichefs;4;4;;5;5;;;Verteilung der Opfer auf Zivilisten und Sicherheitskräfte unklar;;;;;;;
;7/10/21;Somali Guardian;https://somaliguardian.com/news/mortar-attack-on-somalias-presidential-palace-injures-3/;Afrika;Somalia;SOM;Mogadishu;Wardhigley, Villa Somalia;2.04100;45.33681;Al-Shabaab;REMO;NAT;VERL;RAM;Mörser;ZIV;GOV;Präsidentenpalast;;3;;;;;;"Ziel unklar; Möglicherweise Todesopfer";;;;;;;
;7/10/21;Horn Observer;https://hornobserver.com/articles/1146/Two-blasts-kill-more-than-five-in-southern-Somalia;Afrika;Somalia;SOM;Lower Shabelle;Janale-Marka road;1.75792;44.73800;NB;NB;NB;TÖT;IED;Bombe am Straßenrand;SK;MIL;Militärkonvoi;1;;;;1;;;;;;;;;;
;7/10/21;NINA;https://www.ninanews.com/Website/News/Details?key=914739;Naher & Mittlerer Osten;Irak;IRQ;Anbar;Rutba, Saqlawiya;33.21230;41.95270;NB;NB;NB;;IED;;SK;MIL;Konvoi der internationalen Koalition;;;;;;;;;;;;;;;
;7/10/21;NINA;https://www.ninanews.com/Website/News/Details?key=914814;Naher & Mittlerer Osten;Irak;IRQ;Basra;Basra ;30.5291 ;47.7795;NB;NB;NB;TÖT;FW;;ZIV;GOV;Anwalt;1;;;;;;;;;;;;;;
;7/11/21;Radio Okapi;https://www.radiookapi.net/2021/07/12/actualite/securite/ituri-3-morts-dans-une-embuscade-des-miliciens-codeco-djugu;Afrika;DR Kongo;COD;Ituri;Djugu, Thali;1,70915;30,53323;CODECO;SEP;REG;TÖT;FW;;ZIV;PP;;3;;;;;;;;;;;;;;
;7/11/21;Crisis Group;https://www.crisisgroup.org/crisiswatch/database?location%5B0%5D=27&crisis_state=&created=custom&from_month=1&from_year=2021&to_month=12&to_year=2021&page=0;Afrika;Niger;NER;Tillaberi;Ouallam, Tchoma Bangou;14.31575;2.08477;ISGS;REMO;TRANS;TÖT;FW;;SK;MIL;Dorf;5;;;4;;;;;;;;;;;
;7/11/21;Meir Amit Intelligence and Terrorism Information Center;https://www.terrorism-info.org.il/en/spotlight-on-global-jihad-july-8-14-2021/;Naher & Mittlerer Osten ;Syrien;SYR;Ar-Raqqa;Al-Thawrah, Resafa desert;35.57533;38.96743;ISIS;REMO;TRANS;TÖT;FW;Angriff auf Motorrädern;SK;MIL;Mehrere Armeestützpunkte;;;;3;5;;;;;;;;;;
;7/11/21;SATP;https://satp.org/terrorist-activity/india-Jul-2021;Südostasien;Indien;IND;Bijapur;Ambeli;19,0902;80,7672;CPI-M;SOZ;NAT;TÖT;SON;;ZIV;PP;;1;;;;;;;;;;;;;;
;7/11/21;SATP;https://satp.org/terrorist-activity/pakistan-Jul-2021;Naher & Mittlerer Osten;Pakistan;PAK;Khyber Pakhtunkhwa ;Ghoriwala town ;32.90555;70.72777;NB;NB;NB;VERL;IED;;SK;POL;;;;;;3;;;;;;;;;;
;7/11/21;NINA;https://www.ninanews.com/Website/News/Details?key=914945;Naher & Mittlerer Osten;Irak;IRQ;Basra;Basra ;30.5291 ;47.7795;NB;NB;NB;;IED;;SK;MIL;Konvoi der internationalen Koalition;;;;;;;;;;;;;;;
;7/11/21;NINA;https://www.ninanews.com/Website/News/Details?key=914999;Naher & Mittlerer Osten;Irak;IRQ;Babil;Mahaweel;32.6446;44.4181;NB;NB;NB;TÖT;FW;;ZIV;UNT;Stellvertretender Direktor von Bank;1;;;;;;;;;;;;;;
;7/11/21;NINA;https://www.ninanews.com/Website/News/Details?key=915015;Naher & Mittlerer Osten;Irak;IRQ;Qadisiyah;Diwaniyah;32.2535; 44.9396;NB;NB;NB;;IED;;SK;MIL;Konvoi der internationalen Koalition;;;;;;;;;;;;;;;
;7/12/21;Meir Amit Intelligence and Terrorism Information Center;https://www.terrorism-info.org.il/en/spotlight-on-global-jihad-july-8-14-2021/;Naher & Mittlerer Osten ;Syrien;SYR;Homs;Tadmur;34.45302;38.72044;ISIS;REMO;TRANS;TÖT;IED;Mine;SK;MLZ;Regierungs-freundliche Miliz;;;;1;3;;;;;;;;;;
;7/12/21;ACLED;https://www.caboligado.com/reports/cabo-ligado-weekly-12-18-july-2021;Afrika;Mosambik;MOZ;Cabo Delgado;Palma, Ncumbi;-10,86014;40,37615;ISCAP;REMO;TRANS;ZERS;FW;;ZIV;PP;;;;;;;;;Keine Personenschäden angegeben;;;;;;;
;7/12/21;Radio Okapi;https://www.radiookapi.net/2021/07/13/actualite/securite/ituri-18-corps-sans-vie-decouverts-dans-trois-villages-de-walesse;Afrika;DR Kongo;COD;Ituri;Irumu;1,33114;29,67449;ISCAP;REMO;TRANS;TÖT;SON;;ZIV;PP;Dörfer;18;;;;;;;Geköpft;;;;;;;
;7/12/21;SATP;https://www.satp.org/terrorist-activity/afghanistan-Jul-2021;Naher & Mittlerer Osten;Afghanistan;AFG ;Helmand;Lashkargah, D3, Bolan;31,6147;64,4236;NB;NB;NB;TÖT;IED;;ZIV;PP;;3;6;;;;;;;;;;;;;
;7/12/21;NINA;https://www.ninanews.com/Website/News/Details?key=915023;Naher & Mittlerer Osten;Irak;IRQ;Maysan;Musharrah;31.82754;47.43145;NB;NB;NB;TÖT;FW;;ZIV;VIP;"Scheich ""Tahseen Khaled Jabr Al-Ali"", der Sohn des Emirs des Bani Kaab-Stammes";1;;;;;;;;;;;;;;
;7/12/21;NINA;https://www.ninanews.com/Website/News/Details?key=915055;Naher & Mittlerer Osten;Irak;IRQ;Nineveh;Qayyarah, Hamdaniya, Safina;35.98037;43.33918;NB;NB;NB;VERL;IED;;ZIV;PP;;;1;;;;;;;;;;;;;
;7/12/21;NINA;https://www.ninanews.com/Website/News/Details?key=915075;Naher & Mittlerer Osten;Irak;IRQ;Diyala;Khanaqin, Hamrin Basin;34.10644;45.04152;NB;NB;NB;ZERS;IED;;ZIV;KI;Energieversorgung;;;;;;;2 Hochspannungsmasten zerstört;;;;;;;;
;7/12/21;NINA;https://www.ninanews.com/Website/News/Details?key=915078;Naher & Mittlerer Osten;Irak;IRQ;Maysan;Amarah, Amarah;31.83455; 47.14645;NB;NB;NB;ZERS;FW;;ZIV;GOV;Kandidat für die Parlamentswahl;;;;;;;;;;;;;;;
;7/13/21;Crisis Group;https://www.crisisgroup.org/crisiswatch/database?location%5B0%5D=83&crisis_state=&created=custom&from_month=1&from_year=2021&to_month=12&to_year=2021&page=0;Naher & Mittlerer Osten ;Syrien;SYR;Ar-Raqqa;;35.99200;39.20406;ISIS;REMO;TRANS;TÖT;FW;;SK;MIL;Soldaten der Regierung und verbündete Milizionäre;;;;5;;;;;;;;;;;
;7/13/21;SATP;https://satp.org/terrorist-activity/india-Jul-2021;Südostasien;Indien;IND;Gumla;Kurumgarh;23,183;84,347;CPI-M;SOZ;NAT;VERL;IED;;SK;POL;;;;;;1;;;;;;;;;;
;7/13/21;SATP;https://www.satp.org/terrorist-activity/afghanistan-Jul-2021;Naher & Mittlerer Osten;Afghanistan;AFG ;Kabul ;Kabul city, PD1, Jade Maiwand;34,5251;69,1763;NB;NB;NB;TÖT;IED;;ZIV;PP;;4;11;;;;;;;;;;;;;
;7/13/21;Radio Okapi;https://www.radiookapi.net/2021/07/14/actualite/securite/beni-trois-morts-dans-une-incursion-dhommes-armes-au-village-musangwa;Afrika;DR Kongo;COD;Nord-Kivu;Beni, Musangwa;0,78612;29,38520;Mai-Mai;SEP;REG;TÖT;FW;;ZIV;PP;;3;;;;;;;;;;;;;;
;7/13/21;NINA;https://www.ninanews.com/Website/News/Details?key=915280;Naher & Mittlerer Osten;Irak;IRQ;Kirkuk;Al-Rashad, Khadiya;35.00715;44.06204;ISIS;REMO;TRANS;TÖT;FW;;SK;POL;;;;;1;;;;;;;;;;;
;7/14/21;U.S. Embassy in Cameroon;https://cm.usembassy.gov/2021-country-reports-on-human-rights-practices-cameroon/;Afrika;Kamerun;CMR;Ouest;Bamboutos, Babadjou;5,67869;10,20523;Amba Boys;SEP;REG;TÖT;FW;;SK;POL;Sicherheits Kontrollposten;;;;2;;;;;;;;;;;
;7/14/21;SATP;https://satp.org/terrorist-activity/india-Jul-2021;Südostasien;Indien;IND;East Jaintia Hills;Khliehriat;25,3571;92,3636;Hynniewtrep National Liberation Council;SEP;REG;VERL;IED;;SK;MIL;;;;;;1;;;;;;;;;;
;7/14/21;SATP;https://satp.org/terrorist-activity/pakistan-Jul-2021;Naher & Mittlerer Osten;Pakistan;PAK;Khyber Pakhtunkhwa ;Dasu;35.31726;73.19327;NB;NB;NB;TÖT;IED;;SK;MIL;Chinese and Pakistani convoy;;;;13;;;;;;;;;;;
;7/14/21;SATP;https://www.satp.org/terrorist-activity/afghanistan-Jul-2021;Naher & Mittlerer Osten;Afghanistan;AFG ;Takhar;Taloqan, Sarai Sang;36,7292;69,553;Taliban;REMO;NAT;TÖT;FW;;ZIV;PP;;2;;;;;;;;;;;;;;
;7/14/21;NINA;https://www.ninanews.com/Website/News/Details?key=915653;Naher & Mittlerer Osten;Irak;IRQ;Nineveh;Qarraj, Shayala ;35.67670;43.36947;ISIS;REMO;TRANS;TÖT;FW;;ZIV;PP;Farmer;1;;;;;;;;;;;;;;
;7/14/21;NINA;https://www.ninanews.com/Website/News/Details?key=915660;Naher & Mittlerer Osten;Irak;IRQ;Nineveh;Mosul, Sheikh Yunis;36.25120; 43.20073;NB;NB;NB;VERL;IED;;SK;MLZ;PMF Patrouille;;;;;8;;;;;;;;;;
;7/15/21;Radio Okapi;https://www.radiookapi.net/2021/07/17/actualite/securite/ituri-3-morts-dans-une-nouvelle-attaque-de-la-milice-fpic;Afrika;DR Kongo;COD;Ituri;Irumu, RN27 road/Kabarole;1,51900;30,14530;FPIC;SEP;REG;TÖT;FW;;ZIV;PP;;7;;;;;;;1 Person geköpft;;;;;;;
;7/15/21;U.S. Dept. of State , Actualite;https://www.state.gov/reports/2021-country-reports-on-human-rights-practices/democratic-republic-of-the-congo/ , https://actualite.cd/2021/07/16/rdc-beni-5-morts-dans-une-nouvelle-attaque-armee-kalunguta;Afrika;DR Kongo;COD;Nord-Kivu;Beni, Beni-Butembo road, Kalunguta;0,32308;29,35468;ISCAP;REMO;TRANS;TÖT;FW;;ZIV;PP;;5;;4;;;;2 Händlerfahrzeuge, 12 Häuser und mehrere Geschäfte in Brand gesteckt;"""abducted numerous individuals""";;;;;;;
;7/15/21;Radio Okapi;https://www.radiookapi.net/2021/07/17/actualite/securite/nord-kivu-2-cadres-de-la-societe-civile-tues-beni;Afrika;DR Kongo;COD;Nord-Kivu;Beni, Kalunguta;0,32186;29,35581;ISCAP;REMO;TRANS;TÖT;FW;;ZIV;VIP;Präsident Bürgergesellschaft;2;;;;;;;;;;;;;;
;7/15/21;ACLED;https://www.caboligado.com/reports/cabo-ligado-weekly-12-18-july-2021;Afrika;Mosambik;MOZ;Cabo Delgado;Macomia, 5º Congresso;-12,02148;40,14632;NB;REMO;REG;TÖT;FW;;ZIV;PP;;6;;;;;;;;;;;;;;
;7/15/21;SATP , globalvillagespace;https://satp.org/terrorist-activity/pakistan-Jul-2021 , https://www.globalvillagespace.com/terrorist-attack-in-khuda-bux-bazar-near-pasni-balochistan/;Naher & Mittlerer Osten;Pakistan;PAK;Balochistan;Khuda Bux Bazar ;24,8565721;67,0158318;NB;NB;NB;TÖT;IED;;SK;MIL;;;;;3;;;;;;;;;;;
;7/15/21;Radio Okapi;https://www.radiookapi.net/2021/07/16/actualite/securite/ituri-4-personnes-tuees-lors-dune-attaque-par-des-inconnus-ngwadi;Afrika;DR Kongo;COD;Ituri;Irumu, Ngwadi;1,46870;30,05029;NB;NB;NB;TÖT;FW;;ZIV;TI;Öffentliches Verkehrsmittel;4;2;;;;;;;;;;;;;
;7/15/21;Radio Okapi;https://www.radiookapi.net/2021/07/17/actualite/securite/nord-kivu-2-cadres-de-la-societe-civile-tues-beni;Afrika;DR Kongo;COD;Nord-Kivu;Beni, Karuruma;0,02746;29,52266;NB;NB;NB;TÖT;FW;;ZIV;VIP;Vizepräsident Bürgergesellschaft;1;;;;;;;;;;;;;;
;7/15/21;Crisis Group;https://www.crisisgroup.org/crisiswatch/database?location%5B0%5D=28&crisis_state=&created=custom&from_month=1&from_year=2021&to_month=12&to_year=2021&page=0;Afrika;Nigeria;NGA;Abuja;;9.17400;7.68360;NB;NB;NB;TÖT;FW;;SK;MIL;Major General;;;;1;;;;;;;;;;;
;7/15/21;Daily Sabah;https://www.dailysabah.com/politics/us-backed-ypg-kills-2-civilians-wounds-10-in-syrias-afrin/news;Naher & Mittlerer Osten ;Syrien;SYR;Aleppo;Afrin city;36.51465;36.86912;YPG;SEP;REG;TÖT;RAM;Raketen;ZIV;PP;;2;10;;;;;;;;;;;;;
;7/15/21;NINA;https://www.ninanews.com/Website/News/Details?key=915841;Naher & Mittlerer Osten;Irak;IRQ;Babil;Musayib, Jurf Al-Nasr;32.97960;44.15060;NB;NB;NB;VERL;IED;;SK;MLZ;PMF Checkpoint;;;;;2;;;;;;;;;;
;7/16/21;SATP;https://satp.org/terrorist-activity/india-Jul-2021;Südostasien;Indien;IND;Bijapur;Nukanpal;18,839;80,8151;CPI-M;SOZ;NAT;TÖT;SON;;ZIV;PP;;1;;;;;;;;;;;;;;
;7/16/21;SATP;https://satp.org/terrorist-activity/india-Jul-2021;Südostasien;Indien;IND;Gariabandh;Aama Mora;20,1332;82,3016;CPI-M;SOZ;NAT;TÖT;SON;;ZIV;PP;;1;;;;;;;;;;;;;;
;7/16/21;Radio Okapi;https://www.radiookapi.net/2021/07/17/actualite/securite/beni-4-morts-dans-une-attaque-des-adf-mayimoya;Afrika;DR Kongo;COD;Nord-Kivu;Beni, Mayimoya;0,77176;29,56953;ISCAP;REMO;TRANS;TÖT;SON;;ZIV;PP;Bauern;4;;;;;;;;;;;;;;
;7/16/21;U.S. Dept of State;https://www.state.gov/reports/2021-country-reports-on-human-rights-practices/burkina-faso;Afrika;Burkina Faso;BFA;Sahel;Séno, Dori-Gorgadji road;14,04119;-0,28823;NB;NB;NB;TÖT;FW;;ZIV;PP;Händler;1;;;;;;Fahrzeug in Brand gesteckt;;;;;;;;
;7/16/21;NINA;https://www.ninanews.com/Website/News/Details?key=916104;Naher & Mittlerer Osten;Irak;IRQ;Maysan;;31.9743;47.2934;NB;NB;NB;ZERS;FW;;ZIV;PP;Rechtsanwalt;;;;;;;Wohnhaus und Fahrzeug beschädigt;;;;;;;;
;7/17/21;ACLED;https://www.caboligado.com/reports/cabo-ligado-weekly-12-18-july-2021 , https://www.caboligado.com/reports/cabo-ligado-weekly-26-july-1-august-2021;Afrika;Mosambik;MOZ;Cabo Delgado;Mocimboa da Praia, Mitope;-11,41123;40,00168;ISCAP;REMO;TRANS;TÖT;SON;;ZIV;PP;;1;;;;;;;Opfer wurde geköpft;;;;;;;
;7/17/21;SATP;https://www.satp.org/terrorist-activity/afghanistan-Jul-2021;Naher & Mittlerer Osten;Afghanistan;AFG ;Samangan ;Samangan city, Aibak city Central Park;36,2764;68,0211;NB;NB;NB;TÖT;IED;;ZIV ;PP;;1;9;;;;;;;;;;;;;
;7/17/21;ACLED;https://www.caboligado.com/reports/cabo-ligado-weekly-19-25-july-2021;Afrika;Mosambik;MOZ;Cabo Delgado;Muidumbe, Nampanha;-11,84974;39,76645;NB;REMO;REG;TÖT;FW;;ZIV;PP;;2;;;;;;;;;;;;;;
;7/17/21;SATP;https://satp.org/terrorist-activity/pakistan-Jul-2021;Naher & Mittlerer Osten;Pakistan ;PAK;Kulachi tehsil ;Takwara;32,14429;70,62761;NB;NB;NB;ZERS;IED;;SK;MIL;;;;;;;;;;;;;;;;
;7/17/21;Crisis Group;https://www.crisisgroup.org/crisiswatch/database?location_region%5B0%5D=1&location%5B0%5D=26&crisis_state=&created=custom&from_month=1&from_year=2021&to_month=12&to_year=2021&page=0;Afrika;Mali;MLI;Koulikoro;;14.12000;-7.56000;NB;NB;NB;ENTF;FW;;ZIV;UNT;Baustelle, 3 chinesische und 2 mauritanische Staatsbürger;;;5;;;;;;;;;;;;
;7/17/21;NINA;https://www.ninanews.com/Website/News/Details?key=916184;Naher & Mittlerer Osten;Irak;IRQ;Kirkuk;Dibis, Idris Arab;35.5337 ;44.17182;ISIS;REMO;TRANS;TÖT;FW;;SK;MIL;Militärposten;;;;4;;;;;;;;;;;
;7/17/21;NINA;https://www.ninanews.com/Website/News/Details?key=916296;Naher & Mittlerer Osten;Irak;IRQ;Nineveh;Mosul, Sheikhan, Zilkan;36.4704 ;43.2254;NB;NB;NB;VERL;IED;;SK;MIL;Türkischer Militärkonvoi;;;;;2;;;;;;;;;;
;7/18/21;U.S. Embassy in Cameroon;https://cm.usembassy.gov/2021-country-reports-on-human-rights-practices-cameroon/;Afrika;Kamerun;CMR;Nord-Ouest;Mezam, Bali;5,88700;10,01703;Amba Boys;SEP;REG;TÖT;IED;IED und Schüsse;SK;POL;Sicherheits Kontrollposten;;;;5;;;;;;;;;;;
;7/18/21;SATP;https://satp.org/terrorist-activity/india-Jul-2021;Südostasien;Indien;IND;Chhattisgarh;Sukma;18,1737;81,2734;CPI-M;SOZ;NAT;ENTF;SON;;ZIV;PP;;;;11;;;;;Alle Personen nach 2 Tagen freigelassen;;;;;;;
;7/18/21;ACLED;https://www.caboligado.com/reports/cabo-ligado-weekly-19-25-july-2021;Afrika;Mosambik;MOZ;Cabo Delgado;Muidumbe, Mandava;-11,89880;39,81750;ISCAP;REMO;TRANS;ZERS;FW;;ZIV;PP;;;;;;;;;Keine Personenschäden angegeben;;;;;;;
;7/18/21;SATP;https://www.satp.org/terrorist-activity/afghanistan-Jul-2021;Naher & Mittlerer Osten;Afghanistan;AFG ;Kandahar;Arghistan, Arghistan-Kandahar road;31,497;66,6597;NB;NB;NB;TÖT;IED;;ZIV;PP;;5;;;;;;;;;;;;;;
;7/18/21;NINA;https://www.ninanews.com/Website/News/Details?key=916353;Naher & Mittlerer Osten;Irak;IRQ;Diyala;Muqdadiyah ;33.98621;44.92842;ISIS;REMO;TRANS;VERL;FW;;SK;MIL;Militärposten;;;;;3;;;;;;;;;;
;7/19/21;Meir Amit Intelligence and Terrorism Information Center;https://www.terrorism-info.org.il/en/spotlight-on-global-jihad-july-15-21-2021/;Naher & Mittlerer Osten ;Syrien;SYR;Homs;Tadmur;34.45302;38.72044;ISIS;REMO;TRANS;TÖT;FW;Hinterhalt;SK;MIL;Syrische Soldaten;;;;4;;;;;;;;;;;
;7/19/21;Actualite;https://actualite.cd/2021/07/19/beni-3-civils-tues-dans-une-nouvelle-attaque-pres-de-mayi-moya;Afrika;DR Kongo;COD;Nord-Kivu;Beni, Samboko-Mayimoya road;0,78820;29,55090;ISCAP;REMO;TRANS;TÖT;FW;Hinterhalt;ZIV;PP;;3;;;;;;;;;;;;;;
;7/19/21;ACLED;https://www.caboligado.com/reports/cabo-ligado-weekly-19-25-july-2021;Afrika;Mosambik;MOZ;Cabo Delgado;Muidumbe, Namande;-11,82980;39,74307;NB;REMO;REG;TÖT;FW;;ZIV;PP;;3;;;;;;;;;;;;;;
;7/19/21;SATP;https://satp.org/terrorist-activity/pakistan-Jul-2021;Naher & Mittlerer Osten;Pakistan ;PAK;Peshawar;Chamkani Police station;34,0189278;71,6505095;NB;NB;NB;TÖT;FW;;SK;POL;;;;;1;;;;;;;;;;;
;7/19/21;NINA;https://www.ninanews.com/Website/News/Details?key=916705 , https://www.ninanews.com/Website/News/Details?key=916715 , https://www.ninanews.com/Website/News/Details?key=916770 , https://www.ninanews.com/Website/News/Details?key=916834;Naher & Mittlerer Osten;Irak;IRQ;Baghdad;Baghdad, Sadr City;33.39007;44.45661;ISIS;REMO;TRANS;TÖT;IED;Selbstmordattentäter;ZIV;REL;Schiitisches Stadtviertel;30;50;;;;;;;;;;;;;
;7/20/21;SATP;https://satp.org/terrorist-activity/india-Jul-2021;Südostasien;Indien;IND;Bijapur;Padeda;18,7884;80,9667;CPI-M;SOZ;NAT;TÖT;SON;;ZIV;PP;Ehem. Mitglied von CPI-Maoist;1;;;;;;;;;;;;;;
;7/20/21;SATP;https://satp.org/terrorist-activity/india-Jul-2021;Südostasien;Indien;IND;Narayanpur;Aamdai Valley;19,4604;81,2755;CPI-M;SOZ;NAT;TÖT;FW;;SK;POL;;;;;1;1;;;;;;;;;;
;7/20/21;SATP , Aljazeera;https://www.satp.org/terrorist-activity/afghanistan-Jul-2021 , https://www.aljazeera.com/news/2021/7/20/rockets-land-near-afghan-presidents-house-during-eid-prayers-tv;Naher & Mittlerer Osten;Afghanistan;AFG ;Kabul;Kabul city, Presidential Palace (Arg);34,5255;69,1767;ISKP;REMO;TRANS;ZERS;RAM;;ZIV;GOV;;;;;;;;;Opferzahl von SATP nicht gesichert;;;;;;;
;7/20/21;SATP;https://satp.org/terrorist-activity/india-Jul-2021;Südostasien;Indien;IND;Anantnag;Verinag;33,5376;75,2443;Jaish-e Mohammed ;REMO;REG;VERL;FW;;SK;POL;Head Constable of Police;;2;;;;;;;;;;;;;
;7/20/21;SATP;https://satp.org/terrorist-activity/india-Jul-2021;Südostasien;Indien;IND;Srinigar;Saida Kadal;34,1045;74,8306;NB;NB;NB;ZERS;FW;;SK;POL;;;;;;;;;;;;;;;;
;7/20/21;Crisis24;https://crisis24.garda.com/alerts/2021/07/mali-militant-attack-in-mopti-region-leaves-3-civilians-dead-july-20-21;Afrika;Mali;MLI;Mopti;Bandiagara, Goundaka;14.50027;-3.94690;NB;NB;NB;TÖT;FW;;ZIV;PP;;3;;;;;;Polizeiposten und Wohnhäuser in Brand gesteckt;;;;;;;;
;7/20/21;NINA;https://www.ninanews.com/Website/News/Details?key=916894;Naher & Mittlerer Osten;Irak;IRQ;Dhi Qar;Nasiriyah, Al-Montazah;31.03933;46.24497;NB;NB;NB;ZERS;IED;;ZIV;VIP;Bürgeraktivist;;;;;;;Wohnhaus beschädigt;;;;;;;;
;7/21/21;Radio Okapi;https://www.radiookapi.net/2021/07/22/actualite/securite/tanganyika-une-femme-enlevee-apres-laffrontement-entre-les-fardc-et-la;Afrika;DR Kongo;COD;Tanganyika;Nyunzu, Kisengo/Yoveli;-5,69900;28,29560;Apa na Pale (Twa, Mai-Mai);SEP;REG;VERL;SON;;ZIV;PP;;;4;1;;;;In Yoveli wurden Häuser in Brand gesteckt;;;;;;;;
;7/21/21;U.S. Dept of State;https://www.state.gov/reports/2021-report-on-international-religious-freedom/burkina-faso/;Afrika;Burkina Faso;BFA;Est;Tapoa, Boudieri;12,31656;1,65704;NB;NB;NB;TÖT;FW;;ZIV;REL;Vor Moschee;1;;;;;;;Knapp 8 Monate vorher entführt;;;;;;;
;7/21/21;ACLED;https://www.caboligado.com/reports/cabo-ligado-weekly-19-25-july-2021;Afrika;Mosambik;MOZ;Cabo Delgado;Nangade, Nova Familia;-11,16090;39,79520;NB;REMO;REG;ZERS;BRA;;ZIV;PP;;;;;;;;Wohnhäuser in Brand gesetzt;Einwohner zuvor geflohen;;;;;;;
;7/21/21;U.S. Dept. of State;https://www.state.gov/reports/2021-report-on-international-religious-freedom/somalia/;Afrika;Somalia;SOM;Mogadishu;Aden Adde International Airport;2.01416;45.30406;Al-Shabaab;REMO;NAT;VERL;RAM;Mörser;ZIV;NGO;UN-Angestellte;;2;;;;;;;;;;;;;
;7/21/21;NINA;https://www.ninanews.com/Website/News/Details?key=916903;Naher & Mittlerer Osten;Irak;IRQ;Saladin;Tuz, Mutaibija Desert;35.0072 ;44.8575;ISIS;REMO;TRANS;TÖT;FW;;SK;MIL;;;;;3;3;;;"""the death and injury of a number of members of the armed forces""";;;;;;;
;7/21/21;NINA;https://www.ninanews.com/Website/News/Details?key=916906;Naher & Mittlerer Osten;Irak;IRQ;Diyala;Khanaqin, Jalawla ;34.27183;45.17140;NB;NB;NB;ZERS;IED;;SK;POL;;;;;;;;Wohnhaus beschädigt;;;;;;;;
;7/22/21;Radio Okapi , Associated Press;https://www.radiookapi.net/2021/07/23/actualite/securite/beni-au-moins-16-morts-dans-une-nouvelle-attaque-des-adf , https://apnews.com/article/africa-9125a97eb254fca25ff71cd09c31cb1d;Afrika;DR Kongo;COD;Nord-Kivu;Beni, Mayimoya-Chanichani road;0,78820;29,55090;ISCAP;REMO;TRANS;TÖT;FW;;ZIV;TI;Truck mit Gütern und Passagieren;16;8;;;;;Truck in Brand gesetzt;;;;;;;;
;7/22/21;Actualite;https://actualite.cd/2021/07/23/beni-deux-blesses-dans-lexplosion-dune-bombe-pres-de-halungupa;Afrika;DR Kongo;COD;Nord-Kivu;Beni, Ruwenzori, Kanzanza;0,35928;29,70892;ISCAP;REMO;TRANS;VERL;IED;;ZIV;PP;;;2;;;;;;;;;;;;;
;7/22/21;SATP;https://www.satp.org/terrorist-activity/afghanistan-Jul-2021;Naher & Mittlerer Osten;Afghanistan;AFG ;Nangarhar;Khogyani;33,556;68,2985;NB;NB;NB;TÖT;IED;;ZIV;VIP;tribal elders;6;;;;;;;;;;;;;;
;7/22/21;ACLED;https://www.caboligado.com/reports/cabo-ligado-weekly-19-25-july-2021;Afrika;Mosambik;MOZ;Cabo Delgado;Nangade, Mandimba;-10,93677;39,84934;NB;REMO;REG;ZERS;BRA;;ZIV;PP;;;;;;;;Wohnhäuser in Brand gesetzt;Einwohner zuvor geflohen;;;;;;;
;7/22/21;SATP , Tolo News;https://www.satp.org/terrorist-activity/afghanistan-Jul-2021 , https://tolonews.com/afghanistan-173674;Naher & Mittlerer Osten;Afghanistan;AFG ;Kandahar;Spin Boldak;31,0875;66,2622;Taliban;REMO;NAT;TÖT;FW;;ZIV;PP;;100;;;;;;;;;;;;;;
;7/23/21;U.S. Embassy in Cameroon;https://cm.usembassy.gov/2021-country-reports-on-human-rights-practices-cameroon/;Afrika;Kamerun;CMR;Sud-Ouest;Ndian, Ekondo Titi;4,60183;9,03664;Amba Boys;SEP;REG;TÖT;FW;;ZIV;PP;Ehem. Terrorist;1;;;;;;;;;;;;;;
;7/23/21;SATP;https://satp.org/terrorist-activity/india-Jul-2021;Südostasien;Indien;IND;Pulwama;Lurgam;33,9711;75,0917;NB;NB;NB;TÖT;FW;;ZIV;EDU;;1;;;;;;;;;;;;;;
;7/23/21;SATP;https://satp.org/terrorist-activity/india-Jul-2021;Südostasien;Indien;IND;Poonch;Krishna Ghati;33,7673;74,0915;NB;NB;NB;TÖT;IED;;SK;MIL;;;;;1;1;;;;;;;;;;
;7/23/21;SATP;https://www.satp.org/terrorist-activity/afghanistan-Jul-2021;Naher & Mittlerer Osten;Afghanistan;AFG ;Shakar Dara;Haji Paik;34,6799;69,0869;Taliban;REMO;NAT;TÖT;FW;;SK;POL ;;1;;;4;;;;;;;;;;;
;7/23/21;NINA;https://www.ninanews.com/Website/News/Details?key=917140;Naher & Mittlerer Osten;Irak;IRQ;Anbar;Rutba, Rutba;32.822;39.672;ISIS;REMO;TRANS;TÖT;FW;;SK;MIL;Militärposten;;;;3;;;;;;;;;;;
;7/23/21;NINA;https://www.ninanews.com/Website/News/Details?key=917169;Naher & Mittlerer Osten;Irak;IRQ;Nineveh;Mosul, Hammam al-Alil;36.16311;43.25301;NB;NB;NB;TÖT;FW;Schüsse aus fahrendem Auto;ZIV;PP;;1;1;;;;;;;;;;;;;
;7/24/21;Radio Okapi;https://www.radiookapi.net/2021/07/25/actualite/securite/ituri-5-personnes-tuees-lors-dune-incursion-des-adf-luna;Afrika;DR Kongo;COD;Ituri;Irumu, Luna-Samboko;0,85600;29,50040;ISCAP;REMO;TRANS;TÖT;FW;;ZIV;PP;Dorf;5;;;;;;Geschäfte und Wohnhäuser beschädigt;;;;;;;;
;7/24/21;ACLED;https://www.caboligado.com/reports/cabo-ligado-weekly-19-25-july-2021;Afrika;Mosambik;MOZ;Cabo Delgado;Mocimboa da Praia, Panjele;-11,46691;39,90581;NB;REMO;REG;TÖT;FW;;ZIV;PP;;3;;;;;;Wohnhäuser in Brand gesetzt;"Todeszahl Schätzung: ""(…) an unknown number of civilians were killed (…).""";;;;;;;
;7/24/21;Reuters , U.S. Embassy in Cameroon;https://www.reuters.com/world/africa/least-six-cameroonian-soldiers-killed-raid-by-islamist-insurgents-2021-07-24/ , https://www.reuters.com/world/africa/attackers-kill-five-soldiers-one-civilian-north-cameroon-say-officials-2021-07-27/ , https://cm.usembassy.gov/2021-country-reports-on-human-rights-practices-cameroon/;Afrika;Kamerun;CMR;Extrême-Nord;Logone-Et-Chari, Sagme;12,52608;14,27429;ISWAP;REMO;TRANS;TÖT;FW;Schweres Gerät;SK;MIL;Armee Außenposten;;;;8;13;;;;;;;;;;
;7/24/21;NINA;https://www.ninanews.com/Website/News/Details?key=917287;Naher & Mittlerer Osten;Irak;IRQ;Kirkuk;Daquq, Garha Gazan;35.19654;44.00531;ISIS;REMO;TRANS;TÖT;FW;;SK;POL;Checkpoint;;;;3;1;;;;;;;;;;
;7/24/21;NINA;https://www.ninanews.com/Website/News/Details?key=917286;Naher & Mittlerer Osten;Irak;IRQ;Diyala;Al-Saadiya, Rabia;34.14545; 45.14087;NB;NB;NB;TÖT;FW;;ZIV;PP;;1;1;1;;;;;;;;;;;;
;7/24/21;NINA;https://www.ninanews.com/Website/News/Details?key=917313;Naher & Mittlerer Osten;Irak;IRQ;Erbil;Iraqi Kurdistan ;36.4798,;44.3985;NB;NB;NB;;SON;Drohnenangriff;SK;MIL;Internationale Koalitionstruppen;;;;;;;;;;;;;;;
;7/25/21;SATP;https://satp.org/terrorist-activity/india-Jul-2021;Südostasien;Indien;IND;Garwah;Ghaghari;24,2149;83,4021;CPI-M;SOZ;NAT;ZERS;BRA;;ZIV;UNT;;;;;;;;6 construction vehicles angezündet;;;;;;;;
;7/25/21;SATP;https://satp.org/terrorist-activity/pakistan-Jul-2021;Naher & Mittlerer Osten;Pakistan ;PAK;Balochistan;Johan Gazg ;29.01666;66.58333;United Baloch Army;SEP;REG;ZERS;IED;;ZIV;KI;;;;;;;;;;;;;;;;
;7/25/21;Anadolu Ajansi , Bliking Läns Tidning;https://www.aa.com.tr/en/africa/18-killed-in-fresh-attack-in-western-niger/2318600 , https://www.blt.se/artikel/flera-civila-doda-i-motorcykelattack-i-niger/;Afrika;Niger;NER;Tillaberi;Ouallam, Banibangou, Wiye;15.01998;2.77644;NB;NB;NB;TÖT;FW;;ZIV;PP;;14;;;;;;;;;;;;;;
;7/25/21;NINA;https://www.ninanews.com/Website/News/Details?key=917696;Naher & Mittlerer Osten;Irak;IRQ;Kirkuk;Hawija, Shumait - Abbagheh;35.28795;43.49590;ISIS;REMO;TRANS;ZERS;RAM;Rakete;ZIV;ÖP;Dorf;;;;;;;;;;;;;;;
;7/26/21;Radio Okapi;https://www.radiookapi.net/2021/07/27/actualite/securite/ruwenzori-une-personne-tuee-et-dautres-disparues-dans-une-incursion;Afrika;DR Kongo;COD;Nord-Kivu;Beni, Kilya;0,38874;29,59378;ISCAP;REMO;TRANS;TÖT;FW;;ZIV;PP;Dorf;1;1;3;;;;;"""(…) others were reportedly taken hostage.""";;;;;;;
;7/26/21;NINA;https://www.ninanews.com/Website/News/Details?key=917526;Naher & Mittlerer Osten;Irak;IRQ;Basra;Al-Zubair;30.2881;47.5111;NB;NB;NB;TÖT;FW;;ZIV;PP;Sohn eines Bürgeraktivisten;1;;;;;;;;;;;;;;
;7/26/21;NINA;https://www.ninanews.com/Website/News/Details?key=917868 , https://www.ninanews.com/Website/News/Details?key=917890;Naher & Mittlerer Osten;Irak;IRQ;Najaf;Najaf, Al-Diouk camp;32.01939;44.31923;NB;NB;NB;VERL;SON;Drohnenangriff;SK;MIL;Munitionsreserven;;;;;3;;;;;;;;;;
;7/27/21;Radio Okapi;https://www.radiookapi.net/2021/07/28/actualite/securite/beni-6-morts-dans-une-attaque-attribuee-aux-rebelles-adf;Afrika;DR Kongo;COD;Nord-Kivu;Beni, Bulongo;0,32609;29,69288;ISCAP;REMO;TRANS;TÖT;FW;;ZIV;PP;Dorf;6;;;;;;;;;;;;;;
;7/27/21;ACLED;https://www.caboligado.com/reports/cabo-ligado-weekly-26-july-1-august-2021;Afrika;Mosambik;MOZ;Cabo Delgado;Nangade, Chacamba;-11,00125;39,78016;NB;REMO;REG;TÖT;FW;;ZIV;PP;;3;;3;;;;Wohnhäuser in Brand gesetzt;Opfer- und Entführungszahlen konservativ geschätzt;;;;;;;
;7/27/21;SATP;https://www.satp.org/terrorist-activity/afghanistan-Jul-2021;Naher & Mittlerer Osten;Afghanistan;AFG ;Kandahar;Khasha Jawan;31,4999;65,8481;Taliban;REMO;NAT;TÖT;FW;;ZIV;VIP;;1;;;;;;;;;;;;;;
;7/27/21;Reuters;https://www.reuters.com/world/africa/attackers-kill-five-soldiers-one-civilian-north-cameroon-say-officials-2021-07-27/;Afrika;Kamerun;CMR;Extrême-Nord;Logone-Et-Chari, Zigue;11,78062;14,63507;ISWAP;REMO;TRANS;TÖT;FW;;SK;MIL;Miltär Außenposten;1;;;5;;;;;;;;;;;
;7/27/21;NINA;https://www.ninanews.com/Website/News/Details?key=918022;Naher & Mittlerer Osten;Irak;IRQ;Diyala;Baquba, Mukhaisah;33.91886; 44.76431;ISIS;REMO;TRANS;TÖT;FW;;ZIV;PP;;2;;;;;;;;;;;;;;
;7/28/21;SATP;https://satp.org/terrorist-activity/pakistan-Jul-2021;Naher & Mittlerer Osten;Pakistan ;PAK;Karachi;Shershah;30,0962197;71,3467266;Balochistan Liberation Front ;SEP;REG;VERL;FW;;ZIV;PP;;;1;;;;;;;;;;;;;
;7/28/21;ACLED;https://www.caboligado.com/reports/cabo-ligado-weekly-26-july-1-august-2021;Afrika;Mosambik;MOZ;Cabo Delgado;Mocimboa da Praia, Oasse;-11,51080;40,03231;ISCAP;REMO;TRANS;VERL;FW;;SK;MIL;RDF;;;;;1;;;;;;;;;;
;7/28/21;Meir Amit Intelligence and Terrorism Information Center;https://www.terrorism-info.org.il/en/spotlight-on-global-jihad-july-29-august-4-2021/;Naher & Mittlerer Osten;Afghanistan;AFG ;Kunduz;;37,1448;68,6953;ISKP;REMO;TRANS;TÖT;FW;;SK;POL ;;;;;1;;;;Entführt und executed;;;;;;;
;7/28/21;SATP;https://satp.org/terrorist-activity/india-Jul-2021;Südostasien;Indien;IND;Jammu and Kashmir ;Baramulla, Rafiabad, Drusoo;34,33089;74,38122;NB;NB;NB;ZERS;HGR;;SK;POL;;;;;;;;;Keine Personenschäden;;;;;;;
;7/28/21;SATP;https://satp.org/terrorist-activity/pakistan-Jul-2021;Naher & Mittlerer Osten;Pakistan ;PAK;Turbat town ;Shehrak;26,0027;63,0505;United Baloch Army;SEP;REG;TÖT;FW;;ZIV;PP;;2;;;;;;;;;;;;;;
;7/28/21;Anadolu Ajansi;https://www.aa.com.tr/en/africa/18-killed-in-fresh-attack-in-western-niger/2318600;Afrika;Niger;NER;Tillaberi;Ouallam, Banibangou, Deye Koukou;15.03936;2.70167;NB;NB;NB;TÖT;FW;;ZIV;PP;;18;;;;;;;;;;;;;;
;7/28/21;NINA;https://www.ninanews.com/Website/News/Details?key=918184;Naher & Mittlerer Osten;Irak;IRQ;Diyala;Muqdadiyah, Nahr al-Imam;33.9767 ;44.8699;ISIS;REMO;TRANS;TÖT;FW;;SK;POL;Checkpoint;1;;;;;;;;;;;;;;
;7/28/21;NINA;https://www.ninanews.com/Website/News/Details?key=918227;Naher & Mittlerer Osten;Irak;IRQ;Dhi Qar;Suq al-Shuyukh, Al-Fadhliah;30.8445;46.3105;NB;NB;NB;ZERS;HGR;;ZIV;PP;;;;;;;;Wohnhaus beschädigt;;;;;;;;
;7/29/21;U.S. Dept of State;https://www.state.gov/reports/2021-report-on-international-religious-freedom/burkina-faso/;Afrika;Burkina Faso;BFA;Sahel;Yagha, Wouro Djama;13,12143;0,64227;ISGS;REMO;TRANS;TÖT;FW;;ZIV;REL;"""Liberale"" Muslime";1;;1;;;;;2 entführt, 1 davon öffentlich hingerichtet;;;;;;;
;7/29/21;Actualite;https://actualite.cd/2021/07/30/etat-de-siege-en-ituri-plusieurs-vehicules-des-commercants-incendies-par-les-combattants;Afrika;DR Kongo;COD;Ituri;Irumu, RN4 road, Manzobe;1,15752;29,67055;ISCAP;REMO;TRANS;ZERS;BRA;;ZIV;PP;;;;;;;;6 Fahrzeuge in Brand gesetzt;Keine Personenschäden bekannt;;;;;;;
;7/29/21;U.S. Dept of State;https://www.state.gov/reports/2021-country-reports-on-human-rights-practices/burkina-faso;Afrika;Burkina Faso;BFA;Centre-Nord;Sanmatenga, Barsalogho;13,41383;-1,05659;NB;NB;NB;ENTF;FW;;ZIV;PP;Internally Displaced People Camp;;;2;;;;;;;;;;;;
;7/29/21;Club of Mozambique;https://clubofmozambique.com/news/mozambique-catholic-church-and-primary-school-burned-down-in-cuamba-carta-198188/;Afrika;Mosambik;MOZ;Niassa;Cuamba;-14,45270;36,42930;NB;REMO;REG;ZERS;BRA;;ZIV;REL;Katholische Kirche und Grundschule;;;;;;;Kirche und Grundschule niedergebrannt;Keine personenschäden angegeben;;;;;;;
;7/29/21;Der Standard;https://www.derstandard.de/story/2000128568769/mutmassliche-rebellen-toeten-drei-soldaten-in-paraguay;Lateinamerika;Paraguay;PRY;San Pedro;Landstraße;-24.36;-56.78;Paraguayan People’s Army;SOZ;NAT;TÖT;IED;Ferngezündete Sprengstoffvorrichtung;SK;MIL;;;;;3;;;;;;;;;;;
;7/29/21;NINA;https://www.ninanews.com/Website/News/Details?key=918379 , https://www.ninanews.com/Website/News/Details?key=918418;Naher & Mittlerer Osten;Irak;IRQ;Baghdad;Badhdad, Green Zone;33.30435 ;44.392028;NB;NB;NB;ZERS;RAM;Katyusha Raketen;ZIV;ÖP;Stadt;;;;;;;;;;;;;;;
;7/29/21;NINA;https://www.ninanews.com/Website/News/Details?key=918461;Naher & Mittlerer Osten;Irak;IRQ;Dhi Qar;International Highway;30.89004;46.19060;NB;NB;NB;;IED;;SK;MIL;Konvoi der internationalen Koalition;;;;;;;;;;;;;;;
;7/29/21;NINA;https://www.ninanews.com/Website/News/Details?key=918534;Naher & Mittlerer Osten;Irak;IRQ;Babil;Hilla, Jamea ;32.4950;44.4610;NB;NB;NB;TÖT;FW;;ZIV;PP;;1;;;;;;;;;;;;;;
;7/30/21;U.S. Dept of State;https://www.state.gov/reports/2021-country-reports-on-human-rights-practices/burkina-faso;Afrika;Burkina Faso;BFA;Centre-Nord;Sanmatenga, Barsalogho;13,41383;-1,05659;NB;NB;NB;ENTF;FW;;ZIV;PP;Internally Displaced People Camp;;;40;;;;;;;;;;;;
;7/30/21;SATP;https://satp.org/terrorist-activity/india-Jul-2021;Südostasien;Indien;IND;Baramulla;Khanpora Bridge;34,2083;74,328;NB;NB;NB;VERL;HGR;;SK;MLZ;;;1;;;4;;;;;;;;;;
;7/30/21;ACLED;https://www.caboligado.com/reports/cabo-ligado-weekly-26-july-1-august-2021;Afrika;Mosambik;MOZ;Cabo Delgado;Nangade, Ngongo;-11,09918;39,87569;NB;REMO;REG;TÖT;FW;;ZIV;PP;;1;1;;;;;;;;;;;;;
;7/30/21;SATP;https://satp.org/terrorist-activity/pakistan-Jul-2021;Naher & Mittlerer Osten;Pakistan ;PAK;Peshawar;Karkhano Market ;33,9986962;71,4240571;NB;NB;NB;TÖT;HGR;;SK;POL;;;2;;1;;;;;;;;;;;
;7/30/21;SATP;https://satp.org/terrorist-activity/pakistan-Jul-2021;Naher & Mittlerer Osten;Pakistan ;PAK;Ladha ;Osse Pass ;32,5695863;69,8339093;NB;NB;NB;TÖT;IED;;SK;MIL;;;;;1;7;;;;;;;;;;
;7/30/21;SATP , Reuters;https://www.satp.org/terrorist-activity/afghanistan-Jul-2021 , https://www.reuters.com/world/asia-pacific/taliban-fighters-enter-provincial-capital-clash-with-afghan-forces-2021-07-30/;Naher & Mittlerer Osten;Afghanistan;AFG ;Herat;Herat city;34,3487;62,2021;Taliban;REMO;NAT;TÖT;HGR;RPGs;ZIV;GOV;UN;1;;;;;;;;;;;;;;
;7/30/21;Horn Observer;https://hornobserver.com/articles/1202/Somalia-5-football-players-killed-in-bomb-explosion-in-Kismayo;Afrika;Somalia;SOM;Lower Juba;Kismayo;-0.36024;42.54090;NB;NB;NB;TÖT;IED;;ZIV;VIP;Bus von Fußballteam;5;4;;;;;Bus zerstört;"""(…) and several others were wounded (…).""";;;;;;;
;7/30/21;NINA;https://www.ninanews.com/Website/News/Details?key=918636;Naher & Mittlerer Osten;Irak;IRQ;Baghdad;Tarmiyah ;33.67128;44.39386;ISIS;REMO;TRANS;TÖT;FW;;ZIV;PP;;2;;;;;;;;;;;;;;
;7/30/21;NINA;https://www.ninanews.com/Website/News/Details?key=918581;Naher & Mittlerer Osten;Irak;IRQ;Babil;International Highway;32.56571; 44.56203;NB;NB;NB;;IED;;SK;MIL;Konvoi der internationalen Koalition;;;;;;;;;;;;;;;
;7/31/21;Garowe Online;https://www.garoweonline.com/en/world/africa/al-shabaab-attack-kills-at-least-three-kenyans-in-border-town;Afrika;Kenia;KEN;Mandera;Mandera East, Kamor Bahaw, Fino-Mandera road;3,49590;41,46480;Al-Shabaab;REMO;TRANS;TÖT;FW;;ZIV;PP;;1;2;;;;;;;;;;;;;
;7/31/21;Garowe Online;https://www.garoweonline.com/en/world/africa/al-shabaab-attack-kills-at-least-three-kenyans-in-border-town;Afrika;Kenia;KEN;Mandera;Mandera East, Fino;3,41990;41,43080;Al-Shabaab;REMO;TRANS;TÖT;FW;;ZIV;PP;;2;;;;;;;;;;;;;;
;7/31/21;SATP;https://satp.org/terrorist-activity/india-Jul-2021;Südostasien;Indien;IND;Chhattisgarh;Dhamtari;20,6047;81,7722;CPI-M;SOZ;NAT;TÖT;FW;;ZIV;PP;;1;;;;;;;;;;;;;;
;7/31/21;SATP;https://satp.org/terrorist-activity/india-Jul-2021;Südostasien;Indien;IND;Jamui;Chaura railway halt;24,9086;86,2933;CPI-M;SOZ;NAT;ENTF;FW;Geiselnahme;ZIV;TI;;;;;;;;;;;;;;;;
;7/31/21;SATP;https://satp.org/terrorist-activity/india-Jul-2021;Südostasien;Indien;IND;Tengnoupal;Moreh;24,2512;94,3007;NB;NB;NB;VERL;IED;;SK;POL;;;2;;;;;;;;;;;;;
;7/31/21;SATP;https://satp.org/terrorist-activity/pakistan-Jul-2021;Naher & Mittlerer Osten;Pakistan ;PAK;North Waziristan ;Shawal ;32,6841536;69,5509987;NB;NB;NB;TÖT;IED;;SK;MIL;;;;;1;2;;;;;;;;;;
;7/31/21;SATP;https://satp.org/terrorist-activity/pakistan-Jul-2021;Naher & Mittlerer Osten;Pakistan ;PAK;Ladha;Tiarza;32,444531;69,750361;NB;NB;NB;ZERS;RAM;;SK;MIL;;;;;;;;;;;;;;;;
;7/31/21;NZZ , Crisis Group;https://www.nzz.ch/international/mindestens-15-soldaten-bei-terroranschlag-im-niger-getoetet-ld.1638484 , https://www.crisisgroup.org/crisiswatch/database?location%5B0%5D=27&crisis_state=&created=custom&from_month=1&from_year=2021&to_month=12&to_year=2021&page=0;Afrika;Niger;NER;Tillabéri;Say, Torodi;12.97500;1.75800;NB;NB;NB;TÖT;FW;Hinterhalt, IED gegen Helfer;SK;MIL;Militärkonvoi;;;;15;7;6;;;;;;;;;
;7/31/21;Daily Post Nigeria , Daily Trust;https://dailypost.ng/2021/08/02/borno-troops-eliminate-terrorists-after-boko-haram-assault-on-military-convoy/ , https://dailytrust.com/gunshots-as-iswap-fighters-ambush-soldiers-on-mission-to-secure-borno-politicians/;Afrika;Nigeria;NGA;Borno;Kareto, Gubio-Damasak highway;12.88540;12.50693;ISWAP;REMO;TRANS;TÖT;FW;;SK;MIL;Militärkonvoi;;;;;2;;;Opferzahlen geschätzt;;;;;;;
;7/31/21;NINA;https://www.ninanews.com/Website/News/Details?key=918674;Naher & Mittlerer Osten;Irak;IRQ;Anbar;Hit, Al-Agbah;33.60769;42.86084;ISIS;REMO;TRANS;TÖT;FW;;ZIV;PP;;3;;;;;;;;;;;;;;
;7/31/21;DW;https://www.dw.com/en/iraq-islamic-state-attack-on-funeral-leaves-several-dead/a-58713341;Naher & Mittlerer Osten;Irak;IRQ;Saladin;Balad, Yathrib;33.95307;44.26361;ISIS;REMO;TRANS;TÖT;FW;;ZIV;PP;Trauerfeier;13;50;;;;;;;;;;;;;
;7/31/21;NINA;https://www.ninanews.com/Website/News/Details?key=918688;Naher & Mittlerer Osten;Irak;IRQ;Saladin;Zarka;33.8744;44.3267;NB;NB;NB;TÖT;IED;Bombe am Straßenrand;SK;MLZ;PMF;;;;3;3;;;"""the matyrdom and wounding of a number of PMF""";;;;;;;
;8/1/21;SATP;https://satp.org/terrorist-activity/pakistan-Aug-2021;Naher & Mittlerer Osten;Pakistan;PAK;South Waziristan;Zangara;32,3202;69,8597;NB;NB;NB;TÖT;FW;;SK;MIL;;;;;1;1;;;;;;;;;;
;8/1/21;SATP;https://satp.org/terrorist-activity/pakistan-Aug-2021;Naher & Mittlerer Osten;Pakistan;PAK;Ladha;Badar Bridge;32,6077;69,8435;NB;NB;NB;VERL;IED;Mine auf einer Brücke;SK;POL;;;;;;1;;;;;;;;;;
;8/1/21;SATP;https://satp.org/terrorist-activity/pakistan-Aug-2021;Naher & Mittlerer Osten;Pakistan;PAK;Peshawar;Duadzai;34,0152;71,5249;NB;NB;NB;TÖT;FW;;SK;POL;;;;;1;;;;;;;;;;;
;8/1/21;SATP;https://satp.org/terrorist-activity/afghanistan-Aug-2021;Naher & Mittlerer Osten;Afghanistan;AFG ;Kandahar;Kandahar city, Ahmad Shah Baba International Airport;31,5022;65,8507;Taliban;REMO;NAT;ZERS;RAM;Rakten;ZIV;TI;Flughafen;;;;;;;Landebahnen beschädigt;Keine Verletzten;;;;;;;
;8/1/21;NINA;https://www.ninanews.com/Website/News/Details?key=918951;Naher & Mittlerer Osten;Irak;IRQ;Nineveh;Al-Baaj;36.0780;41.7323;NB;NB;NB;TÖT;IED;Bombe am Straßenrand;ZIV;PP;;1;1;;;;;;;;;;;;;
;8/1/21;NINA;https://www.ninanews.com/Website/News/Details?key=919004;Naher & Mittlerer Osten;Irak;IRQ;Qadisiyah;Diwaniyah, International Highway;31.97674;45.04854;NB;NB;NB;;IED;;SK;MIL;Konvoi der internationalen Koalition;;;;;;;;;;;;;;;
;8/2/21;Radio Okapi , Human Rights Watch , Actualite;https://www.hrw.org/news/2021/09/15/dr-congo-massacres-persist-despite-martial-law , https://www.radiookapi.net/2021/08/03/actualite/securite/rdc-13-morts-dans-une-attaque-attribuee-aux-rebelles-adf-idohu , https://actualite.cd/2021/08/03/est-de-la-rdc-au-moins-16-morts-dans-une-attaque-attribuee-aux-adf;Afrika;DR Kongo;COD;Ituri;Irumu, Idohu;1,13981;29,65802;ISCAP;REMO;TRANS;TÖT;SON;Exekutionen;ZIV;PP;Dorf;16;;3;;;;;"""(…) other people have been taken hostage.""";;;;;;;
;8/2/21;SATP;https://satp.org/terrorist-activity/afghanistan-Aug-2021;Naher & Mittlerer Osten;Afghanistan;AFG ;Nangarhar;Jalalabad, D4;34,4246;70,4658;ISKP;REMO;TRANS;TÖT;FW;;ZIV;GOV;Council advisor;1;;;;;;;;;;;;;;
;8/2/21;SATP;https://satp.org/terrorist-activity/pakistan-Aug-2021;Naher & Mittlerer Osten;Pakistan;PAK;North Waziristan;Ghariom;32,7136;70,0002;NB;NB;NB;TÖT;FW;;SK;MIL;;;;;1;;;;;;;;;;;
;8/2/21;SATP;https://satp.org/terrorist-activity/pakistan-Aug-2021;Naher & Mittlerer Osten;Pakistan;PAK;Kalachi Tehsil;Atal Sharif;31,9823;70,5773;NB;NB;NB;TÖT;FW;;ZIV;NGO;;;;;1;;;;;;;;;;;
;8/2/21;NINA;https://www.ninanews.com/Website/News/Details?key=919069;Naher & Mittlerer Osten;Irak;IRQ;Saladin;Dhuluiya;34.07516;44.25873;ISIS;REMO;TRANS;TÖT;FW;;ZIV;PP;;;;;3;3;;;"""the death and injury of a number of citizens""";;;;;;;
;8/2/21;NINA;https://www.ninanews.com/Website/News/Details?key=919238 , https://www.ninanews.com/Website/News/Details?key=919251;Naher & Mittlerer Osten;Irak;IRQ;Kirkuk;Daquq, Al-Rashad;35.1761;44.1980;ISIS;REMO;TRANS;TÖT;FW;;SK;POL;;;;;1;3;;;;;;;;;;
;8/2/21;NINA;https://www.ninanews.com/Website/News/Details?key=919055;Naher & Mittlerer Osten;Irak;IRQ;Kirkuk;Hawija, Al-Nasr;35.27204; 43.91325;NB;NB;NB;ZERS;FW;;SK;MLZ;PMF Checkpoint;;;;;;;Wärmebildkamera beschädigt;;;;;;;;
;8/2/21;NINA;https://www.ninanews.com/Website/News/Details?key=919064;Naher & Mittlerer Osten;Irak;IRQ;Diyala;Khanaqin, Khanaqin;34.4052;45.4243;NB;NB;NB;ZERS;IED;Haftbombe;ZIV;PP;Rechtsanwalt;;;;;;;Fahrzeug beschädigt;;;;;;;;
;8/2/21;NINA;https://www.ninanews.com/Website/News/Details?key=919064;Naher & Mittlerer Osten;Irak;IRQ;Diyala;Ba'quba, Buhraz;33.4778;44.6869;NB;NB;NB;ZERS;FW;;ZIV;VIP;Haus von Stammesführer;;;;;;;;;;;;;;;
;8/2/21;NINA;https://www.ninanews.com/Website/News/Details?key=919080;Naher & Mittlerer Osten;Irak;IRQ;Diyala;Al Khalis, Al-Salam, Al-Wandiya Al-Kabirah;33.86550;44.67058;NB;NB;NB;ZERS;IED;;ZIV;KI;Energieversorgung;;;;;;;2 Hochspannungsmasten zerstört;;;;;;;;
;8/2/21;NINA;https://www.ninanews.com/Website/News/Details?key=919106;Naher & Mittlerer Osten;Irak;IRQ;Dhi Qar;Nasiriya, Al-Shuhada;31.06451;46.27347;NB;NB;NB;TÖT;FW;Schüsse aus fahrendem Auto;SK;POL;;;;;1;;;;;;;;;;;
;8/3/21;SATP;https://satp.org/terrorist-activity/afghanistan-Aug-2021;Naher & Mittlerer Osten;Afghanistan;AFG ;Herat;Herat city;34,3524;62,1995;ISKP;REMO;TRANS;TÖT;IED;;ZIV;REL;Shiiten;3;10;;;;;;;;;;;;;
;8/3/21;SATP;https://satp.org/terrorist-activity/india-Aug-2021;Südostasien;Indien;IND;Sringar city;Shiraz Chowk;34,0917;74,8196;NB;NB;NB;VERL;FW;;SK;POL;;;1;;;1;;;;;;;;;;
;8/3/21;ucanews , U.S. Dept. of State;https://www.ucanews.com/news/violence-erupts-again-in-thailands-deep-south/93565 , https://www.state.gov/reports/country-reports-on-terrorism-2021/thailand;Südostasien;Thailand;THA;Narathiwat;;5.99031;101.94665;NB;SEP;REG;TÖT;HGR;Handgranaten und Kleinwaffen;SK;MLZ;Rangers;;;;1;4;;;Angriff erfolgte über Fluss aus Malaysia;;;;;;;
;8/3/21;ucanews;https://www.ucanews.com/news/violence-erupts-again-in-thailands-deep-south/93565;Südostasien;Thailand;THA;Narathiwat;;6.15249;101.72786;NB;SEP;REG;ZERS;IED;;ZIV;KI;Electricity poles;;;;;;;power black out;;;;;;;;
;8/3/21;SATP;https://satp.org/terrorist-activity/pakistan-Aug-2021;Naher & Mittlerer Osten;Pakistan;PAK;North Waziristan;Mir Ali bazaar;32,9704;70,2775;NB;NB;NB;TÖT;FW;;SK;POL;Polizeistationschef;;;;1;;;;;;;;;;;
;8/3/21;Afghan Online Press;http://www.aopnews.com/taliban/afghan-police-say-taliban-killed-young-woman-for-wearing-tight-clothing/;Naher & Mittlerer Osten;Afghanistan;AFG ;Balkh;Samar Qandian;36,6991;67,0561;Taliban;REMO;NAT;TÖT;FW;;ZIV;PP;;1;;;;;;;;;;;;;;
;8/3/21;SATP;https://satp.org/terrorist-activity/afghanistan-Aug-2021;Naher & Mittlerer Osten;Afghanistan;AFG ;Parwan;Charikar;35,0161;69,1653;Taliban;REMO;NAT;TÖT;FW;;SK;POL;;;;;5;;;;;;;;;;;
;8/3/21;SATP; https://satp.org/terrorist-activity/afghanistan-Aug-2021;Naher & Mittlerer Osten;Afghanistan;AFG;Kabul;Kabul city, D10, Shirpoor;34,5374;69,174;Taliban;REMO;NAT;VERL;IED;VBIED;ZIV;GOV;Verteidigungsminister;8;;;;;;;;;;;;;;
;8/3/21;SATP;https://satp.org/terrorist-activity/india-Aug-2021;Südostasien;Indien;IND;Tripura;Dhalai;24,1616;91,8122;National Liberation Front of Tripura;SEP;REG;TÖT;FW;;SK;MLZ;BSF;;;;2; ;;;;;;;;;;
;8/4/21;Meir Amit Intelligence and Terrorism Information Center;https://www.terrorism-info.org.il/en/spotlight-on-global-jihad-august-5-11-2021/;Naher & Mittlerer Osten ;Syrien;SYR;Damascus;;33.51807;36.28395;Al-Qaeda - Syria;REMO;TRANS;TÖT;IED;;SK;MIL;Republican Guards Bus;;;;1;18;;;Keine differenzierten Angaben zu Toten und Verletzten, wahrschienlich mehr Tote;;;;;;;
;8/4/21;Voice of America , Club of Mozambique;https://www.voaportugues.com/a/terroristas-atacaram-v%C3%A1rias-aldeias-durante-a-sua-fuga-de-moc%C3%ADmboa-da-praia-residentes/5997389.html , https://clubofmozambique.com/news/listen-terrorists-attacked-several-villages-as-they-fled-awasse-mocimboa-residents-voa-198870/;Afrika;Mosambik;MOZ;Cabo Delgado;Nangade, Mandimba/Chacamba/Nune/Quissama;-10,96950;39,80350;ISCAP;REMO;TRANS;ZERS;BRA;;ZIV;PP;;;;;;;;Mehrere Dörfer in Brand gesetzt;"Keine Personenschäden angegeben; Angriffe erfolgten im Zuge des Rückzugs aus Mocimboa da Praia town im Verlauf von 5 Tagen";;;;;;;
;8/4/21;Human Rights Watch;https://www.hrw.org/news/2021/09/15/dr-congo-massacres-persist-despite-martial-law;Afrika;DR Kongo;COD;Ituri;Irumu, Tchabi;0,96307;29,86453;ISCAP;REMO;TRANS;TÖT;FW;;SK;MIL;;;;;10;2;;;"""(…) and injuring others.""";;;;;;;
;8/4/21;SATP;https://satp.org/terrorist-activity/afghanistan-Aug-2021;Naher & Mittlerer Osten;Afghanistan;AFG ;Kabul;Kabul city, NDS building;34,5378;49,1545;NB;NB;NB;TÖT;IED;;SK;GD;NDS building;3;;;1;;;;;;;;;;;
;8/4/21;SATP;https://satp.org/terrorist-activity/afghanistan-Aug-2021;Naher & Mittlerer Osten;Afghanistan;AFG ;Maidan Wardak;;34,3255;68,2396;Taliban;REMO;NAT;TÖT;FW;;ZIV;GOV;Governor;1;;;;;;;;;;;;;;
;8/4/21;NINA;https://www.ninanews.com/Website/News/Details?key=919529;Naher & Mittlerer Osten;Irak;IRQ;Kirkuk;Dibis, Altun Kupri, Klosi;35.76044; 44.15242;NB;NB;NB;ENTF;FW;;ZIV;PP;Farmer;;;1;;;;;;;;;;;;
;8/4/21;NINA;https://www.ninanews.com/Website/News/Details?key=919650;Naher & Mittlerer Osten;Irak;IRQ;Baghdad;Rufasa, Karrada;33.29411;44.426805;NB;NB;NB;ZERS;IED;Haftbombe;SK;POL;;;;;;;;;;;;;;;;
;8/5/21;U.S. Dept. of State , Anadolu Ajansi;https://www.state.gov/reports/country-reports-on-terrorism-2021/chad/ , https://www.aa.com.tr/en/africa/24-soldiers-killed-in-boko-haram-attack-on-chadian-army/2325906;Afrika;Tschad;TCD;Lac;Tchoukoutalia;13,67682;13,93639;Boko Haram;REMO;TRANS;TÖT;FW;;SK;MIL;Armeepatrouille;;;;26;14;;;;;;;;;;
;8/5/21;Crisis Group , Premium Times Nigeria;https://www.crisisgroup.org/crisiswatch/database?location%5B0%5D=28&crisis_state=&created=custom&from_month=1&from_year=2021&to_month=12&to_year=2021&page=0 , https://www.premiumtimesng.com/regional/ssouth-east/477849-police-inspector-three-others-killed-as-gunmen-attack-imo-police-station.html;Afrika;Nigeria;NGA;Imo;Orlu;5.79582;7.03350;Indigenous People of Biafra;SEP;REG;TÖT;FW;;SK;POL;Polizeistation;;;;1;;;Polizeistation in Brand gesetzt;;;;;;;;
;8/5/21;SATP;https://satp.org/terrorist-activity/india-Aug-2021;Südostasien;Indien;IND;Dantewada;Ghotiya;18,8505;81,3946;CPI-M;SOZ;NAT;TÖT;IED;;ZIV;PP;Vllt verwechselt mit Polizei Van;3;9;;;;;;;;;;;;;
;8/5/21;Radio Okapi , Actualite;https://www.radiookapi.net/2021/08/06/actualite/securite/beni-8-morts-dans-une-attaque-attribuee-aux-adf-mbingi , https://actualite.cd/2021/08/06/rdcetat-de-siege-8-personnes-tuees-dans-une-attaque-adf-mbingi , https://actualite.cd/2021/08/06/rdc-beni-decouverte-de-cinq-corps-des-civils-tues-par-les-combattants-adf-pres-de-mamove;Afrika;DR Kongo;COD;Nord-Kivu;Beni, Mbingi;0,77020;29,51510;ISCAP;REMO;TRANS;TÖT;FW;;ZIV;PP;Dorf;10;4;2;;;;;"""(…) several people are also missing.""";;;;;;;
;8/5/21;U.S. Dept of State;https://www.state.gov/reports/2021-country-reports-on-human-rights-practices/burkina-faso;Afrika;Burkina Faso;BFA;Sahel;Yagha, Mansila;13,13756;0,61675;NB;NB;NB;ZERS;FW;;ZIV;KI;Mobiles Netzwerk;;;;;;;Mobiles Netzwerk sabotiert;;;;;;;;
;8/5/21;SATP;https://satp.org/terrorist-activity/pakistan-Aug-2021;Naher & Mittlerer Osten;Pakistan;PAK;Saranan tehsil;Muhajir camp;30,5546;66,9392;NB;NB;NB;TÖT;FW;;ZIV;GOV;Parteichef;1;;;;;;;;;;;;;;
;8/5/21;Ariana News;https://www.ariananews.af/uruzgan-governor-claims-poet-and-writer-killed-by-taliban/;Naher & Mittlerer Osten;Afghanistan;AFG ;Uruzgan;Chora;32,8524;66,0403;Taliban;REMO;NAT;TÖT;FW;;ZIV;PP;;1;;;;;;;;;;;;;;
;8/5/21;SATP;https://satp.org/terrorist-activity/afghanistan-Aug-2021;Naher & Mittlerer Osten;Afghanistan;AFG ;Maidan Wardak;;34,3255;68,2396;Taliban;REMO;NAT;TÖT;RAM;Mörser;ZIV;PP;;5;;;;;;;;;;;;;;
;8/5/21;SATP;https://satp.org/terrorist-activity/afghanistan-Aug-2021;Naher & Mittlerer Osten;Afghanistan;AFG ;Herat;Herat city, PD10;34,3337;62,1814;Taliban;REMO;NAT;TÖT;FW;;SK;POL;Police chief;;;;3;;;;;;;;;;;
;8/5/21;NINA;https://www.ninanews.com/Website/News/Details?key=919727;Naher & Mittlerer Osten;Irak;IRQ;Nineveh;Makhmur, Qarray, Alda;35.56840;43.43084;NB;NB;NB;ZERS;RAM;Mörser;ZIV;ÖP;Dorf;;;;;;;;;;;;;;;
;8/5/21;NINA;https://www.ninanews.com/Website/News/Details?key=919827;Naher & Mittlerer Osten;Irak;IRQ;Qadisiyah;Diwaniyah, International Highway;31.92966;45.09107;NB;NB;NB;;IED;;SK;MIL;Konvoi der internationalen Koalition;;;;;;;;;;;;;;;
;8/5/21;NINA;https://www.ninanews.com/Website/News/Details?key=919842;Naher & Mittlerer Osten;Irak;IRQ;Babil;International Highway;32.57763;44.55604;NB;NB;NB;;IED;;SK;MIL;Konvoi der internationalen Koalition;;;;;;;;;;;;;;;
;8/6/21;Actualite;https://actualite.cd/2021/08/06/rdc-beni-decouverte-de-cinq-corps-des-civils-tues-par-les-combattants-adf-pres-de-mamove;Afrika;DR Kongo;COD;Nord-Kivu;Beni, Mapasana;0,78848;29,42358;ISCAP;REMO;TRANS;TÖT;SON;Macheten und Feuerwaffen;ZIV;PP;;5;;;;;;;;;;;;;;
;8/6/21;SATP;https://satp.org/terrorist-activity/afghanistan-Aug-2021;Naher & Mittlerer Osten;Afghanistan;AFG ;Kabul;Kabul city, Darul Aman road;34,4886;69,1372;NB;NB;NB;TÖT;FW;;ZIV;GOV;;1;;;;;;;;;;;;;;
;8/6/21;Daily Sabah;https://www.dailysabah.com/politics/war-on-terror/us-backed-ypg-missile-attack-wounds-17-kills-2-in-syrias-al-bab;Naher & Mittlerer Osten ;Syrien;SYR;Aleppo;Al-Bab, Hazvan;36.40861;37.40407;YPG;SEP;REG;TÖT;RAM;Raketen;ZIV;PP;Stadt;2;17;;;;;;;;;;;;;
;8/7/21;SATP;https://satp.org/terrorist-activity/afghanistan-Aug-2021;Naher & Mittlerer Osten;Afghanistan;AFG ;Kabul;Chahar Asiab;34,3498;69,1881;NB;NB;NB;TÖT;IED;;SK;MIL;;;;;1;;;;;;;;;;;
;8/7/21;SATP;https://satp.org/terrorist-activity/india-Aug-2021;Südostasien;Indien;IND;Kulgam;Pombay;33,6465;74,9401;NB;NB;NB;TÖT;FW;;SK;POL;;;;;1;2;;;;;;;;;;
;8/7/21;SATP;https://satp.org/terrorist-activity/pakistan-Aug-2021;Naher & Mittlerer Osten;Pakistan;PAK;North Waziristan;Ghariom;32,7136;70,0002;NB;NB;NB;TÖT;FW;;SK;MIL;;;;;1;;;;;;;;;;;
;8/7/21;NINA;https://www.ninanews.com/Website/News/Details?key=920025;Naher & Mittlerer Osten;Irak;IRQ;Nineveh;Makhmur, Kandar, Erbil/Makhmour;36.1988;43.2930;ISIS;REMO;TRANS;VERL;FW;Fake Kontrollposten;ZIV;PP;;;3;2;;;;;;;;;;;;
;8/8/21;U.S. Dept. of State , MINUSMA , France24 , Crisis Group;https://www.state.gov/reports/country-reports-on-terrorism-2021/mali/ , https://minusma.unmissions.org/en/statement-attributable-spokesperson-secretary-general-mali-5 , https://www.france24.com/en/africa/20210809-suspected-jihadists-kill-dozens-of-civilians-in-northern-mali-village-attacks , https://www.crisisgroup.org/crisiswatch/database?location_region%5B0%5D=1&location%5B0%5D=26&crisis_state=&created=custom&from_month=1&from_year=2021&to_month=12&to_year=2021&page=0;Afrika;Mali;MLI;Gao;Ansongo, Karou/Ouattagouna/Daoutegeft;15.15130;0.69410;ISGS;REMO;TRANS;TÖT;FW;Motorradfahrer;ZIV;PP;Mehrere Dörfer;51;4;;;;;;"""(…) and several wounded.""; Koordinaten geben Mitte von Karou und Ouattagouna an; Jihadists als Angreifer identifiziert";;;;;;;
;8/8/21;SATP;https://satp.org/terrorist-activity/india-Aug-2021;Südostasien;Indien;IND;Gariyaband;Udanti-Sitanadi Tiger reserve;20,1203;82,3702;CPI-M;SOZ;NAT;ZERS;IED;;ZIV;UNT;Buffalo Gehege angegriffen;;;;;;;;;;;;;;;
;8/8/21;Radio Okapi;https://www.radiookapi.net/2021/08/09/actualite/securite/bunia-2-morts-lors-dune-attaque-des-adf-mabelenga;Afrika;DR Kongo;COD;Ituri;Irumu, Mambelenga;1,03412;29,58658;ISCAP;REMO;TRANS;TÖT;FW;;ZIV;PP;Dorf;2;;3;;;;15 Häuser in Brand gesteckt;"""(…) other residents (…) were taken hostage (…)""";;;;;;;
;8/8/21;SATP;https://satp.org/terrorist-activity/afghanistan-Aug-2021;Naher & Mittlerer Osten;Afghanistan;AFG ;Paktia;Sayid Karam, Chino;33,6827;69,4004;NB;NB;NB;TÖT;IED;;ZIV;PP;;12;;;;;;;;;;;;;;
;8/8/21;SATP;https://satp.org/terrorist-activity/pakistan-Aug-2021;Naher & Mittlerer Osten;Pakistan;PAK;Quetta;Zarghoon Road;30,1814;66,9698;NB;NB;NB;TÖT;IED;Zeitzünder Motorradbombe;SK;POL;;;9;;2;12;;;;;;;;;;
;8/8/21;SATP;https://satp.org/terrorist-activity/pakistan-Aug-2021;Naher & Mittlerer Osten;Pakistan;PAK;Ladha Tehsil;Tangi Badanzai;32,5654;69,8303;NB;NB;NB;VERL;IED;Landmine;SK;MIL;;;;;;2;;;;;;;;;;
;8/8/21;Radio Okapi;https://www.radiookapi.net/2021/08/09/actualite/societe/nord-kivu-le-journaliste-heritier-magayane-tue-rutshuru;Afrika;DR Kongo;COD;Nord-Kivu;Beni, Bunyangula;-1,16900;29,43850;NB;NB;NB;TÖT;SON;;ZIV;MEDIA;Journalist;1;;;;;;;;;;;;;;
;8/8/21;Afghan Online Press;http://www.aopnews.com/taliban/afghan-radio-station-manager-killed-journalist-kidnapped/;Naher & Mittlerer Osten;Afghanistan;AFG ;Kabul;Kabul city;34,5378;49,1545;Taliban;REMO;NAT;TÖT;FW;;ZIV;MEDIA;Radio manager;1;;;;;;;;;;;;;;
;8/8/21;Afghan Online Press;http://www.aopnews.com/taliban/afghan-radio-station-manager-killed-journalist-kidnapped/;Naher & Mittlerer Osten;Afghanistan;AFG ;Helmand;Lashkar Gah;31,5945;64,3858;Taliban;REMO;NAT;ENTF;FW;;ZIV;MEDIA;Journalist;;;1;;;;;;;;;;;;
;8/8/21;NINA;https://www.ninanews.com/Website/News/Details?key=920198;Naher & Mittlerer Osten;Irak;IRQ;Wasit;Kut, Kut, Al-Falahia;32.53430;45.81977;NB;NB;NB;VERL;FW;Schüsse aus fahrendem Auto;ZIV;PP;Bürgeraktivist;;1;;;;;;;;;;;;;
;8/8/21;NINA;https://www.ninanews.com/Website/News/Details?key=920279;Naher & Mittlerer Osten;Irak;IRQ;Nineveh;Tal Afar;36.3771;42.4553;NB;NB;NB;VERL;IED;;ZIV;PP;;;2;;;;;;;;;;;;;
;8/8/21;NINA;https://www.ninanews.com/Website/News/Details?key=920254;Naher & Mittlerer Osten;Irak;IRQ;Babil;International Highway;32.48985;44.63659;NB;NB;NB;;IED;;SK;MIL;Konvoi der internationalen Koalition;;;;;;;;;;;;;;;
;8/9/21;Xinhua;http://www.xinhuanet.com/english/2021-08/09/c_1310117514.htm;Afrika;Kamerun;CMR;Extrême-Nord;Logone-Et-Chari, Sagme;12,52608;14,27429;Boko Haram;REMO;TRANS;TÖT;FW;;SK;MIL;;;;;3;;;;;;;;;;;
;8/9/21;SATP;https://satp.org/terrorist-activity/india-Aug-2021;Südostasien;Indien;IND;Anantnag town;Lal Chowk;33,7302;75,1503;Laschkar-e Taiba;REMO;TRANS;TÖT;FW;;ZIV;GOV;;2;;;;;;;;;;;;;;
;8/9/21;SATP , Deccan Herald;https://satp.org/terrorist-activity/afghanistan-Aug-2021 , https://www.deccanherald.com/international/world-news-politics/2021-kabul-airport-attack-carried-out-using-single-explosive-device-us-1078308.html;Naher & Mittlerer Osten;Afghanistan;AFG ;Balkh;Mazar-e-Sharif, Kefayat;36,7156;67,0847;NB;NB;NB;TÖT;IED;;ZIV;PP;;1;3;;;;;;;;;;;;;
;8/9/21;SATP;https://satp.org/terrorist-activity/india-Aug-2021;Südostasien;Indien;IND;Kupwara;Keran;34,6663;73,9603;NB;NB;NB;VERL;IED;Landmine;SK;MIL;;;;;;1;;;;;;;;;;
;8/9/21;U.S. Dept. of State;https://www.state.gov/reports/country-reports-on-terrorism-2021/mali/;Afrika;Mali;MLI;Mopti;Tenenkou, Dioura;14.82542;-5.25062;NB;NB;NB;TÖT;FW;;ZIV;REL;Verweigerer von religiöser Steuer;30;;;;;;;;;;;;;;
;8/9/21;SATP;https://satp.org/terrorist-activity/pakistan-Aug-2021;Naher & Mittlerer Osten;Pakistan;PAK;Quetta;Sher Jan stop;30,0986;66,9902;NB;NB;NB;TÖT;HGR;;ZIV;PP;Verkäufer von Nationalflaggen;1;4;;;;;;;;;;;;;
;8/9/21;SATP;https://satp.org/terrorist-activity/pakistan-Aug-2021;Naher & Mittlerer Osten;Pakistan;PAK;Kulachi;Dera-Zhob road;31,933;70,4598;NB;NB;NB;TÖT;FW;;SK;POL;Zollbeamte;;;;3;;;;;;;;;;;
;8/9/21;Crisis Group;https://www.crisisgroup.org/crisiswatch/database?location%5B0%5D=27&crisis_state=&created=custom&from_month=1&from_year=2021&to_month=12&to_year=2021&page=0;Afrika;Niger;NER;Tillaberi;Ouallam, Banibangou;15.03936;2.70167;NB;NB;NB;TÖT;FW;;ZIV;PP;;15;;;;;;;;;;;;;;
;8/9/21;NINA;https://www.ninanews.com/Website/News/Details?key=920381;Naher & Mittlerer Osten;Irak;IRQ;Diyala;Al-Abara;33.83435;44.71487;ISIS;REMO;TRANS;VERL;FW;;SK;POL;checkpoint;;;;;1;;;;;;;;;;
;8/9/21;NINA;https://www.ninanews.com/Website/News/Details?key=920394;Naher & Mittlerer Osten;Irak;IRQ;Kirkuk;Hawija, Zab, Al-Khazir;35.3045;43.4787;ISIS;REMO;TRANS;TÖT;FW;;ZIV;KI;Brunnenbauer;1;;;;;;;;;;;;;;
;8/9/21;NINA;https://www.ninanews.com/Website/News/Details?key=920555;Naher & Mittlerer Osten;Irak;IRQ;Diyala;Al-Abbara, Hadd al Akhdar;33.82967;44.67371;ISIS;REMO;TRANS;VERL;FW;Scharfschütze;SK;POL;Polizeistation;;1;;;;;;;;;;;;;
;8/9/21;NINA;https://www.ninanews.com/Website/News/Details?key=920564;Naher & Mittlerer Osten;Irak;IRQ;Nineveh;Makhmur, Maizila;35.7136 ;43.5041;ISIS;REMO;TRANS;TÖT;FW;;SK;MLZ;Tribal Mobilization Checkpoint;;;;1;2;;;;;;;;;;
;8/10/21;SATP;https://satp.org/terrorist-activity/india-Aug-2021;Südostasien;Indien;IND;Shillong;Laitumkhrah market;25,5693;91,8978;Hynniewtrep National Liberation Council;SEP;REG;VERL;IED;;ZIV;ÖP;;;2;;;;;;;;;;;;;
;8/10/21;Actualite;https://actualite.cd/2021/08/11/rdc-beni-nouvelle-attaque-sanglante-au-moins-trois-morts-kainama-bilan-provisoire , https://actualite.cd/2021/08/15/rdc-beni-encore-2-civils-tues-pres-de-kainama;Afrika;DR Kongo;COD;Nord-Kivu;Beni, Kainama, Muzirandulu;0,90788;29,83887;ISCAP;REMO;TRANS;TÖT;FW;;ZIV;PP;;6;;;;;;;;;;;;;;
;8/10/21;SATP;https://satp.org/terrorist-activity/india-Aug-2021;Südostasien;Indien;IND;Hari Singh High Street;Hanuman Mandir;34,0699;74,8063;NB;NB;NB;VERL;HGR;;SK;MLZ;SSB;;10;;;;;;;;;;;;;
;8/10/21;SATP;https://satp.org/terrorist-activity/india-Aug-2021;Südostasien;Indien;IND;Shopian;Zainapora;33,7957;75,0077;NB;NB;NB;VERL;FW;;SK;MLZ;CRPF;;;;;1;;;;;;;;;;
;8/10/21;SATP;https://satp.org/terrorist-activity/pakistan-Aug-2021;Naher & Mittlerer Osten;Pakistan;PAK;Quetta;Sirki Road;30,1744;67,0059;NB;NB;NB;ZERS;HGR;;ZIV;PP;Verkäufer von Nationalflaggen;;;;;;;;;;;;;;;
;8/10/21;SATP;https://satp.org/terrorist-activity/pakistan-Aug-2021;Naher & Mittlerer Osten;Pakistan;PAK;Quetta;Sariab Road;30,1397;66,9814;NB;NB;NB;VERL;HGR;;ZIV;PP;Verkäufer von Nationalflaggen;;1;;;;;;;;;;;;;
;8/10/21;SATP;https://satp.org/terrorist-activity/afghanistan-Aug-2021;Naher & Mittlerer Osten;Afghanistan;AFG ;Ghazni;Ghazni city, Kolohi Sabz;33,5484;68,4228;Taliban;REMO;NAT;TÖT;RAM;Mörser;ZIV;PP;;3;;;;;;;;;;;;;;
;8/10/21;Hiiraan Online;https://www.hiiraan.com/news4/2021/Aug/183515/at_least_eight_dead_after_minibus_hit_by_roadside_bomb_in_somalia.aspx?utm_source=hiiraan&utm_medium=SomaliNewsUpdateFront;Afrika;Somalia;SOM;Hiiraan;Beledweyne;4.73677;45.20388;Al-Shabaab;REMO;NAT;TÖT;IED;Bombe am Straßenrand;ZIV;PP;Minibus;8;4;;;;;;;;;;;;;
;8/10/21;NINA;https://www.ninanews.com/Website/News/Details?key=920587;Naher & Mittlerer Osten;Irak;IRQ;Kirkuk;Hawija, Riyad, Sayed Hamid;35.31232;44.00969;ISIS;REMO;TRANS;ZERS;IED;;ZIV;KI;Energieversorgung;;;;;;;Hochspannungsmast zerstört;;;;;;;;
;8/10/21;NINA;https://www.ninanews.com/Website/News/Details?key=920575;Naher & Mittlerer Osten;Irak;IRQ;Babil;International Highway;32.55000;44.57685;NB;NB;NB;;IED;;SK;MIL;Konvoi der internationalen Koalition;;;;;;;;;;;;;;;
;8/11/21;Actualite;https://actualite.cd/2021/08/11/etat-de-siege-4-morts-dans-une-nouvelle-attaque-pres-doicha;Afrika;DR Kongo;COD;Nord-Kivu;Beni, Kengele;0,77022;29,39032;ISCAP;REMO;TRANS;TÖT;FW;Exekutionen;ZIV;PP;;4;;;;;;;;;;;;;;
;8/11/21;NINA;https://www.ninanews.com/Website/News/Details?key=920923;Naher & Mittlerer Osten;Irak;IRQ;Nineveh;Mosul, Qayyarah, Mahana;35.77033;43.36372;NB;NB;NB;TÖT;FW;;ZIV;PP;;1;;;;;;;;;;;;;;
;8/12/21;SATP;https://satp.org/terrorist-activity/india-Aug-2021;Südostasien;Indien;IND;Rajouri town;Khandi bridge Chowk;33,3581;74,339;NB;NB;NB;TÖT;HGR;;ZIV;GOV;;1;6;;;;;;;;;;;;;
;8/12/21;SATP;https://satp.org/terrorist-activity/india-Aug-2021;Südostasien;Indien;IND;Mon;Chenloisho;26,546;95,057;National Socialist Council of Nagaland;SEP;TRANS;VERL;HGR;;ZIV;PP;;;1;;;;;;;;;;;;;
;8/12/21;NINA;https://www.ninanews.com/Website/News/Details?key=920947;Naher & Mittlerer Osten;Irak;IRQ;Saladin;Samarra,  Abbasiya/Makishifa;34.31101;43.78268;NB;NB;NB;ZERS;IED;;ZIV;KI;Energieversorgung;;;;;;;2 Hochspannungsmasten zerstört;;;;;;;;
;8/12/21;NINA;https://www.ninanews.com/Website/News/Details?key=921098;Naher & Mittlerer Osten;Irak;IRQ;Qadisiyah;Diwaniyah, International Highway;31.92966;45.09107;NB;NB;NB;ZERS;IED;;SK;MIL;Konvoi der internationalen Koalition;;;;;;;;;;;;;;;
;8/13/21;Crisis Group , Premium Times Nigeria;https://www.crisisgroup.org/crisiswatch/database?location%5B0%5D=28&crisis_state=&created=custom&from_month=1&from_year=2021&to_month=12&to_year=2021&page=0 , https://www.premiumtimesng.com/news/headlines/479228-gunmen-attack-imo-police-facility-kill-two-officers.html;Afrika;Nigeria;NGA;Imo;Izombe;5.62623;6.86905;Indigenous People of Biafra;SEP;REG;TÖT;FW;;SK;POL;Polizeistation;;;;2;;;;;;;;;;;
;8/13/21;SATP;https://satp.org/terrorist-activity/india-Aug-2021;Südostasien;Indien;IND;Hailakandi;Gutguti;24,2769;92,5999;NB;NB;NB;ZERS;IED;;ZIV;EDU;Schule, nachts;;;;;;;;;;;;;;;
;8/13/21;SATP;https://satp.org/terrorist-activity/afghanistan-Aug-2021;Naher & Mittlerer Osten;Afghanistan;AFG ;Balkh;Mazar-i-Sharif;36,7053;67,1352;Taliban;REMO;NAT;TÖT;FW;;ZIV;GOV;Leader of political party;1;;;;;;;;;;;;;;
;8/13/21;Radio Okapi;https://www.radiookapi.net/2021/08/14/actualite/securite/rdc-un-journaliste-et-son-epouse-tues-en-ituri;Afrika;DR Kongo;COD;Ituri;Mambasa, Biakato;0,85299;29,25829;Mai-Mai;SEP;REG;TÖT;SON;;ZIV;MEDIA;Radio Direktor;2;;;;;;;;;;;;;;
;8/13/21;NINA;https://www.ninanews.com/Website/News/Details?key=921140;Naher & Mittlerer Osten;Irak;IRQ;Saladin;Shirqar, Al-Nahiya;35.4987; 43.2353;ISIS;REMO;TRANS;TÖT;FW;;ZIV;VIP;Mukhtar des Dorfes;1;;;;;;;;;;;;;;
;8/13/21;NINA;https://www.ninanews.com/Website/News/Details?key=921124;Naher & Mittlerer Osten;Irak;IRQ;Baghdad;Mahmoudiya, Yusufiya, International Highway;33.13036;44.33567;NB;NB;NB;ZERS;IED;;SK;MIL;Konvoi der internationalen Koalition;;;;;;;;;;;;;;;
;8/14/21;Actualite;https://actualite.cd/2021/08/15/rdc-beni-encore-2-civils-tues-pres-de-kainama;Afrika;DR Kongo;COD;Nord-Kivu;Beni, Kainama, Kafeza/Limbau;0,90234;29,80526;ISCAP;REMO;TRANS;TÖT;FW;Exekutionen;ZIV;PP;;2;;2;;;;Mehrere Häuser in Brand gesteckt;;;;;;;;
;8/14/21;SATP;https://satp.org/terrorist-activity/india-Aug-2021;Südostasien;Indien;IND;Srinagar;Sanat Nagar;34,0308;74,8015;NB;NB;NB;VERL;HGR;;SK;MLZ;CRPF;;;;;1;;;;;;;;;;
;8/14/21;SATP;https://satp.org/terrorist-activity/pakistan-Aug-2021;Naher & Mittlerer Osten;Pakistan;PAK;Karachi City;Mawach Goth;24,9227;66,9436;NB;NB;NB;TÖT;HGR;;ZIV;PP;;13;;;;;;;;;;;;;;
;8/14/21;SATP;https://satp.org/terrorist-activity/pakistan-Aug-2021;Naher & Mittlerer Osten;Pakistan;PAK;Loralai;Shahrig;30,333;68,7928;NB;NB;NB;TÖT;FW;;SK;MLZ;Frontier Corps;;;;1;2;;;;;;;;;;
;8/14/21;NINA;https://www.ninanews.com/Website/News/Details?key=921311;Naher & Mittlerer Osten;Irak;IRQ;Nineveh;Hatra;35.2860;42.0450;NB;NB;NB;ZERS;RAM;Katyusha Raketen;ZIV;ÖP;Dorf;;;;;;;;;;;;;;;
;8/14/21;NINA;https://www.ninanews.com/Website/News/Details?key=921394;Naher & Mittlerer Osten;Irak;IRQ;Kirkuk;;35.4562;44.3968;NB;NB;NB;VERL;HGR;;SK;MIL;Ranghoher Offizier;;;;;1;;;Ein Soldat wurde verletzt;;;;;;;
;8/15/21;Radio Okapi;https://www.radiookapi.net/2021/08/16/actualite/securite/rdc-trois-ressortissants-chinois-disparus-dans-une-region-miniere;Afrika;DR Kongo;COD;Ituri;Djugu, Itendey;1,79289;30,08680;CODECO;SEP;REG;ENTF;FW;;ZIV;UNT;Chinesische Staatsbürger, Goldmine;;;3;;;;;;;;;;;;
;8/15/21;SATP;https://satp.org/terrorist-activity/india-Aug-2021;Südostasien;Indien;IND;East Khasi Hills;Shillong;25,5828;91,8924;NB;NB;NB;ZERS;IED;;ZIV;GOV;;;;;;;;;;;;;;;;
;8/15/21;SATP;https://satp.org/terrorist-activity/pakistan-Aug-2021;Naher & Mittlerer Osten;Pakistan;PAK;Lower Dir;Daro;34,975;71,825;NB;NB;NB;VERL;IED;;SK;POL;Eliteeinheit;;;;;4;;;;;;;;;;
;8/15/21;Crisis Group;https://www.crisisgroup.org/crisiswatch/database?location_region%5B0%5D=1&location%5B0%5D=26&crisis_state=&created=custom&from_month=1&from_year=2021&to_month=12&to_year=2021&page=0;Afrika;Mali;MLI;Menaka;Menaka town;15.92757;2.35609;NB;NB;NB;TÖT;IED;;SK;MIL;Malische Streitkräfte;;;;3;;;;;;;;;;;
;8/15/21;NINA;https://www.ninanews.com/Website/News/Details?key=921634;Naher & Mittlerer Osten;Irak;IRQ;Diyala;Khanaqin, Al-Kasarat;34.38800;45.33590;ISIS;REMO;TRANS;VERL;FW;Scharfschütze;SK;MIL;Militärposten;;;;;1;;;;;;;;;;
;8/16/21;Crisis Group , Al Jazeera;https://www.crisisgroup.org/crisiswatch/database?location%5B0%5D=28&crisis_state=&created=custom&from_month=1&from_year=2021&to_month=12&to_year=2021&page=0 , https://www.aljazeera.com/news/2021/8/18/seven-killed-in-attack-at-shell-facility-in-nigerias-southeast;Afrika;Nigeria;NGA;Imo;Ohaji;5.44790;6.83010;Indigenous People of Biafra;SEP;REG;TÖT;FW;;ZIV;UNT;Ölindustrie Arbeiterkonvoi;6;;;1;;;;;;;;;;;
;8/16/21;Spiegel , Crisis Group;https://www.spiegel.de/ausland/niger-bewaffnete-angreifer-toeten-37-menschen-a-7cea4e46-85eb-4830-af56-6d3af0771343 , https://www.crisisgroup.org/crisiswatch/database?location%5B0%5D=27&crisis_state=&created=custom&from_month=1&from_year=2021&to_month=12&to_year=2021&page=0;Afrika;Niger;NER;Tillaberi;Darey Dey;15.19509;2.91376;ISGS;REMO;TRANS;TÖT;FW;;ZIV;PP;;37;;;;;;;;;;;;;;
;8/16/21;SATP;https://satp.org/terrorist-activity/india-Aug-2021;Südostasien;Indien;IND;Handwara;Langate;34,3764;74,3074;NB;NB;NB;VERL;HGR;;SK;MLZ;CRPF;;;;;1;;;;;;;;;;
;8/16/21;NINA;https://www.ninanews.com/Website/News/Details?key=921673;Naher & Mittlerer Osten;Irak;IRQ;Kirkuk;;35.75153;44.18993;NB;NB;NB;ZERS;IED;;ZIV;KI;Energieversorgung;;;;;;;2 Hochspannungsmasten zerstört;;;;;;;;
;8/17/21;Radio Okapi , Actualite;https://www.radiookapi.net/2021/08/17/actualite/securite/rdc-lhopital-ditendey-et-tout-son-materiel-incendies-par-la-milice , https://actualite.cd/2021/08/18/rdc-djugu-lhopital-general-de-reference-de-kilo-incendie-par-les-miliciens-codeco;Afrika;DR Kongo;COD;Ituri;Djugu, Itendey;1,79289;30,08680;CODECO;SEP;REG;TÖT;BRA;Auch Feuerwaffen;ZIV;KI;Krankenhaus;1;1;;;;;Krankenhaus und medizinische Ausrüstung sowie Häuser und Geschäfte in Brand gesteckt;;;;;;;;
;8/17/21;Radio Okapi;https://www.radiookapi.net/2021/08/18/actualite/securite/tanganyika-trois-personnes-tuees-dans-une-attaque-de-la-milice-twa-au;Afrika;DR Kongo;COD;Tanganyika;Nyunzu, Quatre;-5,60140;28,39690;Apa na Pale (Twa, Mai-Mai);SEP;REG;TÖT;FW;;ZIV;PP;Dorf;3;6;10;;;;;;;;;;;;
;8/17/21;Crisis Group;https://www.crisisgroup.org/crisiswatch/database?location%5B0%5D=27&crisis_state=&created=custom&from_month=1&from_year=2021&to_month=12&to_year=2021&page=0;Afrika;Niger;NER;Maradi;Dakoro-Tessaoua road;14.50946;6.76445;ISGS;REMO;TRANS;TÖT;FW;;SK;mIL;Nationalgarda;;;;2;;;;;;;;;;;
;8/17/21;Actualite;https://actualite.cd/2021/08/18/rdcetat-de-siege-encore-deux-vehicules-incendies-au-cours-dune-attaque-adf-irumu;Afrika;DR Kongo;COD;Ituri;Irumu, Ofaye-Mafifi road;1,21055;29,69235;ISCAP;REMO;TRANS;ZERS;BRA;;ZIV;PP;;;;;;;;2 Fahrzeuge in Brand gesteckt;Keine Personenschäden bekannt;;;;;;;
;8/17/21;SATP;https://satp.org/terrorist-activity/india-Aug-2021;Südostasien;Indien;IND;Kulgam;Brazloo;33,6463;75,0513;NB;NB;NB;TÖT;FW;;ZIV;GOV;;1;;;;;;;;;;;;;;
;8/17/21;Hiiraan Online , Anadolu Ajansi , Somali Guardian;https://www.hiiraan.com/news/2021/Aug/wararka_maanta18-178489.htm?utm_source=hiiraan&utm_medium=WararkaMaantaFront , https://www.aa.com.tr/en/africa/al-shabaab-attack-in-central-somalia-kills-senior-military-official/2338346 , https://somaliguardian.com/news/somalia-news/at-least-20-soldiers-including-3-commanders-killed-in-central-somalia-attack/;Afrika;Somalia;SOM;Mudug;Bacaadweyne;5.32234;47.91161;Al-Shabaab;REMO;NAT;TÖT;FW;;SK;MLZ;Militärbasis;;;;21;10;;;;;;;;;;
;8/17/21;NINA;https://www.ninanews.com/Website/News/Details?key=921911;Naher & Mittlerer Osten;Irak;IRQ;Diyala;Miqdadiyah, Al-Ali;34.04199;44.96003;ISIS;REMO;TRANS;TÖT;FW;;SK;MIL;Militärposten;;;;3;1;;;;;;;;;;
;8/17/21;NINA;https://www.ninanews.com/Website/News/Details?key=921880;Naher & Mittlerer Osten;Irak;IRQ;Dhi Qar;;31.28596;46.30694;NB;NB;NB;ZERS;IED;;SK;MIL;Konvoi der internationalen Koalition;;;;;;;;;;;;;;;
;8/17/21;NINA;https://www.ninanews.com/Website/News/Details?key=921880;Naher & Mittlerer Osten;Irak;IRQ;Saladin;;34.37631;43.64460;NB;NB;NB;ZERS;IED;;SK;MIL;Konvoi der internationalen Koalition;;;;;;;;;;;;;;;
;8/17/21;NINA;https://www.ninanews.com/Website/News/Details?key=921996;Naher & Mittlerer Osten;Irak;IRQ;Baghdad;;33.30772;44.38665;NB;NB;NB;ZERS;IED;;SK;MIL;Konvoi der internationalen Koalition;;;;;;;;;;;;;;;
;8/18/21;Radio Okapi;https://www.radiookapi.net/2021/08/19/actualite/securite/tanganyika-nouvelle-attaque-des-miliciens-apa-na-pale-kisengo;Afrika;DR Kongo;COD;Tanganyika;Nyunzu, Kisengo;-5,65150;28,33790;Apa na Pale (Twa, Mai-Mai);SEP;REG;TÖT;SON;Personen bei lebendigem Leib verbrannt;ZIV;PP;;4;5;;;;;"""(…) several houses burned.""";"""Several people were killed (…)."", Opferzahlen geschätzt";;;;;;;
;8/18/21;U.S. Dept. of State , Vatican News;https://www.state.gov/reports/country-reports-on-terrorism-2021/burkina-faso/ , https://www.vaticannews.va/de/welt/news/2021-08/burkina-faso-fast-50-tote-nach-anschlag.html;Afrika;Burkina Faso;BFA;Sahel;Séno, R6 Dori-Arbinda, Gorgadji;14,16363;-0,68952;ISGS;REMO;TRANS;TÖT;FW;;ZIV;PP;Zivilistenkonvoi;30;10;;17;9;;;19 Verletzte (unklar wieviele SK oder ZIV);;;;;;;
;8/18/21;SATP;https://satp.org/terrorist-activity/india-Aug-2021;Südostasien;Indien;IND;Gumla;Judwani forest;23,2102;84,4746;CPI-M;SOZ;NAT;TÖT;IED;Mine;ZIV;PP;;1;;;;;;;;;;;;;;
;8/18/21;U.S. Dept. of State;https://www.state.gov/reports/country-reports-on-terrorism-2021/somalia/;Afrika;Somalia;SOM;Puntland;;9.75200;50.08700;ISS;REMO;TRANS;TÖT;FW;;ZIV;GOV;Bürgermeister;1;;;;;;;;;;;;;;
;8/18/21;Daily Sabah;https://www.dailysabah.com/politics/war-on-terror/ypg-terrorists-target-civilian-areas-kill-3-in-syrias-afrin;Naher & Mittlerer Osten ;Syrien;SYR;Aleppo;Afrin city;36.51465;36.86912;YPG;SEP;REG;TÖT;RAM;Raketen;ZIV;PP;Stadt;3;4;;;;;;;;;;;;;
;8/18/21;NINA;https://www.ninanews.com/Website/News/Details?key=922050;Naher & Mittlerer Osten;Irak;IRQ;Diyala;Miqdadiyah;33.97241;44.92760;NB;NB;NB;TÖT;FW;;ZIV;PP;;1;;;;;;;;;;;;;;
;8/19/21;Merkur;https://www.merkur.de/politik/tote-nach-brandanschlag-im-sueden-von-chile-90930975.html;Lateinamerika;Chile;CHL;Biobio;Tirúa;-38.3419;-73.4913;NB;NB;NB;TÖT;BRA;;ZIV;PP;Überfall auf Dorf;2;;;;;;Drei Hütten in Brand gesteckt;;;;;;;;
;8/19/21;Radio Okapi;https://www.radiookapi.net/2021/08/19/actualite/securite/ituri-affrontements-entre-les-fardc-et-les-adf-malaya;Afrika;DR Kongo;COD;Ituri;Irumu, Mambelenga;1,03412;29,58658;ISCAP;REMO;TRANS;TÖT;FW;;SK;MIL;Armeeposition;;;;;;;;Keine Personenschäden angegeben;;;;;;;
;8/19/21;Radio Okapi;https://www.radiookapi.net/2021/08/20/actualite/securite/beni-9-civils-tues-dans-une-attaque-armee-katanda , https://www.radiookapi.net/2021/08/21/actualite/securite/beni-le-cephadho-exprime-son-inquietude-face-aux-nouvelles-tueries-des;Afrika;DR Kongo;COD;Nord-Kivu;Beni, Katanda;0,23790;29,42690;ISCAP;REMO;TRANS;TÖT;FW;;ZIV;PP;;10;;4;;;;;"""(…) several other people are missing.""";;;;;;;
;8/19/21;SATP;https://satp.org/terrorist-activity/india-Aug-2021;Südostasien;Indien;IND;Kulgam;Devsar;33,6342;75,0797;NB;NB;NB;TÖT;FW;;ZIV;GOV;;1;;;;;;;;;;;;;;
;8/19/21;SATP;https://satp.org/terrorist-activity/india-Aug-2021;Südostasien;Indien;IND;Srinagar;Saraf Kadal;34,0863;74,7916;NB;NB;NB;VERL;HGR;;SK;POL;;;1;;;2;;;;;;;;;;
;8/19/21;Fides;https://www.fides.org/en/news/70669-AFRICA_MALI_After_Burkina_Faso_now_also_Mali_At_least_15_soldiers_die_in_a_jihadist_attack;Afrika;Mali;MLI;Mopti;Douentza, Boni;15.07688;-2.22114;NB;REMO;NB;TÖT;IED;IED und Feuerwaffen;SK;MIL;Militärkonvoi;;;;15;4;;;"""(…) and several wounded.""; Jihadists als Angreifer identifiziert";;;;;;;
;8/19/21;SATP;https://satp.org/terrorist-activity/pakistan-Aug-2021;Naher & Mittlerer Osten;Pakistan;PAK;Quetta;Airport Road;30,2466;66,9817;NB;NB;NB;TÖT;FW;;ZIV;PP;;2;;;;;;;;;;;;;;
;8/19/21;Hiiraan Online;https://www.hiiraan.com/news/2021/Aug/wararka_maanta19-178508.htm?utm_source=hiiraan&utm_medium=WararkaMaantaFront , https://www.hiiraan.com/news4/2021/Aug/183622/al_shabaab_claims_responsibility_for_suicide_bomb_attack.aspx?utm_source=hiiraan&utm_medium=SomaliNewsUpdateFront;Afrika;Somalia;SOM;Mogadishu;Shangani, Jubba junction;2.03950;45.34729;Al-Shabaab;REMO;NAT;TÖT;IED;Selbstmordanschlag;SK;POL;Restaurant in Nähe von Intelligence Agency;1;2;;3;2;;;"""(…) and several others wounded (…).""; Verletztenzahlen können nicht eindeutig ZIV oder SK zugeordnet werden";;;;;;;
;8/19/21;NINA;https://www.ninanews.com/Website/News/Details?key=922238;Naher & Mittlerer Osten;Irak;IRQ;Diyala;Baquba, Buhriz, Abu Khamis;33.60803;44.66618;NB;NB;NB;VERL;IED;;SK;MIL;;;;;;3;;Ziegelfabrik ausgebrannt;Nach Brandanschlag auf eine Ziegelfabrik wurden umliegende Dörfer von den Attentätern beschossen und das zur Hilfe kommende Militär wurde mit einem Sprengsatz angegriffen;;;;;;;
;8/20/21;SATP , Reuters;https://satp.org/terrorist-activity/pakistan-Aug-2021 , https://www.reuters.com/world/asia-pacific/two-killed-suicide-bombing-targeting-chinese-nationals-southwest-pakistan-2021-08-20/;Naher & Mittlerer Osten;Pakistan;PAK;Gwadar;Gwadar Expressway;25,2135;62,3581;Balochistan Liberation Army ;SEP;REG;TÖT;IED;Selbstmordanschlag;ZIV;PP;Chinesische Staatsbürger;3;3;;;;;;;;;;;;;
;8/20/21;SATP;https://satp.org/terrorist-activity/india-Aug-2021;Südostasien;Indien;IND;Narayanpur;Chhotedongar;19,4583;81,3364;CPI-M;SOZ;NAT;TÖT;FW;;SK;MLZ;ITBP;;;;2;;;;;;;;;;;
;8/20/21;ACLED;https://www.caboligado.com/reports/cabo-ligado-weekly-16-22-august-2021;Afrika;Mosambik;MOZ;Cabo Delgado;Nangade, Lijungo;-11,27819;39,84036;NB;REMO;REG;VERL;FW;;ZIV;GOV;Dorfanführer;;2;;;;;;;;;;;;;
;8/20/21;Carta de Mocambique , ACLED;https://cartamz.com/index.php/politica/item/8689-homens-armados-emboscam-e-alvejam-oficiais-da-policia-no-niassa , https://www.caboligado.com/reports/cabo-ligado-weekly-6-12-december-2021;Afrika;Mosambik;MOZ;Niassa;Mavago;-12,60880;36,20840;NB;REMO;REG;TÖT;FW;;SK;POL;Polizeiinspekteure;;;;1;3;;;"""The remaining members of the delegation are receiving medical tratment (…).""";;;;;;;
;8/20/21;SATP;https://satp.org/terrorist-activity/pakistan-Aug-2021;Naher & Mittlerer Osten;Pakistan;PAK;Mamond tehsil;Khwajawast;34,8326;71,4033;NB;NB;NB;TÖT;FW;;ZIV;PP;;1;;;;;;;;;;;;;;
;8/20/21;SATP;https://satp.org/terrorist-activity/pakistan-Aug-2021;Naher & Mittlerer Osten;Pakistan;PAK;Muhajir Colony;Jamia Masjid;29,4053;71,6625;NB;NB;NB;TÖT;HGR;;ZIV;ÖP;Feiertagsprozession;3;50;;;;;;;;;;;;;
;8/20/21;Hiiraan Online;https://www.hiiraan.com/news/2021/Aug/wararka_maanta20-178513.htm?utm_source=hiiraan&utm_medium=WararkaMaantaFront;Afrika;Somalia;SOM;Lower Juba;Kolbiyow;-1.13620;41.22109;Al-Shabaab;REMO;NAT;TÖT;IED;Mine;SK;MIL;Kenyanische Soldaten, Konvoi;;;;1;1;;;Keine genauen Angaben zu Personenschäden;;;;;;;
;8/20/21;NINA;https://www.ninanews.com/Website/News/Details?key=922444;Naher & Mittlerer Osten;Irak;IRQ;Baghdad;Al-Tarmia, Tarmia;33.66650;44.37932;ISIS;REMO;TRANS;VERL;FW;;SK;MLZ;PMF;;;;;1;;;;;;;;;;
;8/21/21;Meir Amit Intelligence and Terrorism Information Center;https://www.terrorism-info.org.il/en/violence-along-the-gaza-strip-border/;Naher & Mittlerer Osten;Israel;ISR;South;Ashkelon, Karni Crossing;31.47219;34.47543;Hamas;REMO;REG;VERL;FW;;SK;POL;Grenzpolizist;;;;;1;;;Im Zuge einer gewaltsamen Demonstration auf Polizisten geschossen;;;;;;;
;8/21/21;Nau.ch;https://www.nau.ch/news/ausland/gouverneur-mindestens-17-tote-bei-terrorangriff-im-niger-65986808;Afrika;Niger;NER;Tillaberi;Anzarou;14.51801;1.22870;NB;NB;NB;TÖT;FW;;ZIV;REL;Moschee;17;;;;;;;;;;;;;;
;8/21/21;NINA;https://www.ninanews.com/Website/News/Details?key=922589;Naher & Mittlerer Osten;Irak;IRQ;Diyala;Miqdadiyah;33.96201;44.92782;NB;NB;NB;VERL;FW;;ZIV;PP;;;1;;;;;;;;;;;;;
;8/22/21;U.S. Dept. of State;https://www.state.gov/reports/country-reports-on-terrorism-2021/lebanon;Naher & Mittlerer Osten;Libanon;LBN;North Governorate;Tripoli;34.43381;35.83809;ISIS;REMO;TRANS;TÖT;FW;;SK;MIL;Ehem. LAF officer;1;;;;;;;;;;;;;;
;8/22/21;SATP;https://satp.org/terrorist-activity/india-Aug-2021;Südostasien;Indien;IND;Baramulla;Kreeri;34,1704;74,4711;NB;NB;NB;ZERS;HGR;;ZIV;VIP;Sarpanch;;;;;;;;;;;;;;;
;8/22/21;SATP;https://satp.org/terrorist-activity/pakistan-Aug-2021;Naher & Mittlerer Osten;Pakistan;PAK;Khuzdar;Gichik;27,8149;66,6022;NB;NB;NB;TÖT;IED;Mine;SK;MIL;;;;;1;2;;;;;;;;;;
;8/22/21;NINA;https://www.ninanews.com/Website/News/Details?key=922760;Naher & Mittlerer Osten;Irak;IRQ;Sulaymaniyah;Kalar, Balkaneh;34.90677;45.00034;NB;NB;NB;TÖT;IED;;ZIV;PP;2 Jäger;1;1;;;;;;;;;;;;;
;8/23/21;Radio Okapi;https://www.radiookapi.net/2021/08/26/actualite/securite/ituri-trois-corps-sans-vie-decouverts-dans-la-brousse-djugu;Afrika;DR Kongo;COD;Ituri;Djugu, Wazabo;1,83780;30,10060;CODECO;SEP;REG;TÖT;FW;;ZIV;PP;;4;;;;;;;Zuerst entführt, dann getötet;;;;;;;
;8/23/21;SATP;https://satp.org/terrorist-activity/india-Aug-2021;Südostasien;Indien;IND;Eidgah;Ali Masjid;34,0965;74,7916;NB;NB;NB;VERL;HGR;;SK;MLZ;CRPF;;;;;1;;;;;;;;;;
;8/23/21;Syrian Network for Human Rights , Daily Sabah;https://news.snhr.org/2021/08/23/a-car-bomb-exploded-in-izaz-city-in-aleppo-suburbs-on-august-23/ , https://www.dailysabah.com/politics/war-on-terror/3-civilians-injured-in-suspected-ypgpkk-car-bomb-in-syrias-azaz;Naher & Mittlerer Osten ;Syrien;SYR;Aleppo;Azaz city;36.58882;37.04719;YPG;SEP;REG;VERL;IED;;ZIV;PP;Hof für Gütertransfer;;7;;;;;Korn Zentrum teilweise beschädigt;;;;;;;;
;8/23/21;NINA;https://www.ninanews.com/Website/News/Details?key=923069;Naher & Mittlerer Osten;Irak;IRQ;Diyala;Miqdadiyah, Abi Sayda, Abu Karma ;33.90695;44.72444;ISIS;REMO;TRANS;VERL;FW;Scharfschütze;SK;POL;Polizeioffizier;;;;;1;;;;;;;;;;
;8/23/21;NINA;https://www.ninanews.com/Website/News/Details?key=922958;Naher & Mittlerer Osten;Irak;IRQ;Nineveh;Sinjar;36.31941;41.85980;NB;NB;NB;ENTF;FW;;ZIV;ETH;Jesiden;;;2;;;;;;;;;;;;
;8/24/21;Crisis Group;https://www.crisisgroup.org/crisiswatch/database?location%5B0%5D=27&crisis_state=&created=custom&from_month=1&from_year=2021&to_month=12&to_year=2021&page=0;Afrika;Niger;NER;Diffa;Baroua;13.88258;13.17302;Boko Haram;REMO;TRANS;TÖT;FW;;SK;MIL;Militärposten;;;;16;9;;;;;;;;;;
;8/24/21;SATP;https://satp.org/terrorist-activity/india-Aug-2021;Südostasien;Indien;IND;Srinagar;Zaina Kadal;34,0944;74,8067;NB;NB;NB;ZERS;HGR;;SK;MLZ;CRPF;;;;;;;Außenposten beschädigt;;;;;;;;
;8/24/21;SATP;https://satp.org/terrorist-activity/pakistan-Aug-2021;Naher & Mittlerer Osten;Pakistan;PAK;Quetta;Marwar;30,0684;67,4278;NB;NB;NB;TÖT;FW;;ZIV;UNT;Kohleminenarbeiter;4;;;;;;;;;;;;;;
;8/24/21;Horn Observer , Crisis Group;https://hornobserver.com/articles/1265/Ten-people-killed-in-al-Shabaab-attack-in-central-Somalia , https://www.crisisgroup.org/crisiswatch/database?location%5B%5D=12&crisis_state=&created=custom&from_month=1&from_year=2021&to_month=12&to_year=2021;Afrika;Somalia;SOM;Mudug;Amara;5.26498;47.90915;Al-Shabaab;REMO;NAT;TÖT;IED;Selbstmordanschlag, dann Stürmung;SK;MIL;Militärstützpunkt;4;2;;6;11;;;;;;;;;;
;8/24/21;NINA;https://www.ninanews.com/Website/News/Details?key=923110;Naher & Mittlerer Osten;Irak;IRQ;Najaf;Najaf, Al-Rafidain Center for Dialogue;32.00138;44.33035;NB;NB;NB;ZERS;FW;RPG;ZIV;EDU;Think Tank;;;;;;;Gebäude beschädigt;;;;;;;;
;8/24/21;NINA;https://www.ninanews.com/Website/News/Details?key=923163;Naher & Mittlerer Osten;Irak;IRQ;Qadisiyah;Diwaniyah, Highway 1;32.04842;45.02378;NB;NB;NB;ZERS;IED;;SK;MIL;Konvoi der internationalen Koalition;;;;;;;;;;;;;;;
;8/24/21;NINA;https://www.ninanews.com/Website/News/Details?key=923163;Naher & Mittlerer Osten;Irak;IRQ;Muthanna;Al-Warka, Highway 1;31.50509;45.54743;NB;NB;NB;ZERS;IED;;SK;MIL;Konvoi der internationalen Koalition;;;;;;;;;;;;;;;
;8/24/21;NINA;https://www.ninanews.com/Website/News/Details?key=923261;Naher & Mittlerer Osten;Irak;IRQ;Baghdad;Mahmoudiya, Yusufiyah, International Highway;33.16055;44.25671;NB;NB;NB;ZERS;IED;;SK;MIL;Konvoi der internationalen Koalition;;;;;;;;;;;;;;;
;8/24/21;NINA;https://www.ninanews.com/Website/News/Details?key=923261;Naher & Mittlerer Osten;Irak;IRQ;Babil;Mahawil, International Highway;32.63157;44.52724;NB;NB;NB;ZERS;IED;;SK;MIL;Konvoi der internationalen Koalition;;;;;;;;;;;;;;;
;8/24/21;NINA;https://www.ninanews.com/Website/News/Details?key=923292;Naher & Mittlerer Osten;Irak;IRQ;Baghdad;Kadhimiya, Taji ;33.52111;44.22323;NB;NB;NB;ZERS;IED;;SK;MIL;Konvoi der internationalen Koalition;;;;;;;;;;;;;;;
;8/25/21;SATP;https://satp.org/terrorist-activity/india-Aug-2021;Südostasien;Indien;IND;Chakai;Bajnor Tola;24,5278;86,356;CPI-M;SOZ;NAT;TÖT;FW;;ZIV;PP;Angebliche Informanten;2;;;;;;;;;;;;;;
;8/25/21;U.S. Dept. of State , Deutsche Welle , Reuters;https://www.state.gov/reports/2021-report-on-international-religious-freedom/tanzania/ , https://www.dw.com/en/tanzania-gunman-kills-4-near-french-embassy/a-58984011 , https://www.reuters.com/world/africa/tanzania-says-gunman-who-killed-four-people-last-month-was-terrorist-2021-09-02/;Afrika;Tansania;TZA;Dar es-Salaam;Kinondoni, Französische Botschaft;-6,81420;39,28730;NB;REMO;NB;TÖT;FW;;SK;POL;;;6;;4;;;;Vermutlich durch den IS inspiriert;;;;;;;
;8/25/21;NINA;https://www.ninanews.com/Website/News/Details?key=923428;Naher & Mittlerer Osten;Irak;IRQ;Diyala;Baquba, Bani Saad, Dawajin;33.64631;44.58286;NB;NB;NB;TÖT;IED;;ZIV;PP;Schäfer im Kindesalter;1;;;;;;;;;;;;;;
;8/26/21;Actualite;https://actualite.cd/2021/08/27/rdc-ituri-nouvelle-attaque-une-trentaine-de-km-de-bunia-deux-blesses-par-balles-et-des;Afrika;DR Kongo;COD;Ituri;Djugu, Nyangri;1,80024;30,28568;CODECO;SEP;REG;VERL;FW;;ZIV;PP;;;2;;;;;;;;;;;;;
;8/26/21;SATP;https://satp.org/terrorist-activity/india-Aug-2021;Südostasien;Indien;IND;Dima Hasao;Diyungbra;25,3844;93,0145;Dimasa National Liberation Army;SEP;REG;TÖT;FW;;ZIV;UNT;;5;1;;;;;;;;;;;;;
;8/26/21;SATP, BBC , Accociated Press , CNN;https://satp.org/terrorist-activity/afghanistan-Aug-2021 , https://www.bbc.com/news/world-asia-58349010 , https://apnews.com/article/bombings-evacuations-kabul-bb32ec2b65b54ec24323e021c9b4a553 , https://edition.cnn.com/2021/08/30/asia/rockets-fired-kabul-airport-intl-hnk/index.html;Naher & Mittlerer Osten;Afghanistan;AFG ;Kabul;Kabul city, Hamid Karzai international airport;34,5614;69,21;ISKP;REMO;TRANS;TÖT;IED;Selbstmordattentat;ZIV;ÖP;Auch U.S.-Soldaten Opfer;170;78;;13;22;;;Opferzahlen aus mehreren Quellen geschätzt;;;;;;;
;8/26/21;Voice of America;https://www.voaportugues.com/a/moradores-regressam-a-palma-depois-de-terem-fugido-%C3%A0-viol%C3%AAncia/6079163.html;Afrika;Mosambik;MOZ;Cabo Delgado;Macomia, Mucojo;-12,06853;40,47740;NB;REMO;REG;TÖT;SON;;ZIV;PP;Fischer;10;;;;;;;Alle Opfer geköpft;;;;;;;
;8/26/21;SATP;https://satp.org/terrorist-activity/pakistan-Aug-2021;Naher & Mittlerer Osten;Pakistan;PAK;Khyber Pakhtunkhwa;Lower Dir;34,9161;71,8097;NB;NB;NB;TÖT;FW;;SK;MIL;;;;;1;;;;;;;;;;;
;8/26/21;SATP;https://satp.org/terrorist-activity/pakistan-Aug-2021;Naher & Mittlerer Osten;Pakistan;PAK;Ziarat;Mangi Dam;30,3788;67,4382;NB;NB;NB;TÖT;IED;Landmine;SK;MLZ;Levies;;;;3;3;;;;;;;;;;
;8/26/21;Radio Okapi;https://www.radiookapi.net/2021/08/29/actualite/securite/nord-kivu-un-officier-et-deux-militaires-meurent-dans-deux-attaques;Afrika;DR Kongo;COD;Nord-Kivu;Masisi, Muhongozi;-1,16202;29,03476;NB;NB;NB;TÖT;FW;;SK;MIL;;;;;2;;;;;;;;;;;
;8/27/21;The Star;https://www.the-star.co.ke/news/2022-03-06-kidnapped-mandera-chief-freed-after-six-months/;Afrika;Kenia;KEN;Mandera;Lafey, Lafey city;3,15162;41,18666;Al-Shabaab;REMO;TRANS;ENTF;FW;;ZIV;GOV;Fino locality chief;;;1;;;;;Nach 6 Monaten freigelassen;;;;;;;
;8/27/21;UNOCHA , Al Jazeera , Radio Okapi;https://reliefweb.int/report/democratic-republic-congo/le-coordonnateur-humanitaire-en-rdc-condamne-une-nouvelle-attaque , https://www.aljazeera.com/news/2021/8/28/civilians-killed-adf-ugandan-rebels-dr-congo , https://www.radiookapi.net/2021/08/30/actualite/securite/beni-le-cepadho-condamne-la-mort-de-19-personnes-dans-une-attaque-des;Afrika;DR Kongo;COD;Nord-Kivu;Beni, Kasanzi;0,23749;29,26217;ISCAP;REMO;TRANS;TÖT;SON;Scharfe Waffen und Feuer;ZIV;PP;;19;;4;;;;10 Häuser in Brand gesetzt;"""(…) kidnapped several others (…)""";;;;;;;
;8/27/21;SATP;https://satp.org/terrorist-activity/pakistan-Aug-2021;Naher & Mittlerer Osten;Pakistan;PAK;Panjgur;Guargu;26,9706;64,0887;NB;NB;NB;TÖT;IED;;SK;MLZ;Frontier Corps;;;;1;3;;;;;;;;;;
;8/27/21;Radio Okapi;https://www.radiookapi.net/2021/08/29/actualite/securite/nord-kivu-un-officier-et-deux-militaires-meurent-dans-deux-attaques;Afrika;DR Kongo;COD;Nord-Kivu;Masisi, Katale;-1,43939;28,84498;NB;NB;NB;TÖT;FW;Hinterhalt;SK;MIL;Leutnant;;;;1;;;;;;;;;;;
;8/27/21;Hiiraan Online;https://www.hiiraan.com/news/2021/Aug/wararka_maanta27-178578.htm?utm_source=hiiraan&utm_medium=WararkaMaantaFront;Afrika;Somalia;SOM;Hiiraan;Kabxanley;4.89348;45.09433;NB;NB;NB;TÖT;FW;Hinterhalt;ZIV;PP;Farmer;5;3;;;;;;"""(…) and others were injured (…).""";;;;;;;
;8/28/21;Actualite;https://actualite.cd/2021/08/28/ituri-deux-civils-tues-dans-une-nouvelle-attaque-des-miliciens-codeco-awu;Afrika;DR Kongo;COD;Ituri;Mahagi, Avu;2,18626;30,72696;CODECO;SEP;REG;TÖT;FW;;ZIV;PP;;2;;;;;;;;;;;;;;
;8/28/21;Radio Okapi , Actualite;https://www.radiookapi.net/2021/08/29/actualite/securite/beni-1-mort-et-2-maisons-incendiees-lors-de-lincursion-des-adf-oicha , https://www.radiookapi.net/2021/08/30/actualite/securite/rdc-22-morts-dans-deux-attaques-attribuees-aux-adf-beni , https://actualite.cd/2021/08/30/beni-3-morts-dans-lattaque-de-kekelibo-bilan-revu-la-hausse;Afrika;DR Kongo;COD;Nord-Kivu;Beni, Oicha, Kekelibo/Pwenti;0,65110;29,56300;ISCAP;REMO;TRANS;TÖT;FW;;SK;POL;Polizeiposition;3;1;;;;;2 Häuser in Brand gesteckt, u.a. Polizeiposition;;;;;;;;
;8/28/21;Radio Okapi , Actualite;https://www.radiookapi.net/2021/08/30/actualite/securite/ituri-9-personnes-enlevees-par-les-presumes-adf , https://actualite.cd/2021/08/31/rdc-11-enfants-enleves-par-de-presumes-adf-en-ituri-societe-civile;Afrika;DR Kongo;COD;Ituri;Irumu, Ndimo;1,11646;29,62824;ISCAP;REMO;TRANS;ENTF;FW;;ZIV;PP;;;;11;;;;;;;;;;;;
;8/28/21;Nation Thailand , ucanews;https://www.nationthailand.com/in-focus/40005425 , https://www.ucanews.com/news/suspected-muslim-insurgents-attack-train-in-southern-thailand/94403;Südostasien;Thailand;THA;Narathiwat;Ra-ngae, Tanyong Mat station;6.29272;101.71424;NB;SEP;REG;ZERS;IED;;ZIV;TI;Cargo train;;;;;;;One compartment damaged;Keine Personenschäden;;;;;;;
;8/29/21;U.S. Dept of State;https://www.state.gov/reports/2021-report-on-international-religious-freedom/cameroon/;Afrika;Kamerun;CMR;Sud-Ouest;Manyu, Mamfe;5,74942;9,31181;Amba Boys;SEP;REG;ENTF;FW;;ZIV;REL;Stellv. Bischof;;;1;;;;;Nach einigen Tagen ohne Lösegeld freigelassen;;;;;;;
;8/29/21;SATP , Afghanistan Times;https://satp.org/terrorist-activity/afghanistan-Aug-2021 , https://web.archive.org/web/20240416004851/https://www.afghanistantimes.af/seven-killed-two-attacks-near-kabul-airport/;Naher & Mittlerer Osten;Afghanistan;AFG ;Kabul;Kabul city, Kabul Airport;34,5614;69,21;ISKP;REMO;TRANS;TÖT;RAM;Raketen;ZIV;TI;Flughafen;6;2;;;;;residential building beschädigt;"""(…) and few others were wounded (…).""";;;;;;;
;8/29/21;SATP;https://satp.org/terrorist-activity/pakistan-Aug-2021;Naher & Mittlerer Osten;Pakistan;PAK;Khyber Pakhtunkhwa;Bajaur;34,7313;71,513;NB;NB;NB;TÖT;FW;;SK;MIL;;;;;2;;;;;;;;;;;
;8/29/21;NINA;https://www.ninanews.com/Website/News/Details?key=924431;Naher & Mittlerer Osten;Irak;IRQ;Kirkuk;Hawija, Marata;35.37162;44.01072;ISIS;REMO;TRANS;TÖT;FW;;SK;POL;Checkpoint;;;;1;;;Vier Fahrzeuge und eine Wärmebildkamera beschädigt;;;;;;;;
;8/30/21;HumAngle , U.S. Dept. of State;https://humanglemedia.com/boko-haram-terrorists-abduct-15-fishermen-in-far-north-cameroon/ , https://www.state.gov/reports/country-reports-on-terrorism-2021/cameroon/;Afrika;Kamerun;CMR;Extrême-Nord;Logone-Et-Chari, Blangoua;12,77478;14,55211;Boko Haram;REMO;TRANS;ENTF;FW;;ZIV;PP;Fischer;;;15;;;;;;;;;;;;
;8/30/21;U.S. Dept. of State;https://www.state.gov/reports/country-reports-on-terrorism-2021/saudi-arabia#:~:text=Significant%20cross%2Dborder%20incidents%20in,caused%20damage%20to%20several%20buildings.;Naher & Mittlerer Osten ;Saudi-Arabien;SAU;Asir;Abha, Abha International Airport;18.24393;42.67698;Houthi;REMO;TRANS;VERL;RAM;Drohnen-Angriff;ZIV;TI;Flughafen;;8;;;;;;;;;;;;;
;8/30/21;Nau.ch;https://www.nau.ch/news/ausland/14-verletzte-bei-bombenexplosion-nahe-polizeistation-in-kolumbien-65992496;Lateinamerika;Kolumbien;COL;Norte de Santander;Cúcuta ;7,89416;-72,5038;FARC-EP;SOZ;TRANS;VERL;IED;;SK;POL;Bombe an Polizeiwache detoniert;;2;;;12;;Polizeistation beschädigt;;;;;;;;
;8/30/21;U.S. Dept of State;https://www.state.gov/reports/2021-country-reports-on-human-rights-practices/burkina-faso;Afrika;Burkina Faso;BFA;Sahel;Tin-Akoff, Menzourou;14.91333;-0,34897;NB;NB;NB;TÖT;FW;;ZIV;GOV;Stadtrat;1;;;;;;;;;;;;;;
;8/30/21;SATP;https://satp.org/terrorist-activity/pakistan-Aug-2021;Naher & Mittlerer Osten;Pakistan;PAK;South Waziristan;Asman Manza;32,3202;69,8597;NB;NB;NB;TÖT;IED;;SK;MIL;;;;;1;;;;;;;;;;;
;8/30/21;Radio Okapi;https://www.radiookapi.net/2021/09/01/actualite/securite/nord-kivu-fusillade-dans-un-bistrot-goma-un-mort-et-six-blesses;Afrika;DR Kongo;COD;Nord-Kivu;Goma, Katoyi;-1,65620;29,20810;NB;NB;NB;TÖT;FW;;ZIV;ÖP;Bistro;1;6;;;;;;;;;;;;;
;8/30/21;Crisis Group , PM News;https://www.crisisgroup.org/crisiswatch/database?location%5B0%5D=28&crisis_state=&created=custom&from_month=1&from_year=2021&to_month=12&to_year=2021&page=0 , https://pmnewsnigeria.com/2021/08/31/17-dead-as-troops-flush-out-iswap-terrorists-from-rann-ajiri/;Afrika;Nigeria;NGA;Borno;Rann;12.27002;14.46551;ISWAP;REMO;TRANS;TÖT;FW;;SK;MIL;Militärbasis;5;;;6;;;;Unklar ob Opfer ZIV oder SK, nur 1 ZIV und 1 SK bestätigt;;;;;;;
;8/30/21;Crisis Group , PM News;https://www.crisisgroup.org/crisiswatch/database?location%5B0%5D=28&crisis_state=&created=custom&from_month=1&from_year=2021&to_month=12&to_year=2021&page=0 , https://pmnewsnigeria.com/2021/08/31/17-dead-as-troops-flush-out-iswap-terrorists-from-rann-ajiri/;Afrika;Nigeria;NGA;Borno;Ajiri;11.83140;13.67490;ISWAP;REMO;TRANS;TÖT;FW;;ZIV;PP;;6;;;;;;;;;;;;;;
;8/30/21;Daily Sabah;https://www.dailysabah.com/politics/war-on-terror/ypg-rocket-attack-injures-8-civilians-in-northern-syrias-afrin;Naher & Mittlerer Osten ;Syrien;SYR;Aleppo;Afrin city;36.51465;36.86912;YPG;SEP;REG;VERL;RAM;Raketen;ZIV;PP;Stadt;;8;;;;;;;;;;;;;
;8/30/21;NINA;https://www.ninanews.com/Website/News/Details?key=924513;Naher & Mittlerer Osten;Irak;IRQ;Kirkuk;;35.20720;44.41403;ISIS;REMO;TRANS;ENTF;FW;;ZIV;PP;Farmer;;;3;;;;;;;;;;;;
;8/30/21;NINA;https://www.ninanews.com/Website/News/Details?key=924634;Naher & Mittlerer Osten;Irak;IRQ;Babil;Musayyib, Jurf al-Nasr, Al-Abed Weis;32.83791;44.15697;ISIS;REMO;TRANS;VERL;IED;;SK;MLZ;PMF Checkpoint;;;;;1;;;;;;;;;;
;8/30/21;NINA;https://www.ninanews.com/Website/News/Details?key=924454;Naher & Mittlerer Osten;Irak;IRQ;Maysan;Abu Sakhir;31.56567;47.43622;NB;NB;NB;ZERS;FW;;ZIV;GOV;Office Of The Rapporteur Of The Parliamentary Integrity Committee;;;;;;;;keine Angaben zu Opfern;;;;;;;
;8/30/21;NINA;https://www.ninanews.com/Website/News/Details?key=924483;Naher & Mittlerer Osten;Irak;IRQ;Kirkuk;Wadi al-Shay;35.17058;44.38116;NB;NB;NB;TÖT;IED;;SK;POL;;1;7;;;3;;;;;;;;;;
;8/31/21;SATP;https://satp.org/terrorist-activity/india-Aug-2021;Südostasien;Indien;IND;Rayagada;Tikarpada;19,6167;83,4865;CPI-M;SOZ;NAT;TÖT;FW;;ZIV;PP;Angeblicher Informant;1;;;;;;;;;;;;;;
;8/31/21;Radio Okapi , Actualite;https://www.radiookapi.net/2021/09/01/actualite/securite/beni-3-morts-dans-une-nouvelle-attaque-des-adf-mayi-moya , https://actualite.cd/2021/09/04/rdc-beni-decouverte-macabre-de-deux-corps-sans-vie-pres-de-mayimoya , https://actualite.cd/2021/09/01/beni-3-morts-dans-une-nouvelle-attaque-pres-de-mayimoya , https://actualite.cd/2021/09/02/beni-resurgence-dattaques-adf-pres-de-mayimoya-encore-un-autre-civil-tue;Afrika;DR Kongo;COD;Nord-Kivu;Beni, Mayimoya, Makulu;0,76960;29,56970;ISCAP;REMO;TRANS;TÖT;SON;Macheten;ZIV;PP;Maschinisten;5;;;;;;;;;;;;;;
;8/31/21;Hiiraan Online;https://www.hiiraan.com/news4/2021/Aug/183757/icrc_and_somalia_s_red_crescent_society_condemn_attack_on_somalia_s_red_crescent_clinic_in_bardere.aspx?utm_source=hiiraan&utm_medium=SomaliNewsUpdateFront;Afrika;Somalia;SOM;Gedo;Bardera;2.33724;42.28493;NB;NB;NB;VERL;BRA;;ZIV;KI;Klinik der Somali Red Crescent Society;;3;;;;;;;;;;;;;
;8/31/21;NINA;https://www.ninanews.com/Website/News/Details?key=924705;Naher & Mittlerer Osten;Irak;IRQ;Kirkuk;Kirkuk, Taza Khurmatu, Dogshman ;35.21687;44.18306;ISIS;REMO;TRANS;ZERS;FW;;ZIV;ÖP;Dorf;;;;;;;Ein Wohnhaus abgebrannt, drei zivile Fahrzeuge zerstört und zwei Fahrzeuge aus der Landwirtschaft zerstört.;;;;;;;;
;8/31/21;NINA;https://www.ninanews.com/Website/News/Details?key=924684;Naher & Mittlerer Osten;Irak;IRQ;Qadisiyah;Diwaniyah, International Highway;32.04842;45.02378;NB;NB;NB;ZERS;IED;;SK;MIL;Konvoi der internationalen Koalition;;;;;;;;keine Angaben zu Opfern;;;;;;;
;8/31/21;NINA;https://www.ninanews.com/Website/News/Details?key=924827;Naher & Mittlerer Osten;Irak;IRQ;Babil;Mahawil, International Highway;32.63157;44.52724;NB;NB;NB;ZERS;IED;;SK;MIL;Konvoi der internationalen Koalition;;;;;;;;keine Opfer;;;;;;;
;9/1/21;Al Jazeera , Agenzia Fides , Radio Okapi;https://www.aljazeera.com/news/2021/9/1/attackers-ambush-convoy-eastern-drc-torch-vehicles , https://www.fides.org/en/news/70733-AFRICA_DR_CONGO_Attack_on_a_convoy_of_civilians_in_the_east_of_the_country_by_alleged_members_of_the_Islamic_State , https://www.radiookapi.net/2021/09/01/actualite/securite/ituri-10-morts-et-14-vehicules-incendies-lors-dune-attaque-des-adf;Afrika;DR Kongo;COD;Ituri;Irumu, Ofaye, RN4 road;1,07007;29,58583;ISCAP;REMO;TRANS;TÖT;FW;;ZIV;TI;Ziviler Konvoi mit Miltäreskorte;10;;80;;;;14 Fahrzeuge in Brand gesteckt;60 Geiseln wurden am 02.09. freigelassen;;;;;;;
;9/1/21;Actualite;https://actualite.cd/2021/09/02/beni-resurgence-dattaques-adf-pres-de-mayimoya-encore-un-autre-civil-tue;Afrika;DR Kongo;COD;Nord-Kivu;Beni, Mayimoya-Chanichani road, Baoba;0,78820;29,55090;ISCAP;REMO;TRANS;TÖT;FW;;ZIV;PP;;1;;;;;;Motorrad in Brand gesteckt;;;;;;;;
;9/1/21;SATP;https://satp.org/terrorist-activity/india-Sep-2021;Südostasien;Indien;IND;Anantnag;Sherbagh;33,7314;75,1537;NB;NB;NB;ZERS;HGR;;SK;POL;Police post;;;;;;;;;;;;;;;
;9/1/21;NINA;https://www.ninanews.com/Website/News/Details?key=924880;Naher & Mittlerer Osten;Irak;IRQ;Diyala;Miqdadiyah, Abi Sayda, Islah;33.91463;44.78451;ISIS;REMO;TRANS;VERL;RAM;Mörser und Scharfschützen;ZIV;ÖP;Dorf;;2;;;;;;;;;;;;;
;9/2/21;SATP;https://satp.org/terrorist-activity/india-Sep-2021;Südostasien;Indien;IND;Bijapur;Timmapur;18,5615;80,8902;CPI-M;SOZ;NAT;VERL;IED;;SK;MLZ;CRPF;;;;;1;;;;;;;;;;
;9/2/21;Actualite;https://actualite.cd/2021/09/03/rdc-ituri-deux-morts-et-un-camion-incendie-au-cours-dune-nouvelle-attaque-adf-sur-la-rn4;Afrika;DR Kongo;COD;Ituri;Irumu, Ndalya;0,96700;29,60727;ISCAP;REMO;TRANS;TÖT;FW;;ZIV;PP;;2;;;;;;1 Truck und 2 Motorräder in Brand gesetzt;;;;;;;;
;9/2/21;U.S. Dept. of State , Rabwah Times;https://www.state.gov/reports/2021-report-on-international-religious-freedom/pakistan/ , https://www.rabwah.net/british-ahmadi-shot-dead-pakistan/;Naher & Mittlerer Osten;Pakistan;PAK;Punjab;Gujrat, Dharowal;32,4658;73,9639;NB;NB;NB;TÖT;FW;;ZIV;REL;Mitglied religiöser Minderheit der Ahmadi, britische und pakistanische Staatsbürgerschaft;1;;;;;;;;;;;;;;
;9/2/21;U.S. Dept. of State , Rabwah Times;https://www.state.gov/reports/2021-report-on-international-religious-freedom/pakistan/ , https://www.rabwah.net/british-ahmadi-shot-dead-pakistan/;Naher & Mittlerer Osten;Pakistan;PAK;Punjab;Gujrat, Dharowal;32,4658;73,9639;NB;NB;NB;TÖT;FW;;ZIV;REL;Mitglied religiöser Minderheit der Ahmadi, britische und pakistanische Staatsbürgerschaft;1;;;;;;;;;;;;;;
;9/3/21;BBC , TAZ;https://www.bbc.com/news/world-asia-58446260 , https://taz.de/Messerangriff-in-Neuseeland/!5798935/;Ozeanien;Neuseeland;NZL;Auckland Council;Auckland, LynnaMall, Countdown supermarket;-36.90735;174.68439;IS;REMO;TRANS;VERL;SON;Messerattacke;ZIV;ÖP;Supermarkt;;7;;;;;;;;;;;;;
;9/3/21;Hiiraan Online;https://www.hiiraan.com/news/2021/Sept/wararka_maanta3-178653.htm?utm_source=hiiraan&utm_medium=WararkaMaantaFront;Afrika;Somalia;SOM;Middle Shabelle;Jowhar, Hantiwadaag;2.77974;45.49794;Al-Shabaab;REMO;NAT;VERL;IED;;ZIV;GOV;Mitglieder des Parlaments;;3;;;;;;;;;;;;;
;9/4/21;Crisis Group;https://www.crisisgroup.org/crisiswatch/database?location%5B0%5D=27&crisis_state=&created=custom&from_month=1&from_year=2021&to_month=12&to_year=2021&page=0;Afrika;Niger;NER;Diffa;Kindjandi;13.73794;12.93106;Boko Haram;REMO;TRANS;ENTF;FW;;ZIV;EDU;Lehrer;;;1;;;;;;;;;;;;
;9/4/21;Meir Amit Intelligence and Terrorism Information Center;https://www.terrorism-info.org.il/en/spotlight-on-global-jihad-september-2-13-2021/;Naher & Mittlerer Osten ;Syrien;SYR;Ar-Raqqa;;35.80329;39.10313;ISIS;REMO;TRANS;TÖT;IED;Mine;SK;MIL;Republican Guard;;;;1;;;;;;;;;;;
;9/4/21;Radio Okapi , Africa News;https://www.radiookapi.net/2021/09/06/actualite/securite/le-bilan-de-lattaque-de-samboko-itilemba-revu-la-hausse-au-moins-33 , https://www.africanews.com/2021/09/06/at-least-30-dead-in-dr-congo-massacre-blamed-on-adf-jihadists/;Afrika;DR Kongo;COD;Ituri;Irumu, Samboko Itilemba;0,77147;29,51795;ISCAP;REMO;TRANS;TÖT;SON;Macheten und Feuerwaffen;ZIV;PP;Dorf;33;;;;;;;;;;;;;;
;9/4/21;NINA;https://www.ninanews.com/Website/News/Details?key=925470;Naher & Mittlerer Osten;Irak;IRQ;Diyala;Miqdadiyah, Abi Sayda, Sati;33.93335;44.78331;ISIS;REMO;TRANS;TÖT;FW;;SK;POL;Polizeistation;;;;1;;;;;;;;;;;
;9/4/21;NINA;https://www.ninanews.com/Website/News/Details?key=925471;Naher & Mittlerer Osten;Irak;IRQ;Diyala;Miqdadiyah, Dor al-Safar;33.94364;44.89649;NB;NB;NB;VERL;FW;;SK;POL;Wachleute des ehemaligen Parlamentspräsidenten Salim al-Jubouri;;;;;2;;;;;;;;;;
;9/4/21;NINA;https://www.ninanews.com/Website/News/Details?key=925475;Naher & Mittlerer Osten;Irak;IRQ;Diyala;Ba'quba, Baqubah;33.74490;44.63264;NB;NB;NB;VERL;IED;Autobombe;SK;MLZ;Offizier der PMF;;;;;1;;;;;;;;;;
;9/5/21;Radio Okapi;https://www.radiookapi.net/2021/09/07/actualite/securite/beni-2-civils-tues-dans-une-nouvelle-attaque-attribuable-aux-adf;Afrika;DR Kongo;COD;Nord-Kivu;Beni, Bashu, Musamambo;-0,08630;29,50910;ISCAP;REMO;TRANS;TÖT;FW;;ZIV;PP;;2;;4;;;;;"""(…) several other civilians were taklen hostage (…).""";;;;;;;
;9/5/21;SATP ;https://satp.org/terrorist-activity/pakistan-Sep-2021 ;Naher & Mittlerer Osten;Pakistan;PAK;Quetta;Mastung Road;30,0809;66,9612;Tehrik-i-Taliban Pakistan  ;REMO;TRANS;TÖT;IED;Selbstmordanschlag;SK;MLZ;Frontier Corps;;2;;4;18;;;;;;;;;;
;9/5/21;Daily Sabah;https://www.dailysabah.com/politics/war-on-terror/3-civilians-killed-6-injured-in-ypgpkk-car-bomb-in-syrias-afrin;Naher & Mittlerer Osten ;Syrien;SYR;Aleppo;Afrin city;36.51465;36.86912;YPG;SEP;REG;TÖT;IED;Autobombe;ZIV;PP;;3;6;;;;;;;;;;;;;
;9/5/21;NINA;https://www.ninanews.com/Website/News/Details?key=925483;Naher & Mittlerer Osten;Irak;IRQ;Diyala;Miqdadiyah, Abi Sayda, Sati;33.93335;44.78331;ISIS;REMO;TRANS;TÖT;FW;;SK;POL;checkpoint;;;;2;;;;;;;;;;;
;9/5/21;NINA;https://www.ninanews.com/Website/News/Details?key=925485;Naher & Mittlerer Osten;Irak;IRQ;Diyala;Miqdadiyah, Abi Sayda, Sati;33.93335;44.78331;ISIS;REMO;TRANS;TÖT;IED;;SK;POL;Verstärkung für den am 05.09.2021 angegriffenen Checkpoint in Sateeh ;;;;6;5;;;;;;;;;;
;9/5/21;NINA;https://www.ninanews.com/Website/News/Details?key=925503;Naher & Mittlerer Osten;Irak;IRQ;Diyala;Baquba, Abbara;33.83235;44.71993;ISIS;REMO;TRANS;VERL;FW;;SK;POL;Patrouille;;;;;5;;;;;;;;;;
;9/5/21;NINA;https://www.ninanews.com/Website/News/Details?key=925503;Naher & Mittlerer Osten;Irak;IRQ;Diyala;Baquba, Abbara;33.83235;44.71993;ISIS;REMO;TRANS;VERL;IED;;ZIV;PP;Zivilisten, die den Opfern vom Anschlag auf eine Patrouille am 05.09.2021 in Diyala zur Hilfe kamen;;1;;;;;;;;;;;;;
;9/5/21;NINA;https://www.ninanews.com/Website/News/Details?key=925520;Naher & Mittlerer Osten;Irak;IRQ;Nineveh;Makhmour, Qaraj ;35.61007;43.57598;ISIS;REMO;TRANS;TÖT;FW;;SK;MIL;checkpoint;;;;3;1;;;;;;;;;;
;9/5/21;NINA;https://www.ninanews.com/Website/News/Details?key=925542;Naher & Mittlerer Osten;Irak;IRQ;Nineveh;Mosul, Qayyarah ;35.77949;43.28562;NB;NB;NB;VERL;IED;;SK;POL;Patrouille;;;;;2;;;;;;;;;;
;9/5/21;NINA;https://www.ninanews.com/Website/News/Details?key=925666 , https://www.ninanews.com/Website/News/Details?key=925669;Naher & Mittlerer Osten;Irak;IRQ;Babil;Musayyib, Jurf Al-Nasr;32.86762;44.21594;NB;NB;NB;TÖT;IED;;SK;MLZ;PMF Patrouille, Offizier der PMF;;;;1;3;;;"""A number of PMF were injured""";;;;;;;
;9/6/21;SATP;https://satp.org/terrorist-activity/india-Sep-2021;Südostasien;Indien;IND;Bhadrachalam;Lenin Nagar;17,6717;80,8934;CPI-M;SOZ;NAT;VERL;IED;;ZIV;PP;;;1;;;;;;;;;;;;;
;9/6/21;SATP;https://satp.org/terrorist-activity/pakistan-Sep-2021;Naher & Mittlerer Osten;Pakistan;PAK;Panjgur District;Panjgur Bazar;26,9735;64,089;NB;NB;NB;TÖT;FW;;ZIV;GOV;Health official;2;;;;;;;;;;;;;;
;9/6/21;NINA;https://www.ninanews.com/Website/News/Details?key=925866;Naher & Mittlerer Osten;Irak;IRQ;Diyala;Miqdadiyah, Shigraq ;33.99394;44.91683;ISIS;REMO;TRANS;VERL;FW;Scharfschütze;SK;POL;checkpoint;;;;;1;;Wärmebildkamera beschädigt;;;;;;;;
;9/6/21;NINA;https://www.ninanews.com/Website/News/Details?key=925838;Naher & Mittlerer Osten;Irak;IRQ;Babil;;32.63200;44.56295;NB;NB;NB;ZERS;IED;;SK;MIL;Konvoi der internationalen Koalition;;;;;;;Konvoi beschädigt;;;;;;;;
;9/7/21;Actualite;https://actualite.cd/2021/09/08/etat-de-siege-en-ituri-au-moins-7-civils-tues-mambumembume;Afrika;DR Kongo;COD;Ituri;Irumu, Mambumembume;0,88694;29,41933;ISCAP;REMO;TRANS;TÖT;FW;Exekutionen;ZIV;PP;;7;;;;;;Mehrere Häuser in Brand gesetzt;;;;;;;;
;9/7/21;SATP;https://satp.org/terrorist-activity/pakistan-Sep-2021;Naher & Mittlerer Osten;Pakistan;PAK;North Waziristan;Dosalli;32,813;69,9689;NB;NB;NB;TÖT;IED;;SK;MIL;;;;;2;;;;;;;;;;;
;9/7/21;Crisis Group;https://www.crisisgroup.org/crisiswatch/database?location%5B0%5D=27&crisis_state=&created=custom&from_month=1&from_year=2021&to_month=12&to_year=2021&page=0;Afrika;Niger;NER;Diffa;N'gagam-Ehl Mainari road;13.50880;12.8197;ISWAP;REMO;TRANS;VERL;FW;Hinterhalt;ZIV;PP;;;4;;;;;;;;;;;;;
;9/8/21;SATP;https://satp.org/terrorist-activity/india-Sep-2021;Südostasien;Indien;IND;Zaina Kadal;Mujahid Manzil Islamyarbal;34,0923;74,8082;NB;NB;NB;ZERS;HGR;;SK;MLZ;CRPF;;;;;;;;;;;;;;;
;9/8/21;Daily Sabah;https://www.dailysabah.com/world/syrian-crisis/civilian-killed-in-terrorist-attack-in-syrias-ras-al-ain;Naher & Mittlerer Osten ;Syrien;SYR;Al-Hasakah;Ras al-Ayn city;36.84959;40.07399;NB;NB;NB;TÖT;IED;;ZIV;PP;;1;;;;;;;;;;;;;;
;9/8/21;NINA;https://www.ninanews.com/Website/News/Details?key=926063;Naher & Mittlerer Osten;Irak;IRQ;Diyala;Khanaqin, Ghiya;34.38014;45.42847;ISIS;REMO;TRANS;VERL;IED;;SK;MIL;Militärposten und ankommende Verstärkung;;;;;3;;;;;;;;;;
;9/8/21;NINA;https://www.ninanews.com/Website/News/Details?key=926110;Naher & Mittlerer Osten;Irak;IRQ;Diyala;Balad Ruz, Mandali-Balad Ruz road;33.72248;45.28131;NB;NB;NB;TÖT;FW;Schüsse aus fahrendem Auto;ZIV;PP;;3;1;;;;;;;;;;;;;
;9/8/21;NINA;https://www.ninanews.com/Website/News/Details?key=926205;Naher & Mittlerer Osten;Irak;IRQ;Qadisiyah;Diwaniya, international highway;31.98566;44.92344;NB;NB;NB;ZERS;IED;;SK;MIL;Konvoi der internationalen Koalition;;;;;;;Fahrzeug beschädigt;;;;;;;;
;9/9/21;Crisis Group;https://www.crisisgroup.org/crisiswatch/database?location%5B0%5D=27&crisis_state=&created=custom&from_month=1&from_year=2021&to_month=12&to_year=2021&page=0;Afrika;Niger;NER;Tillaberi;Ouallam, Niarbou Kouara;14.68769;1.89349;ISGS;REMO;TRANS;TÖT;FW;;ZIV;PP;Dorf;11;;;;;;;;;;;;;;
;9/9/21;SATP;https://satp.org/terrorist-activity/pakistan-Sep-2021;Naher & Mittlerer Osten;Pakistan;PAK;Turbat;Buleda;26,4024;62,9176;NB;NB;NB;TÖT;FW;;SK;MLZ;Frontier Corps;;;;2;1;;;;;;;;;;
;9/9/21;New Arab;https://www.newarab.com/news/russian-soldier-killed-syrian-roadside-blast;Naher & Mittlerer Osten ;Syrien;SYR;Homs;;34.63896;36.94123;NB;NB;NB;TÖT;IED;Bombe am Straßenrand;SK;MIL;Russischer Soldat;;;;1;;;;;;;;;;;
;9/9/21;Club of Mozambique;https://clubofmozambique.com/news/mozambique-attack-on-commercial-establishment-leaves-one-dead-in-sofala-200859/ , https://clubofmozambique.com/news/mozambique-who-attacked-in-muanza-district-dw-202133/;Afrika;Mosambik;MOZ;Sofala;Muanza, Chinapanimba;-18,72134;34,64006;Renamo Military Junta;SEP;REG;TÖT;FW;;ZIV;PP;;2;1;;;;;;;;;;;;;
;9/9/21;NINA;https://www.ninanews.com/Website/News/Details?key=926270;Naher & Mittlerer Osten;Irak;IRQ;Diyala;Baquba, Al-Takiya;33.74468;44.63286;NB;NB;NB;VERL;HGR;;ZIV;PP;;;4;;;;;;;;;;;;;
;9/10/21;Radio Okapi , Actualite;https://www.radiookapi.net/2021/09/11/actualite/securite/beni-4-morts-3-blesses-lors-dune-nouvelle-attaque-des-adf-kitsimba , https://actualite.cd/2021/09/10/etat-de-siege-beni-4-morts-lors-dune-nouvelle-attaque-kainama;Afrika;DR Kongo;COD;Nord-Kivu;Beni, Kitsimba;0,91155;29,83844;ISCAP;REMO;TRANS;TÖT;FW;;ZIV;PP;;4;3;;;;;;;;;;;;;
;9/10/21;Radio Okapi;https://www.radiookapi.net/2021/09/12/actualite/securite/ituri-trois-vehicules-et-des-maisons-incendies-par-les-presumes-adf , https://www.radiookapi.net/2021/09/12/actualite/securite/ituri-6-morts-lors-de-lattaque-de-ndimo-fardc;Afrika;DR Kongo;COD;Ituri;Irumu, Ndimo;1,11646;29,62824;ISCAP;REMO;TRANS;TÖT;BRA;;ZIV;PP;;2;;;;;;34 Häuser, 1 Hotel, 12 Motorrad-Taxen und ein Truck in Brand gesetzt;;;;;;;;
;9/10/21;SATP;https://satp.org/terrorist-activity/india-Sep-2021;Südostasien;Indien;IND;Srinagar;Chhanapora;34,0338;74,8086;NB;NB;NB;VERL;HGR;;SK;MLZ;CRPF;;2;;;1;;;;;;;;;;
;9/10/21;SATP;https://satp.org/terrorist-activity/pakistan-Sep-2021;Naher & Mittlerer Osten;Pakistan;PAK;Rawalpindi;Fateh Jang interchange;33,6129;72,8577;NB;NB;NB;TÖT;FW;;SK;POL;;1;;;;1;;;;;;;;;;
;9/10/21;Meir Amit Intelligence and Terrorism Information Center;https://www.terrorism-info.org.il/en/news-of-terrorism-and-the-israeli-palestinian-conflict-september-1-12-2021/;Naher & Mittlerer Osten;Israel;ISR;Jerusalem;Old City, Lion Gate;31.78082;35.23686;NB;NB;NB;VERL;SON;Messer;SK;POL;Granzpolizist;;;;;1;;;;;;;;;;
;9/10/21;NINA;https://www.ninanews.com/Website/News/Details?key=926452;Naher & Mittlerer Osten;Irak;IRQ;Diyala;Miqdadiyah, Abu Dahan;33.91028;44.95305;ISIS;REMO;TRANS;VERL;FW;;SK;MIL;checkpoint vom Militär und der PMF;;;;;2;;;;;;;;;;
;9/10/21;NINA;https://www.ninanews.com/Website/News/Details?key=926381;Naher & Mittlerer Osten;Irak;IRQ;Diyala;Khalis, Jdeidet Al-Shatt, Arab Barghash;34.12381;44.64183;NB;NB;NB;TÖT;IED;Bombe am Straßenrand;ZIV;PP;;2;;;;;;;;;;;;;;
;9/11/21;colombiareports;https://colombiareports.com/colombia-says-5-soldiers-killed-6-injured-in-guerrilla-attack/;Lateinamerika;Kolumbien;COL;Arauca;Arauquita, Bocas Del Juju;7,026111;-71,427222;ELN;SOZ;NAT;TÖT;FW;;SK ;MIL;;;;;5;6;;;;;;;;;;
;9/11/21;Radio Okapi;https://www.radiookapi.net/2021/09/12/actualite/securite/irumu-decouverte-babukela-des-corps-sans-vie-de-deux-operateurs;Afrika;DR Kongo;COD;Ituri;Irumu, Gbalana;1,49890;30,20350;FPIC;SEP;REG;TÖT;FW;;ZIV;UNT;Persönlichkeiten aus der Wirtschaft;2;;2;;;;;Erst 4 entführt, dann zwei erschossen;;;;;;;
;9/11/21;SOS-Torture/Burundi;https://sostortureburundi.org/wp-content/uploads/2021/11/Quarterly_report_3_2021.pdf;Afrika;Burundi;BDI;Bururi;Mugamba, Vyuya, Cogo;-3,70540;29,66180;NB;NB;NB;VERL;FW;Hinterhalt;ZIV;PP;Truck mit Kohle;;4;;;;;;;;;;;;;
;9/11/21;Crisis Group;https://www.crisisgroup.org/crisiswatch/database?location_region%5B0%5D=1&location%5B0%5D=26&crisis_state=&created=custom&from_month=1&from_year=2021&to_month=12&to_year=2021&page=0;Afrika;Mali;MLI;Koulikoro;Kolokani, Didieni;13.88366;-8.09101;NB;NB;NB;TÖT;FW;;ZIV;PP;Marokkanische Staatsbürger;2;;;;;;;;;;;;;;
;9/11/21;NINA;https://www.ninanews.com/Website/News/Details?key=926475;Naher & Mittlerer Osten;Irak;IRQ;Nineveh;Makhmur, Qaraj, Khattab;35.63885;43.51736;ISIS;REMO;TRANS;TÖT;FW;;ZIV;ÖP;Dorf und Tribal Mobilization Truppen;2;5;;2;;;;;;;;;;;
;9/11/21;NINA;https://www.ninanews.com/Website/News/Details?key=926606;Naher & Mittlerer Osten;Irak;IRQ;Kirkuk;Daquq, Rashad, Al-Saidiyah;35.21428;44.11586;ISIS;REMO;TRANS;TÖT;FW;;SK;POL;Checkpoint;;;;3;;;;;;;;;;;
;9/11/21;NINA;https://www.ninanews.com/Website/News/Details?key=926538;Naher & Mittlerer Osten;Irak;IRQ;Najaf;;31.33839;43.84103;NB;NB;NB;ENTF;FW;;ZIV;VIP;Stammesführer;;;1;;;;;;;;;;;;
;9/12/21;Al Jazeera;https://www.aljazeera.com/news/2021/9/20/rebel-attacks-kill-15-soldiers-in-troubled-cameroon;Afrika;Kamerun;CMR;Nord-Ouest;Bui, Kumbo;6,20944;10,68677;Amba Boys;SEP;REG;TÖT;IED;;SK;MIL;Miltärkonvoi;2;;;5;;;;15 Soldaten und mehrere Zivilisten in zwei Anschlägen in Bamessing und Kumbo getötet;;;;;;;
;9/12/21;U.S. Dept. of State , ACLED;https://www.state.gov/reports/country-reports-on-terrorism-2021/mozambique/ , https://www.caboligado.com/reports/cabo-ligado-weekly-6-12-september-2021 , https://www.caboligado.com/reports/cabo-ligado-weekly-13-19-september-2021;Afrika;Mosambik;MOZ;Cabo Delgado;Mocimboa da Praia, Mbau-Indegue road;-11,62680;40,22580;ISCAP;REMO;TRANS;TÖT;IED;Minenexplosion und Einsatz von raketenbetriebenen Granaten;SK;MIL;Armeekonvoi;;;;4;6;;;;;;;;;;
;9/12/21;Radio Okapi;https://www.radiookapi.net/2021/09/13/actualite/securite/beni-un-mort-apres-explosion-dune-bombe-artisanale;Afrika;DR Kongo;COD;Nord-Kivu;Beni, Ruwenzori, Ntoma;0,12430;29,70800;ISCAP;REMO;TRANS;TÖT;IED;Bombe in Feld platziert;ZIV;PP;;1;1;;;;;;;;;;;;;
;9/12/21;SATP;https://satp.org/terrorist-activity/india-Sep-2021;Südostasien;Indien;IND;Srinagar;Khanyar;34,0911;74,8195;NB;NB;NB;TÖT;FW;;SK;POL;;;;;1;;;;;;;;;;;
;9/12/21;Radio Okapi;https://www.radiookapi.net/2021/09/14/actualite/securite/sud-kivu-les-fardc-condamnent-lassassinat-de-lacteur-politique;Afrika;DR Kongo;COD;Sud-Kivu;Fizi, Kiziba;-3,92330;28,71290;NB;NB;NB;TÖT;FW;;ZIV;GOV;Politische Figur;1;;;;;;;;;;;;;;
;9/12/21;HumAngle , Crisis Group;https://humanglemedia.com/jnim-coalition-of-terrorists-intensifying-attacks-in-the-sahel/ , https://www.crisisgroup.org/crisiswatch/database?location_region%5B0%5D=1&location%5B0%5D=26&crisis_state=&created=custom&from_month=1&from_year=2021&to_month=12&to_year=2021&page=0;Afrika;Mali;MLI;Segou;Macina;13.90200;-5.30100;JNIM;REMO;TRANS;TÖT;FW;Hinterhalt;SK;MIL;Militär Patrouille;;;;5;;;Militärfahrzeuge zerstört;;;;;;;;
;9/12/21;NINA;https://www.ninanews.com/Website/News/Details?key=926624 , https://www.ninanews.com/Website/News/Details?key=926627 , https://www.ninanews.com/Website/News/Details?key=926629 , https://www.ninanews.com/Website/News/Details?key=926639;Naher & Mittlerer Osten;Irak;IRQ;Erbil ;Erbil, International Airport;36.24042;43.94657;NB;NB;NB;ZERS;SON;Drohnenangriff;ZIV;TI;Flughafen;;;;;;;;keine Opfer;;;;;;;
;9/12/21;NINA;https://www.ninanews.com/Website/News/Details?key=926668;Naher & Mittlerer Osten;Irak;IRQ;Kirkuk;Daquq, Ghaida/Shubaija;34.96397;44.25645;NB;NB;NB;VERL;IED;;SK;POL;;;;;;2;;;;;;;;;;
;9/13/21;Crisis Group;https://www.crisisgroup.org/crisiswatch/database?location%5B0%5D=27&crisis_state=&created=custom&from_month=1&from_year=2021&to_month=12&to_year=2021&page=0;Afrika;Niger;NER;Diffa;Blabrine-N'guigmi road;13.80810;12.94500;Boko Haram;REMO;TRANS;VERL;FW;;ZIV;TI;Transportfahrzeug;;1;;;;;;;;;;;;;
;9/13/21;Meir Amit Intelligence and Terrorism Information Center;https://www.terrorism-info.org.il/en/spotlight-on-global-jihad-september-14-october-6-2021/;Naher & Mittlerer Osten ;Syrien;SYR;Homs;Tadmur, Al-Suknah;34.72980;39.18104;ISIS;REMO;TRANS;TÖT;FW;Auch Mörser und RPGs;SK;MLZ;Positionen Iran-freundlicher Milizen;;;;8;9;;;;;;;;;;
;9/13/21;Radio Okapi;https://www.radiookapi.net/2021/09/14/actualite/securite/ituri-une-nouvelle-attaque-des-adf-sur-la-route-komanda-luna;Afrika;DR Kongo;COD;Ituri;Irumu, Mahala;1,09844;29,61841;ISCAP;REMO;TRANS;TÖT;FW;Hinterhalt auf Straße;ZIV;PP;;3;;3;;;;2 Fahrzeuge in Brand gesetzt;"""(…) others are missing.""";;;;;;;
;9/13/21;Meir Amit Intelligence and Terrorism Information Center;https://www.terrorism-info.org.il/en/news-of-terrorism-and-the-israeli-palestinian-conflict-september-13-october-5-2021/;Naher & Mittlerer Osten;Israel;ISR;Jerusalem;Romema, Central Bus Station, Jaffa road;31.78865;35.20338;NB;NB;NB;VERL;SON;Messer;ZIV;PP;Geschäft;;2;;;;;;;;;;;;;
;9/13/21;NINA;https://www.ninanews.com/Website/News/Details?key=926833;Naher & Mittlerer Osten;Irak;IRQ;Diyala;Al-Azim, Al-Tala'a;33.99233;44.60415;ISIS;REMO;TRANS;TÖT;FW;;SK;MIL;Militärposten;;;;3;1;;;;;;;;;;
;9/13/21;NINA;https://www.ninanews.com/Website/News/Details?key=926833;Naher & Mittlerer Osten;Irak;IRQ;Diyala;Al-Azim;34.03445;44.52724;ISIS;REMO;TRANS;VERL;FW;;SK;MIL;Militärposten;;;;;1;;;;;;;;;;
;9/13/21;NINA;https://www.ninanews.com/Website/News/Details?key=926937;Naher & Mittlerer Osten;Irak;IRQ;Nineveh;Tel Afar, Tel Araf;36.37413;42.44345;NB;NB;NB;TÖT;FW;;ZIV;GOV;Gemeindemitarbeiter;1;;;;;;;;;;;;;;
;9/14/21;SATP;https://satp.org/terrorist-activity/india-Sep-2021;Südostasien;Indien;IND;Pulwama;Pulwama chowk;33,873;74,8928;NB;NB;NB;VERL;HGR;;SK;MLZ;;;4;;;;;;;;;;;;;
;9/14/21;Hiiraan Online;https://www.hiiraan.com/news4/2021/Sept/183916/11_killed_as_suicide_bombing_hits_somalia_s_mogadishu.aspx?utm_source=hiiraan&utm_medium=SomaliNewsUpdateFront;Afrika;Somalia;SOM;Mogadishu;Wadajir;2.02055;45.28805;Al-Shabaab;REMO;NAT;TÖT;IED;Selbstmordanschlag;SK;MIL;Cafe, Militärs;3;3;;8;1;;;"Opferzahlen können nicht eindeutig ZIV oder SK zugeordnet werden; ""Several people, most of them civilians, were also wounded (…).""";;;;;;;
;9/14/21;HumAngle , Crisis Group;https://humanglemedia.com/jnim-coalition-of-terrorists-intensifying-attacks-in-the-sahel/ , https://www.crisisgroup.org/crisiswatch/database?location_region%5B0%5D=1&location%5B0%5D=26&crisis_state=&created=custom&from_month=1&from_year=2021&to_month=12&to_year=2021&page=0;Afrika;Mali;MLI;Sikasso;Yorosso, Mahou;12.13244;-4.62883;JNIM;REMO;TRANS;TÖT;FW;;SK;MIL;Militär Stützpunkte;;;;2;2;;;Verletztenzahlen geschätzt;;;;;;;
;9/14/21;NINA;https://www.ninanews.com/Website/News/Details?key=927021 , https://www.ninanews.com/Website/News/Details?key=927026;Naher & Mittlerer Osten;Irak;IRQ;Diyala;Baquba, Kann'an, Kanan ;33.69358;44.79877;NB;NB;NB;VERL;IED;Motorradbombe;ZIV;GOV;Konvoi eines ehemaligen Parlamentsmitglieds;;3;;;;;;;;;;;;;
;9/14/21;NINA;https://www.ninanews.com/Website/News/Details?key=927124;Naher & Mittlerer Osten;Irak;IRQ;Nineveh;Hatra, Khneifis;35.50058;42.44259;NB;NB;NB;VERL;FW;;SK;MIL;Checkpoint;;;;;2;;;;;;;;;;
;9/14/21;NINA;https://www.ninanews.com/Website/News/Details?key=927177;Naher & Mittlerer Osten;Irak;IRQ;Diyala;al-Wajihiya, Baquba-Miqdadiyah Road;33.89553;44.81044;NB;NB;NB;TÖT;FW;;ZIV;PP;LKW-Fahrer;1;;;;;;;;;;;;;;
;9/14/21;NINA;https://www.ninanews.com/Website/News/Details?key=927345;Naher & Mittlerer Osten;Irak;IRQ;Diyala;Baquba, Bani Saad, Al-Bazul;33.70274;44.52917;ISIS;REMO;TRANS;ZERS;FW;;SK;MIL;Militärposten;;;;;;;;;;;;;;;
;9/15/21;NINA;https://www.ninanews.com/Website/News/Details?key=927345;Naher & Mittlerer Osten;Irak;IRQ;Diyala;Miqdadiyah;33.91879;44.94473;ISIS;REMO;TRANS;TÖT;FW;;SK;MIL;Militärposten;;;;1;;;;;;;;;;;
;9/15/21;NINA;https://www.ninanews.com/Website/News/Details?key=927406;Naher & Mittlerer Osten;Irak;IRQ;Diyala;Khanaqin;34.37157;45.34590;ISIS;REMO;TRANS;TÖT;FW;;SK;MIL;Militärposten;;;;1;1;;;;;;;;;;
;9/15/21;NINA;https://www.ninanews.com/Website/News/Details?key=927406;Naher & Mittlerer Osten;Irak;IRQ;Diyala;Khanaqin;34.37157;45.34590;ISIS;REMO;TRANS;TÖT;IED;;SK;MIL;Verstärkung für den am 15.09.2021 angegriffenen Militärposten in Khanaqin;;;;;2;;;;;;;;;;
;9/15/21;NINA;https://www.ninanews.com/Website/News/Details?key=927259;Naher & Mittlerer Osten;Irak;IRQ;Babil;Jurf Al-Nasr, Al-Ruway'iyah;32.86335;44.19806;NB;NB;NB;TÖT;FW;Scharfschütze;SK;MLZ;PMF;;;;1;;;;;;;;;;;
;9/15/21;NINA;https://www.ninanews.com/Website/News/Details?key=927419;Naher & Mittlerer Osten;Irak;IRQ;Dohuk ;Dinarti, Kani Tuz/Nerki;36.82083;43.07053;PKK;SEP;REG;TÖT;IED;Autobombe;SK;MIL;Peschmerga ;;;;2;;;;;;;;;;;
;9/16/21;Al Jazeera;https://www.aljazeera.com/news/2021/9/20/rebel-attacks-kill-15-soldiers-in-troubled-cameroon;Afrika;Kamerun;CMR;Nord-Ouest;Mezam, Bamessing;5,97815;10,36098;Amba Boys;SEP;REG;TÖT;IED;IED, Raketenwerfer und Schüsse;SK;MIL;Miltärkonvoi;2;;;10;;;;15 Soldaten und mehrere Zivilisten in zwei Anschlägen in Bamessing und Kumbo getötet;;;;;;;
;9/16/21;Actualite;https://actualite.cd/2021/09/18/rdc-irumu-le-village-tchicha-incendie-par-des-presumes-combattants-fpic;Afrika;DR Kongo;COD;Ituri;Irumu, Kabarole, Tchicha;1,57394;30,12511;FPIC;SEP;REG;ZERS;BRA;;ZIV;PP;Dorf;;;;;;;Dorf fast komplett in Brand gesteckt;Keine Personenschäden;;;;;;;
;9/16/21;colombiareports;https://colombiareports.com/colombias-defense-minister-called-to-congress-over-child-bombings/ , https://colombiareports.com/top-commander-of-colombias-eln-guerrillas-dies-in-hospital/;Lateinamerika;Kolumbien;COL;Choco;Cali;3,457222;-76,528333;NB;NB;NB;TÖT;IED;;ZIV;PP;die Bombe sollte einen Terroristen töten, erwischte aber 2 Kinder (kodiere ich das als ZIV?) Hat der Minister diesen Angriff befohlen (dann kein Terrorismus?;8;;;;;;;;;;;;;;
;9/16/21;Radio Okapi;https://www.radiookapi.net/2021/09/16/actualite/securite/beni-8-morts-et-plusieurs-maisons-incendiees-dans-une-attaque-des;Afrika;DR Kongo;COD;Nord-Kivu;Beni, Mutendero;0,19954;29,41601;ISCAP;REMO;TRANS;TÖT;FW;;ZIV;PP;Traditioneller Anführer;8;;;;;;Mehrere Häuser in Brand gesetzt;;;;;;;;
;9/16/21;ACLED , Carta de Mocambique;https://www.caboligado.com/reports/cabo-ligado-weekly-13-19-september-2021 , https://cartamz.com/index.php/politica/item/8907-encontrados-mais-tres-corpos-de-pessoas-decapitadas-em-quissanga;Afrika;Mosambik;MOZ;Cabo Delgado;Quissanga, Namaluco;-12,34468;40,31451;NB;REMO;REG;TÖT;FW;;ZIV;REL;Alkoholbrauer;8;;;;;;;;;;;;;;
;9/16/21;U.S. Dept. of State;https://www.state.gov/reports/country-reports-on-terrorism-2021/bangladesh/;Südostasien;Bangladesh;BGD;Dhaka;Gulshan;23.7880; 90.4120;NB;NB;NB;ZERS;IED;;ZIV;GOV;Ziel sollte Auto der US Botschaft sein;;;;;;;;keine Verletzten;;;;;;;
;9/16/21;UNOCHA;https://reliefweb.int/report/democratic-republic-congo/rd-congo-note-d-informations-humanitaires-pour-la-province-du-23;Afrika;DR Kongo;COD;Nord-Kivu;Nyiragongo, Kanyamahoro, Goma-Kibumba road;-1,54180;29,30420;NB;NB;NB;VERL;FW;;ZIV;PP;NGO;;3;;;;;;;;;;;;;
;9/16/21;Crisis Group , Ripples Nigeria , PM News , Sahara Reporters;https://www.crisisgroup.org/crisiswatch/database?location%5B0%5D=28&crisis_state=&created=custom&from_month=1&from_year=2021&to_month=12&to_year=2021&page=0 , https://www.ripplesnigeria.com/boko-haram-iswap-terrorists-allegedly-ambush-nigerian-soldiers-kill-many-in-borno/ , https://pmnewsnigeria.com/2021/09/17/16-nigerian-soldiers-2-civilians-killed-in-iswap-terrorists-ambush/ , https://saharareporters.com/2021/09/21/busted-nigerian-army-secretly-contacts-families-boko-haram-fighters-kill-25-soldiers;Afrika;Nigeria;NGA;Borno;Maiduguri-Monguno road;12.14200;13.07370;ISWAP;REMO;TRANS;TÖT;IED;Bomben, dann Raketen und schweres Waffenfeuer;SK;MIL;Militärkonvoi;;;;25;4;2;Mehrere Militärfahrzeuge zerstört;;;;;;;;
;9/16/21;Actualite;https://actualite.cd/2021/09/17/maniema-deux-morts-et-deux-blesses-lors-dune-attaque-des-miliciens-mai-mai-contre-une;Afrika;DR Kongo;COD;Maniema;Kabambare, Lukolo;-4,95209;28,74332;Mai-Mai;SEP;REG;TÖT;FW;;SK;MIL;Armeeposition;1;1;;1;1;;;;;;;;;;
;9/16/21;NINA;https://www.ninanews.com/Website/News/Details?key=927464;Naher & Mittlerer Osten;Irak;IRQ;Nineveh;Qayyarah, Hamdaniya, Safina;35.98037;43.33918;ISIS;REMO;TRANS;VERL;IED;;ZIV;PP;;;2;;;;;;;;;;;;;
;9/16/21;NINA;https://www.ninanews.com/Website/News/Details?key=927443;Naher & Mittlerer Osten;Irak;IRQ;Basra;Basra, Al-Hakimiyah;30.49543;47.80855;NB;NB;NB;VERL;FW;Schüsse aus fahrendem Auto;SK;MLZ;PMF;;;;;1;;;;;;;;;;
;9/16/21;NINA;https://www.ninanews.com/Website/News/Details?key=927593;Naher & Mittlerer Osten;Irak;IRQ;Diyala;Miqdadiyah;33.90832;44.96653;NB;NB;NB;ZERS;RAM;Mörser;ZIV;ÖP;Distrikt;;;;;;;;keine Opfer;;;;;;;
;9/17/21;SATP;https://satp.org/terrorist-activity/india-Sep-2021;Südostasien;Indien;IND;Kulgam;Neehama;33,6367;74,8905;NB;NB;NB;TÖT;FW;;ZIV;PP;;1;;;;;;;;;;;;;;
;9/17/21;SATP;https://satp.org/terrorist-activity/india-Sep-2021;Südostasien;Indien;IND;Kulgam;Wanpoh;33,7293;75,1092;NB;NB;NB;TÖT;FW;;ZIV;UNT;Railway Wachmann;1;;;;;;;;;;;;;;
;9/17/21;EUROPOL , Atalayar;https://www.europol.europa.eu/cms/sites/default/files/documents/Tesat_Report_2022_0.pdf , https://www.atalayar.com/en/articulo/politics/hit-and-run-murcia-under-suspicion-terrorist-attack/20210923095028153033.html;Europa;Spanien;ESP;Murcia;Torre-Pacheco, Roldan;37.79760;-1.00660;NB;REMO;NB;TÖT;SON;Mit Auto gerammt;ZIV;ÖP;Restaurant;1;5;;;;;;;;;;;;;
;9/17/21;Radio Okapi;https://www.radiookapi.net/2021/09/19/actualite/securite/beni-une-ancienne-position-des-fardc-incendiee-par-des-mai-mai-bashu;Afrika;DR Kongo;COD;Nord-Kivu;Beni, Bashu, Kithehe;0,25330;29,40150;Mai-Mai;SEP;REG;ZERS;BRA;;SK;MIL;Armeeposition;;;;;;;Verlassene Armeeposition in Brand gesetzt;Keine Personenschäden;;;;;;;
;9/17/21;NINA;https://www.ninanews.com/Website/News/Details?key=927675;Naher & Mittlerer Osten;Irak;IRQ;Sulaymaniyah;Jawar Jara;35.40329;45.23041;NB;NB;NB;TÖT;FW;;ZIV;GOV;Shukri Sarhad, Parteiführer der Kurdischen Arbeiterpartei;1;;;;;;;;;;;;;;
;9/18/21;Crisis Group;https://www.crisisgroup.org/crisiswatch/database?location%5B0%5D=83&crisis_state=&created=custom&from_month=1&from_year=2021&to_month=12&to_year=2021&page=0;Naher & Mittlerer Osten ;Syrien;SYR;Homs;Palmyra city;34.56562;38.29615;ISIS;REMO;TRANS;TÖT;FW;;SK;MLZ;Regime-freundliche Kämpfer;;;;5;;;;;;;;;;;
;9/18/21;Meir Amit Intelligence and Terrorism Information Center;https://www.terrorism-info.org.il/en/spotlight-on-global-jihad-september-14-october-6-2021/;Naher & Mittlerer Osten ;Syrien;SYR;Deir ez-Zor;Al-Bukamal;34.59000;40.00400;ISIS;REMO;TRANS;TÖT;FW;;SK;MIL;Syrische Soldaten;;;;2;7;;;;;;;;;;
;9/18/21;Meir Amit Intelligence and Terrorism Information Center;https://www.terrorism-info.org.il/en/spotlight-on-global-jihad-september-14-october-6-2021/;Naher & Mittlerer Osten ;Syrien;SYR;Rif Dimashq;Deir Ali power plant;33.26981;36.32903;ISIS;REMO;TRANS;ZERS;IED;;ZIV;KI;Power Pylons, Gaspipeline;;;;;;;2 Power Pylons in Deir Ali power plant und eine Pipeline zwischen Deir Ali und  Tishreen zerstört, Koordinaten bziehen sich auf Deir Ali power plant;Keine Personenschäden;;;;;;;
;9/18/21;U.S. Dept. of State , Crisis24;https://www.state.gov/reports/country-reports-on-terrorism-2021/philippines , https://crisis24.garda.com/alerts/2021/09/philippines-eight-people-wounded-due-to-bomb-explosion-in-datu-piang-maguindanao-province-sept-18 ;Südostasien;Philippinen;PHL;Bangsamoro Autonomous Region in Muslim Mindanao;Maguindanao del Sur, Datu Piang, Dulawan;7.02781;124.50271;Bangsamoro Islamic Freedom Fighters ;REMO;REG;VERL;IED;Detonation auf Volleyball-Platz;ZIV;ÖP;LGBTQI+-Community;;8;;;;;;;;;;;;;
;9/18/21;SATP , Afghan Online Press;https://satp.org/terrorist-activity/afghanistan-Sep-2021 , http://www.aopnews.com/taliban/at-least-three-killed-more-than-20-wounded-in-afghan-blasts/;Naher & Mittlerer Osten;Afghanistan;AFG ;Kabul;Kabul city, PD13;34,4826;69,0575;ISKP;REMO;TRANS;VERL;IED;;ZIV;PP;Shiiten;;3;;;;;;;;;;;;;
;9/18/21;SATP , Afghan Online Press , Aljazeera;https://satp.org/terrorist-activity/afghanistan-Sep-2021 , http://www.aopnews.com/taliban/at-least-three-killed-more-than-20-wounded-in-afghan-blasts/ , https://www.aljazeera.com/news/2021/9/18/afghanistan-several-reported-dead-jalalabad-blasts;Naher & Mittlerer Osten;Afghanistan;AFG ;Nangarhar;Jalalabad;34,4235;70,4607;ISKP;REMO;TRANS;TÖT;IED;Serie von 5 Explosionen;SK;POL;Taliban;3;;;4;30;;;;;;;;;;
;9/18/21;Voice of America;https://www.voaportugues.com/a/novos-ataques-provocam-mais-de-15-mortos-em-quissanga/6243880.html;Afrika;Mosambik;MOZ;Cabo Delgado;Quissanga, Bilibiza;-12,60470;40,25430;NB;REMO;REG;TÖT;FW;;ZIV;PP;Fischer;5;;;;;;;;;;;;;;
;9/18/21;News24;https://www.news24.com/news24/africa/news/burundi-rebel-group-claims-airport-attack-20210919;Afrika;Burundi;BDI;Bujumbura Mairie;Bujumbura, International airport;-3,32320;29,31990;RED-Tabara;SEP;REG;ZERS;RAM;Mörser;ZIV;TI;Flughafen, 1 Tag vor geplanter Abreise des Präsidenten;;;;;;;Keine Schäden;Keine Personenschäden;;;;;;;
;9/19/21;U.S. Dept. of State , The Defense Post;https://www.state.gov/reports/country-reports-on-terrorism-2021/chad/ , https://www.thedefensepost.com/2021/09/22/chad-villagers-killed-jihadists/;Afrika;Tschad;TCD;Lac;Kadjigoroum;13,53435;14,31255;Boko Haram;REMO;TRANS;TÖT;FW;;ZIV;PP;Dorf;9;;;;;;Dorf in Brand gesetzt;;;;;;;;
;9/19/21;Crisis Group , The Defense Post;https://www.crisisgroup.org/crisiswatch/database?location%5B0%5D=28&crisis_state=&created=custom&from_month=1&from_year=2021&to_month=12&to_year=2021&page=0 , https://thedefensepost.com/2021/09/20/gunmen-kill-police-nigeria/;Afrika;Nigeria;NGA;Anambra;Onitsha, Ukegbu junction;6.14616;6.80190;Indigenous People of Biafra;SEP;REG;TÖT;FW;;SK;POL;Polizeipatrouille;;;;3;1;;;"""Other officers were wounded (…).""";;;;;;;
;9/19/21;SATP;https://satp.org/terrorist-activity/india-Sep-2021;Südostasien;Indien;IND;Gadchiroli;Hedri;19,5926;80,3485;CPI-M;SOZ;NAT;TÖT;FW;;ZIV;UNT;Ehem. Minenarbeiter;1;;;;;;;;;;;;;;
;9/19/21;SATP , Washington Post , Afghan Online Press;https://satp.org/terrorist-activity/afghanistan-Sep-2021 , https://www.washingtonpost.com/world/2021/09/19/islamic-state-khorasan-afghanistan-taliban-attacks/ , http://www.aopnews.com/taliban/blast-hits-taliban-vehicle-in-eastern-afghanistan/;Naher & Mittlerer Osten;Afghanistan;AFG ;Nangarhar;Jalalabad, PD5;34,4248;70,4365;ISKP;REMO;TRANS;TÖT;IED;;SK;POL;Taliban;3;1;;;3;;Power Line beschädigt;Anzahl Tote, Verletzte durch mehrere Quellen zusammengeschätzt, konservative Schätzung;;;;;;;
;9/19/21;SATP;https://satp.org/terrorist-activity/pakistan-Sep-2021;Naher & Mittlerer Osten;Pakistan;PAK;Kohat;Dhal Behzadi;33,5109;71,502;NB;NB;NB;TÖT;FW;;ZIV;NGO;Polio Vax;;;;1;;;;;;;;;;;
;9/19/21;Hiiraan Online;https://www.hiiraan.com/news4/2021/Sept/183966/al_shabaab_bombing_destroys_section_of_airport_in_central_somalia.aspx?utm_source=hiiraan&utm_medium=SomaliNewsUpdateFront;Afrika;Somalia;SOM;Hiiraan;Bulo Burte airport;3.87552;45.51273;Al-Shabaab;REMO;NAT;TÖT;IED;Mine;ZIV;TI;Flughafen;2;;;;;;Teile des Flughafens zerstört;;;;;;;;
;9/19/21;NewVision;https://www.newvision.co.ug/category/world/two-dead-in-grenade-attack-on-burundi-bar-sec-NV_115202;Afrika;Burundi;BDI;Gitega;Gitega city;-3,42850;29,92570;RED-Tabara;SEP;REG;TÖT;HGR;;ZIV;GOV;Bar mit vielen Mitgliedern der Regierungspartei;2;8;;;;;;;;;;;;;
;9/19/21;Actualite;https://actualite.cd/2021/09/20/sud-kivu-un-militaire-tue-dans-une-embuscade-des-miliciens-pres-de-kamombo-fizi;Afrika;DR Kongo;COD;Sud-Kivu;Fizi, Tanganyika, Kamombo-Mikenge road, Mikarati;-3,96136;28,87499;Twirwaneho;SEP;REG;TÖT;FW;Hinterhalt;SK;MIL;Armeekonvoi;;;;1;;;;;;;;;;;
;9/20/21;Voice of America;https://www.voaportugues.com/a/novos-ataques-provocam-mais-de-15-mortos-em-quissanga/6243880.html;Afrika;Mosambik;MOZ;Cabo Delgado;Quissanga, Tapara;-12,58725;40,17907;ISCAP;REMO;TRANS;TÖT;FW;;ZIV;PP;;7;;;;;;;;;;;;;;
;9/20/21;U.S. Dept. of State , ACLED;https://www.state.gov/reports/country-reports-on-terrorism-2021/tanzania , https://www.state.gov/reports/2021-report-on-international-religious-freedom/tanzania/ , https://www.caboligado.com/reports/cabo-ligado-weekly-20-26-september-2021;Afrika;Tansania;TZA;Mtwara;Mtwara, Mahurunga, Kagera;-10,54140;40,27990;ISCAP;REMO;TRANS;TÖT;SON;;ZIV;REL;Menschen, die den Koran nicht rezitieren können;6;;14;;;;Geschäfte und Häuser in Brand gesetzt;Mindestens 18 Menschen ursprünglich entführt, mindestens 4 davon geköpft, Frauen später freigelassen;;;;;;;
;9/20/21;Al Jazeera;https://www.aljazeera.com/news/2021/9/21/burundi-probes-grenade-blasts-pledges-stamp-out-terrorists , https://www.reuters.com/world/africa/burundi-grenade-blasts-kill-five-health-worker-says-2021-09-21/;Afrika;Burundi;BDI;Bujumbura Mairie;Bujumbura, Bwiza;-3,37340;29,36860;NB;NB;NB;TÖT;HGR;Handgranaten an mehreren Orten;ZIV;ÖP;Parkplatz, Markt;5;100;;;;;;;;;;;;;
;9/21/21;Crisis Group;https://www.crisisgroup.org/crisiswatch/database?location%5B0%5D=27&crisis_state=&created=custom&from_month=1&from_year=2021&to_month=12&to_year=2021&page=0;Afrika;Niger;NER;Diffa;Nguigmi;14.25224;13.11235;Boko Haram;REMO;TRANS;ENTF;FW;;ZIV;PP;Dorfoberhaupt, Frauen, Kinder;;;21;;;;;;;;;;;;
;9/21/21;Actualite;https://actualite.cd/2021/09/22/ituri-une-nouvelle-attaque-des-miliciens-codeco-fait-un-mort-kilo;Afrika;DR Kongo;COD;Ituri;Djugu, Bunia-Mongbwalu road;1,78722;30,24648;CODECO;SEP;REG;TÖT;FW;Hinterhalt;ZIV;PP;;1;;1;;;;;Köpfung;;;;;;;
;9/21/21;SATP;https://satp.org/terrorist-activity/india-Sep-2021;Südostasien;Indien;IND;Budgam;Lassipora Khag;33,965;74,5084;NB;NB;NB;VERL;FW;;SK;POL;;;1;;;;;;;;;;;;;
;9/21/21;NINA;https://www.ninanews.com/Website/News/Details?key=928327;Naher & Mittlerer Osten;Irak;IRQ;Diyala;Waqf Basin, Chalabi ;34.02293;45.10471;NB;NB;NB;VERL;IED;;SK;POL;Patrouille;;;;3;;;;;;;;;;;
;9/22/21;SATP;https://satp.org/terrorist-activity/afghanistan-Sep-2021;Naher & Mittlerer Osten;Afghanistan;AFG ;Nangarhar;Jalalabad;34,4235;70,4607;ISKP;REMO;TRANS;TÖT;IED;;SK;POL;Taliban;1;;;;2;;;;;;;;;;
;9/22/21;SATP;https://satp.org/terrorist-activity/afghanistan-Sep-2021;Naher & Mittlerer Osten;Afghanistan;AFG ;Nangarhar;Jalalabad;34,4235;70,4607;ISKP;REMO;TRANS;VERL;IED;;SK;POL;Taliban;;1;;;;;;;;;;;;;
;9/22/21;SATP;https://satp.org/terrorist-activity/afghanistan-Sep-2021;Naher & Mittlerer Osten;Afghanistan;AFG ;Nangarhar;Jalalabad;34,4235;70,4607;ISKP;REMO;TRANS;TÖT;FW;;SK;POL;Taliban;2;;;2;;;;;;;;;;;
;9/22/21;SATP;https://satp.org/terrorist-activity/india-Sep-2021;Südostasien;Indien;IND;Kulgam;Mohammad Pora;33,678;74,9749;NB;NB;NB;TÖT;FW;;SK;MLZ;TA;;;;1;;;;;;;;;;;
;9/22/21;SATP;https://satp.org/terrorist-activity/pakistan-Sep-2021;Naher & Mittlerer Osten;Pakistan;PAK;Khyber Pakhtunkhwa;Tank District;32,2752;70,3837;NB;NB;NB;ZERS;IED;;ZIV;EDU;Girls Middle School;;;;;;;;;;;;;;;
;9/22/21;Horn Observer;https://hornobserver.com/articles/1329/Somalia-Two-killed-in-IED-blast-in-Marka;Afrika;Somalia;SOM;Lower Shabelle;Marka, Wadajir;1.71624;44.76982;Al-Shabaab;REMO;NAT;TÖT;IED;;ZIV;PP;;2;4;;;;;;"""(…) and several others wounded (…).""";;;;;;;
;9/22/21;Crisis Group;https://www.crisisgroup.org/crisiswatch/database?location%5B0%5D=27&crisis_state=&created=custom&from_month=1&from_year=2021&to_month=12&to_year=2021&page=0;Afrika;Niger;NER;Tillaberi;Say, Tamou;12.75670;2.17780;JNIM;REMO;TRANS;TÖT;FW;;SK;MIL;Nationalgarde Posten;;;;1;;;;;;;;;;;
;9/22/21;Radio Okapi;https://www.radiookapi.net/2021/09/24/actualite/securite/beni-6-morts-et-plusieurs-disparus-dans-une-attaque-des-rebelles-dans;Afrika;DR Kongo;COD;Nord-Kivu;Beni, Bashu, Kamahando/Kyarutavira;0,26100;29,21590;Mai-Mai;SEP;REG;TÖT;FW;;ZIV;PP;;6;;4;;;;;"""(...) several others missing (…).""";;;;;;;
;9/22/21;SATP;https://satp.org/terrorist-activity/india-Sep-2021;Südostasien;Indien;IND;Tamenglong;Tamei;25,1597;93,68;National Socialist Council of Nagaland;SEP;TRANS;TÖT;FW;;ZIV;VIP;;1;;;;;;;;;;;;;;
;9/22/21;Actualite;https://actualite.cd/2021/09/23/sud-kivu-une-position-de-larmee-attaquee-par-les-miliciens-dans-le-secteur-de-tanganyika;Afrika;DR Kongo;COD;Sud-Kivu;Fizi, Nyamara;-4,28100;28,77600;Twirwaneho;SEP;REG;TÖT;FW;;SK;MIL;Armeeposition;;;;1;;;;;;;;;;;
;9/22/21;NINA;https://www.ninanews.com/Website/News/Details?key=928457;Naher & Mittlerer Osten;Irak;IRQ;Babil;international highway;32.57365;44.55780;NB;NB;NB;ZERS;IED;;SK;MIL;Konvoi der internationalen Koalition;;;;;;;Fahrzeuge beschädigt;;;;;;;;
;9/22/21;NINA;https://www.ninanews.com/Website/News/Details?key=928457;Naher & Mittlerer Osten;Irak;IRQ;Baghdad;Mahmoudiya, Yusufiyah, international highway;33.15922;44.26048;NB;NB;NB;ZERS;IED;;SK;MIL;Konvoi der internationalen Koalition;;;;;;;Fahrzeuge beschädigt;;;;;;;;
;9/23/21;Meir Amit Intelligence and Terrorism Information Center;https://www.terrorism-info.org.il/en/spotlight-on-global-jihad-september-14-october-6-2021/;Naher & Mittlerer Osten ;Syrien;SYR;Deir ez-Zor;Al-Bukamal;34.59000;40.00400;ISIS;REMO;TRANS;TÖT;IED;;SK;MIL;Syrische Soldaten und Milizen;;;;3;6;;;;;;;;;;
;9/23/21;SATP;https://satp.org/terrorist-activity/india-Sep-2021;Südostasien;Indien;IND;Narayanpur;Madhonar;19,7203;81,247;CPI-M;SOZ;NAT;TÖT;SON;;ZIV;UNT;Supervisor road construction company;1;;;;;;Vier Fahrzeuge niedergebrannt;;;;;;;;
;9/23/21;Voice of America , Observador , ACLED;https://www.voaportugues.com/a/novos-ataques-provocam-mais-de-15-mortos-em-quissanga/6243880.html , https://observador.pt/2021/09/24/grupos-armados-destroem-e-matam-quatro-pessoas-no-sul-de-cabo-delgado/ , https://www.caboligado.com/reports/cabo-ligado-weekly-20-26-september-2021;Afrika;Mosambik;MOZ;Cabo Delgado;Ancuabe, Lindi;-12,70610;40,03280;ISCAP;REMO;TRANS;TÖT;SON;;ZIV;PP;;4;1;;;;;57 Häuser, sowie Fahrzeuge in Brand gesetzt;3 der Opfer geköpft;;;;;;;
;9/23/21;Radio Okapi , Actualite;https://www.radiookapi.net/2021/09/24/actualite/securite/ituri-la-cite-de-komanda-attaquee-par-des-hommes-armes , https://actualite.cd/2021/09/24/rdc-ituri-au-moins-quatre-morts-et-une-trentaine-dhabitations-incendiees-par-les-adf , https://actualite.cd/2021/09/24/rdc-ituri-au-moins-5-morts-des-kidnappes-dont-un-agent-de-la-croix-rouge;Afrika;DR Kongo;COD;Ituri;Irumu, Komanda;1,36720;29,76250;ISCAP;REMO;TRANS;TÖT;FW;;ZIV;PP;;4;1;5;;;;36 Häuser in Brand gesetzt;;;;;;;;
;9/23/21;Observador;https://observador.pt/2021/09/24/grupos-armados-destroem-e-matam-quatro-pessoas-no-sul-de-cabo-delgado/;Afrika;Mosambik;MOZ;Cabo Delgado;Meluco, Iba;-12,30842;40,01105;NB;REMO;REG;VERL;FW;;ZIV;PP;;;2;;;;;;;;;;;;;
;9/23/21;Observador , Zitamar;https://observador.pt/2021/09/24/grupos-armados-destroem-e-matam-quatro-pessoas-no-sul-de-cabo-delgado/ , https://www.zitamar.com/four-killed-as-insurgents-attack-villages-and-troops-in-quissanga/ , https://www.caboligado.com/reports/cabo-ligado-weekly-20-26-september-2021;Afrika;Mosambik;MOZ;Cabo Delgado;Ancuabe, Namoja, National Road 380;-12,35580;40,16980;NB;REMO;REG;TÖT;FW;;ZIV;TI;Busse;1;2;;;;;;Busse auf dem Rückweg von einem Militärtransport;;;;;;;
;9/23/21;ACLED;https://www.caboligado.com/reports/cabo-ligado-weekly-20-26-september-2021;Afrika;Mosambik;MOZ;Cabo Delgado;Ancuabe, Chongue;-12,73422;40,00602;NB;REMO;REG;ZERS;BRA;;ZIV;PP;;;;;;;;Häuser in Brand gesetzt;;;;;;;;
;9/23/21;SATP;https://satp.org/terrorist-activity/pakistan-Sep-2021;Naher & Mittlerer Osten;Pakistan;PAK;Khyber Pakhtunkhwa;Khyber ;33,9405;71,0498;NB;NB;NB;ZERS;RAM;Rakete;SK;MIL;;;;;;;;;;;;;;;;
;9/23/21;U.S. Dept. of State , Naija News , Voice of America , Daily Post Nigeria;https://www.state.gov/reports/2021-country-reports-on-human-rights-practices/nigeria , https://www.naijanews.com/2021/09/25/seven-soldiers-four-vigilantes-killed-as-iswap-ambushes-military-convoy-in-borno/ , https://www.voanews.com/a/nigerian-troops-killed-in-jihadist-attack-military-sources-say/6245143.html , https://dailypost.ng/2021/09/25/iswap-allegedly-kills-12-soldiers-vigilantes-in-borno-ambush/?;Afrika;Nigeria;NGA;Borno;Ala, Dikwa-Marte road;12.20531;13.87487;ISWAP;REMO;TRANS;TÖT;IED;;SK;MIL;Militärkonvoi;;;;12;5;;3 Militärfahrzeuge in Brand gesetzt;;;;;;;;
;9/23/21;NINA;https://www.ninanews.com/Website/News/Details?key=928764;Naher & Mittlerer Osten;Irak;IRQ;Nineveh;Mosul, Qayyarah, Munira ;35.81545;43.20039;NB;NB;NB;VERL;IED;;ZIV;PP;;;2;;;;;;;;;;;;;
;9/24/21;ACLED , Meir Amit Intelligence and Terrorism Information Center;https://www.caboligado.com/reports/cabo-ligado-weekly-20-26-september-2021 , https://www.terrorism-info.org.il/en/spotlight-on-global-jihad-september-14-october-6-2021/;Afrika;Mosambik;MOZ;Cabo Delgado;Nangade, Litingina;-11,22901;39,63265;ISCAP;REMO;TRANS;ZERS;BRA;;ZIV;REL;Christen;;;;;;;Häuser in Brand gesetzt;;;;;;;;
;9/24/21;Actualite;https://actualite.cd/2021/09/25/beni-encore-deux-civils-tues-dans-un-village-de-la-chefferie-des-bashu;Afrika;DR Kongo;COD;Nord-Kivu;Beni, Bashu, Kamahando/Kyarutavira;0,26100;29,21590;Mai-Mai;SEP;REG;TÖT;FW;;ZIV;PP;;2;;;;;;;;;;;;;;
;9/24/21;NINA;https://www.ninanews.com/Website/News/Details?key=928967;Naher & Mittlerer Osten;Irak;IRQ;Diyala;Khanaqin, Al-Sadiyah, Hamrin;34.10775;45.04403;NB;NB;NB;TÖT;RAM;Mörser;ZIV;PP;;1;1;;;;;;;;;;;;;
;9/25/21;SATP;https://satp.org/terrorist-activity/pakistan-Sep-2021;Naher & Mittlerer Osten;Pakistan;PAK;Harnai;Safar Bash;30,115;67,8998;Balochistan Liberation Army ;SEP;REG;TÖT;IED;;SK;MLZ;Frontier Corps;;;;4;2;;;;;;;;;;
;9/25/21;SATP , Afghan Online Press;https://satp.org/terrorist-activity/afghanistan-Sep-2021 , http://www.aopnews.com/taliban/bomb-blasts-hits-taliban-convoy-in-eastern-afghanistan-killing-at-least-one/;Naher & Mittlerer Osten;Afghanistan;AFG ;Nangarhar;Jalalabad;34,4235;70,4607;ISKP;REMO;TRANS;TÖT;IED;;SK;POL;Taliban;;4;;1;3;;;;;;;;;;
;9/25/21;Hiiraan Online;https://www.hiiraan.com/news/2021/Sept/wararka_maanta25-178883.htm?utm_source=hiiraan&utm_medium=WararkaMaantaFront , https://www.hiiraan.com/news4/2021/Sept/184036/suicide_car_bombing_kills_at_least_7_in_somali_capital.aspx?utm_source=hiiraan&utm_medium=SomaliNewsUpdateFront;Afrika;Somalia;SOM;Mogadishu;Wardhigley, El-Gaabta intersection;2.04042;45.33240;Al-Shabaab;REMO;NAT;TÖT;IED;Selbstmordanschlag mit Auto;ZIV;GOV;Checkpoint nähe Präsidentenpalast, Regierungsmitarbeiter;5;6;;3;3;;Mehrere Autos zerstört;" Opferzahlen nicht nach SK/ZIV differenziert; ""Mostly civilians""";;;;;;;
;9/25/21;NINA;https://www.ninanews.com/Website/News/Details?key=928995;Naher & Mittlerer Osten;Irak;IRQ;Dhi Qar;international highway;31.02999;46.02499;NB;NB;NB;ZERS;IED;;SK;MIL;Konvoi der internationalen Koalition;;;;;;;Fahrzeuge beschädigt;;;;;;;;
;9/25/21;NINA;https://www.ninanews.com/Website/News/Details?key=929005;Naher & Mittlerer Osten;Irak;IRQ;Dhi Qar;Sayyid Dakhil;31.18872;46.41998;NB;NB;NB;ZERS;IED;;ZIV;GOV;Ehemaliges Mitglied des Provinzrates und Kandidat für die Parlamentswahl;;;;;;;Wohngebäude beschädigt;;;;;;;;
;9/26/21;Crisis Group , Premium Times Nigeria , Sahara Reporters;https://www.crisisgroup.org/crisiswatch/database?location%5B0%5D=28&crisis_state=&created=custom&from_month=1&from_year=2021&to_month=12&to_year=2021&page=0 , https://www.premiumtimesng.com/news/headlines/486959-troops-repel-attack-eliminate-scores-of-terrorists-bandits-in-sokoto-official.html , https://saharareporters.com/2021/09/27/nigerian-troops-killed-scores-terrorists-who-attacked-sokoto-military-base%E2%80%94defence;Afrika;Nigeria;NGA;Sokoto;Sabon Birni, Burkusuma;13.56258;6.31930;ISGS;REMO;TRANS;TÖT;FW;;SK;MIL;Forward Operation Base;;;;17;;;;;;;;;;;
;9/26/21;Meir Amit Intelligence and Terrorism Information Center;https://www.terrorism-info.org.il/en/spotlight-on-global-jihad-september-14-october-6-2021/;Naher & Mittlerer Osten ;Syrien;SYR;Deir ez-Zor;Deir Ez-Zor-Al-Raqqa highway;35.72599;39.84813;ISIS;REMO;TRANS;TÖT;IED;;SK;MIL;Armeefahrzeug;;;;2;;;;;;;;;;;
;9/26/21;Meir Amit Intelligence and Terrorism Information Center;https://www.terrorism-info.org.il/en/spotlight-on-global-jihad-september-14-october-6-2021/;Naher & Mittlerer Osten ;Syrien;SYR;Homs;Homs city;34.73915;36.79424;ISIS;REMO;TRANS;TÖT;FW;;SK;MLZ;Regime-freundliche Kämpfer;;;;4;;;;;;;;;;;
;9/26/21;SATP , Radio Free Europe/Radio Liberty;https://satp.org/terrorist-activity/pakistan-Sep-2021 , https://gandhara.rferl.org/a/balochistan-statue-pakistan/31480602.html;Naher & Mittlerer Osten;Pakistan;PAK;Bolan;Machh;29,8668;67,3254;Balochistan Liberation Army ;SEP;REG;TÖT;FW;;SK;MLZ;Frontier Corps;;;;1;2;;;;;;;;;;
;9/26/21;SATP;https://satp.org/terrorist-activity/pakistan-Sep-2021;Naher & Mittlerer Osten;Pakistan;PAK;Gwadar;Marine Drive;25,2041;62,2726;Balochistan Liberation Front ;SEP;REG;ZERS;IED;;ZIV;ÖP;Statue;;;;;;;;;;;;;;;
;9/26/21;NINA;https://www.ninanews.com/Website/News/Details?key=929368;Naher & Mittlerer Osten;Irak;IRQ;Diyala;Miqdadiyah, Al-Askari;33.92744;44.94674;ISIS;REMO;TRANS;TÖT;FW;;SK;POL;Checkpoint;;;;2;;;;;;;;;;;
;9/27/21;Actualite;https://actualite.cd/2021/09/28/rdc-djugu-nouvelle-attaque-des-miliciens-codeco-au-moins-cinq-morts;Afrika;DR Kongo;COD;Ituri;Djugu, Banyali Kilo, Digene;1,90300;30,33600;CODECO;SEP;REG;TÖT;FW;;ZIV;UNT;Bergarbeiter;5;4;;;;;;Goldminen Unterkunft;;;;;;;
;9/27/21;SATP;https://satp.org/terrorist-activity/afghanistan-Sep-2021;Naher & Mittlerer Osten;Afghanistan;AFG ;Kunar;Chawaki;34,7649;71,0293;ISKP;REMO;TRANS;TÖT;FW;;SK;POL;Taliban;;;;3;;;;;;;;;;;
;9/28/21;SATP;https://satp.org/terrorist-activity/afghanistan-Sep-2021;Naher & Mittlerer Osten;Afghanistan;AFG ;Nangarhar;Jalalabad, D1;34,435;70,4593;ISKP;REMO;TRANS;VERL;IED;;ZIV;PP;;;1;;;;;;;;;;;;;
;9/28/21;Bangkok Post , U.S. Dept. of State;https://www.bangkokpost.com/thailand/general/2189091/bomb-under-road-kills-2-police-officers-injures-4 , https://www.state.gov/reports/country-reports-on-terrorism-2021/thailand;Südostasien;Thailand;THA;Narathiwat;Chanae;6.04675;101.62330;NB;SEP;REG;TÖT;IED;;SK;POL;;;;;2;4;;;;;;;;;;
;9/28/21;Carta de Mocambique;https://cartamz.com/index.php/sociedade/item/8960-fds-abatem-cinco-terroristas-em-mueda;Afrika;Mosambik;MOZ;Cabo Delgado;Nangade, Litingina;-11,22901;39,63265;NB;REMO;REG;TÖT;SON;;ZIV;PP;;7;;;;;;;;;;;;;;
;9/28/21;Carta de Mocambique , ACLED;https://cartamz.com/index.php/sociedade/item/8960-fds-abatem-cinco-terroristas-em-mueda , https://www.caboligado.com/reports/cabo-ligado-weekly-27-september-3-october-2021;Afrika;Mosambik;MOZ;Cabo Delgado;Macomia, 5º Congresso;-12,02148;40,14632;NB;REMO;REG;ENTF;FW;;ZIV;PP;;;;3;;;;;;;;;;;;
;9/28/21;SATP;https://satp.org/terrorist-activity/pakistan-Sep-2021;Naher & Mittlerer Osten;Pakistan;PAK;Kech;Chukab;26,3174;62,06549;NB;NB;NB;TÖT;FW;;SK;MLZ;Frontier Corps;;;;1;1;;;;;;;;;;
;9/28/21;U.S. Dept. of State;https://www.state.gov/reports/country-reports-on-terrorism-2021/mali/;Afrika;Mali;MLI;Koulikoro;;14.14190;-7.50790;JNIM;REMO;TRANS;TÖT;FW;Hinterhalt;ZIV;UNT;Australischer Goldkonvoi;;;;5;;;Mehrere Fahrzeuge zerstört;"Quelle macht nur die Ortsangabe ""100 Meilen entfernt von Bamako""";;;;;;;
;9/28/21;New Arab;https://www.newarab.com/news/two-killed-18-injured-bomb-blasts-syrias-jarabulus;Naher & Mittlerer Osten ;Syrien;SYR;Aleppo;Jarabulus city;36.81820;38.00986;YPG;SEP;REG;VERL;IED;;ZIV;ÖP;Markt;;5;;;;;Brand ausgelöst;;;;;;;;
;9/28/21;New Arab;https://www.newarab.com/news/two-killed-18-injured-bomb-blasts-syrias-jarabulus;Naher & Mittlerer Osten ;Syrien;SYR;Aleppo;Jarabulus city;36.81820;38.00986;YPG;SEP;REG;TÖT;IED;Motorradbombe;ZIV;ÖP;Vielbefahrene Straße;2;13;;;;;;;;;;;;;
;9/28/21;NINA;https://www.ninanews.com/Website/News/Details?key=929617;Naher & Mittlerer Osten;Irak;IRQ;Nineveh;Al-Ba'aj, Al-Ba'aj;35.59660;41.66539;ISIS;REMO;TRANS;TÖT;FW;;SK;MIL;;;;;1;;;;;;;;;;;
;9/28/21;NINA;https://www.ninanews.com/Website/News/Details?key=929714;Naher & Mittlerer Osten;Irak;IRQ;Saladin;Tuz, Tuz Khurmatu;34.89121;44.62861;ISIS;REMO;TRANS;TÖT;FW;;SK;POL;Checkpoint;1;;;;;;;;;;;;;;
;9/29/21;Radio Okapi;https://www.radiookapi.net/2021/09/30/actualite/securite/beni-un-blesse-la-suite-de-lexplosion-dune-bombe-artisanale-mulwa;Afrika;DR Kongo;COD;Nord-Kivu;Beni, Ruwenzori, Mulwa;0,29530;29,69740;ISCAP;REMO;TRANS;TÖT;IED;Bombe an Leiche platziert, um Helfer zu schädigen;ZIV;PP;;;1;;;;;;;;;;;;;
;9/29/21;Hasht-e Subh;https://8am.media/eng/explosion-on-a-car-carrying-taliban-members-in-kunar/;Naher & Mittlerer Osten;Afghanistan;AFG ;Kunar;Asadabad;34,8753;71,1549;NB;NB;NB;VERL;IED;;ZIV;GOV;Director of mines and petroleum;;1;;;2;;;;;;;;;;
;9/30/21;SATP;https://satp.org/terrorist-activity/india-Sep-2021;Südostasien;Indien;IND;Bijapur;Murkinar;18,7531;80,7505;CPI-M;SOZ;NAT;VERL;IED;;SK;MLZ;CRPF;;;;;2;;;;;;;;;;
;9/30/21;SATP;https://satp.org/terrorist-activity/pakistan-Sep-2021 , https://satp.org/terrorist-activity/pakistan-Oct-2021;Naher & Mittlerer Osten;Pakistan;PAK;Khyber Pakhtunkhwa;Charsadda;34,1655;71,7504;ISKP;REMO;TRANS;TÖT;FW;;ZIV;REL;Sikh physician;1;;;;;;;;;;;;;;
;9/30/21;SATP;https://satp.org/terrorist-activity/afghanistan-Sep-2021;Naher & Mittlerer Osten;Afghanistan;AFG ;Baghlan;Andarab, Deh Yak;35,5878;69,4502;NB;NB;NB;TÖT;FW;;ZIV;PP;Doctor that treated resistance;6;;;;;;;Wahrscheinlich revenge killing der Taliban;;;;;;;
;9/30/21;Bangkok Post , U.S. Dept. of State;https://www.bangkokpost.com/thailand/general/2190855/attack-leaves-4-hurt-one-a-young-child , https://www.state.gov/reports/country-reports-on-terrorism-2021/thailand;Südostasien;Thailand;THA;Narathiwat;Sungai Padi;6.10831;101.89334;NB;SEP;REG;VERL;IED;IEDs und Kleinwaffen;SK;POL;Security Checkpoint;;3;;;2;;;;;;;;;;
;9/30/21;NINA;https://www.ninanews.com/Website/News/Details?key=930134;Naher & Mittlerer Osten;Irak;IRQ;Saladin;Samarra, Samarra, Samarra, Qadiriyah ;34.20004;43.89999;NB;NB;NB;TÖT;FW;;ZIV;PP;Eine Familie;3;;;;;;;;;;;;;;
;10/1/21;U.S. Dept. of State;https://www.state.gov/reports/country-reports-on-terrorism-2021/tanzania;Afrika;Tansania;TZA;Mtwara;Nanyamba Town, Kiwengulo;-10,75804;40,01536;ISCAP;REMO;TRANS;TÖT;FW;;ZIV;PP;;1;;;;;;;;;;;;;;
;10/1/21;Radio Okapi , Actualite;https://www.radiookapi.net/2021/10/02/actualite/securite/ituri-komanda-ciblee-par-nouvelle-attaque-des-presumes-rebelles-adf , https://actualite.cd/2021/10/02/rdc-huit-civils-tues-par-des-adf-komanda-cible-dattaques-recurrentes;Afrika;DR Kongo;COD;Ituri;Irumu, Komanda;1,36670;29,76313;ISCAP;REMO;TRANS;TÖT;FW;;ZIV;PP;;8;;10;;;;4 Fahrzeuge und 12 Häuser in Brand gesetzt;;;;;;;;
;10/1/21;SATP;https://satp.org/terrorist-activity/afghanistan-Oct-2021;Naher & Mittlerer Osten;Afghanistan;AFG ;Parwan;Charikar;35,0161;69,1653;ISKP;REMO;TRANS;VERL;IED;;SK;POL;IEA Fighters;;;;;4;;;;;;;;;;
;10/1/21;ACLED;https://www.caboligado.com/reports/cabo-ligado-weekly-27-september-3-october-2021;Afrika;Mosambik;MOZ;Cabo Delgado;Palma, Quitico;-11,03730;40,53050;NB;REMO;REG;TÖT;FW;;ZIV;PP;;3;;1;;;;;;;;;;;;
;10/1/21;NINA;https://www.ninanews.com/Website/News/Details?key=930256;Naher & Mittlerer Osten;Irak;IRQ;Diyala;Khanaqin;34.38821;45.33903;ISIS;REMO;TRANS;ZERS;FW;Scharfschütze;SK;MLZ;PMF, Checkpoint;;;;;;;Wärmebildkamera beschädigt;;;;;;;;
;10/2/21;Meir Amit Intelligence and Terrorism Information Center;https://www.terrorism-info.org.il/en/spotlight-on-global-jihad-september-14-october-6-2021/;Naher & Mittlerer Osten ;Syrien;SYR;Hama;Hama city;35.13548;36.81509;ISIS;REMO;TRANS;TÖT;FW;;SK;MIL;Syrische Soldaten und General;;;;6;11;;;;;;;;;;
;10/2/21;SATP;https://satp.org/terrorist-activity/india-Oct-2021;Südostasien;Indien;IND;West Singhbhum;Dalki;22,4615;85,7443;CPI-M;SOZ;NAT;TÖT;FW;;ZIV;PP;;1;;;;;;;;;;;;;;
;10/2/21;U.S. Dept. of State , Carta de Mocambique;https://www.state.gov/reports/country-reports-on-terrorism-2021/mozambique/ , https://cartamz.com/index.php/politica/item/8996-terroristas-raptam-sete-mulheres-em-macomia;Afrika;Mosambik;MOZ;Cabo Delgado;Macomia, Nacate;-12,32951;40,17458;ISCAP;REMO;TRANS;ENTF;FW;;ZIV;PP;;;;7;;;;;;;;;;;;
;10/2/21;SATP;https://satp.org/terrorist-activity/afghanistan-Oct-2021;Naher & Mittlerer Osten;Afghanistan;AFG ;Nangarhar;Jalalabad, D3;34,4347;70,4381;ISKP;REMO;TRANS;TÖT;FW;;SK;POL;IEA Fighters;2;;;2;;;;;;;;;;;
;10/2/21;SATP;https://satp.org/terrorist-activity/afghanistan-Oct-2021;Naher & Mittlerer Osten;Afghanistan;AFG ;Kapisa;;34,966;69,6503;ISKP;REMO;TRANS;TÖT;FW;;SK;POL;Taliban;;;;5;;;;;;;;;;;
;10/2/21;MINUSMA;https://minusma.unmissions.org/en/press-release-peacekeeper-dies-tessalit-after-ied-explosion;Afrika;Mali;MLI;Kidal;Tessalit town;20.20195;1.01245;NB;REMO;NB;TÖT;IED;;SK;MIL;UN-Blauhelm Konvoi;;;;1;4;;;;;;;;;;
;10/2/21;SATP;https://satp.org/terrorist-activity/india-Oct-2021;Südostasien;Indien;IND;Srinagar;Karan Nagar;34,0887;74,7921;NB;NB;NB;TÖT;FW;;ZIV;PP;;1;;;;;;;;;;;;;;
;10/2/21;SATP;https://satp.org/terrorist-activity/india-Oct-2021;Südostasien;Indien;IND;Srinagar;Batamaloo;34,0692;74,7783;NB;NB;NB;TÖT;FW;;ZIV;PP;;1;;;;;;;;;;;;;;
;10/2/21;ACLED;https://www.caboligado.com/reports/cabo-ligado-weekly-27-september-3-october-2021;Afrika;Mosambik;MOZ;Cabo Delgado;Mueda, Namatil;-11,11242;39,47585;NB;REMO;REG;ENTF;FW;;ZIV;PP;;;;3;;;;;;;;;;;;
;10/2/21;ACLED;https://www.caboligado.com/reports/cabo-ligado-weekly-4-10-october-2021;Afrika;Mosambik;MOZ;Cabo Delgado;Muidumbe, Nangololo;-11,82591;39,81809;NB;REMO;REG;ENTF;FW;;ZIV;PP;;;;4;;;;;1 Person konnte später entkommen;;;;;;;
;10/2/21;SATP , abc News;https://satp.org/terrorist-activity/pakistan-Oct-2021 , https://abcnews.go.com/International/wireStory/pakistan-army-militants-kill-troops-afghanistan-80368170;Naher & Mittlerer Osten;Pakistan;PAK;North Waziristan;Spinwam;33,179;70,3941;Tehrik-i-Taliban Pakistan  ;REMO;TRANS;TÖT;FW;;SK;MLZ;Frontier Corps, Levies;;;;5;;;;;;;;;;;
;10/2/21;U.S. Dept. of State , Yenisafak;https://www.state.gov/reports/country-reports-on-terrorism-2021/turkiye , https://www.yenisafak.com/en/news/two-workers-killed-in-pkk-bombing-in-eastern-turkey-3581480;Europa;Türkei;TUR;Bingol;Genc;38.65814;40.49986;PKK;SEP;TRANS;TÖT;IED;;ZIV;KI;Mitarbeiter eines Elektrizitätswerks;2;;;;;;;;;;;;;;
;10/2/21;Vanguard Nigeria , Meir Amit Intelligence and Terrorism Information Center;https://www.vanguardngr.com/2021/10/boko-haram-iswap-kill-two-mopol-five-others-in-borno/ , https://www.terrorism-info.org.il/en/spotlight-on-global-jihad-september-14-october-6-2021/;Afrika;Nigeria;NGA;Borno;Damboa;11.15066;12.75941;ISWAP;REMO;TRANS;TÖT;FW;;SK;MIL;Gefangenenlager;5;;;;;;;Opfer von Querschlägern getötet;;;;;;;
;10/3/21;Crisis Group;https://www.crisisgroup.org/crisiswatch/database?location%5B0%5D=27&crisis_state=&created=custom&from_month=1&from_year=2021&to_month=12&to_year=2021&page=0;Afrika;Niger;NER;Tillaberi;Tera;14.00726;0.75699;ISGS;REMO;TRANS;TÖT;FW;;ZIV;PP;;6;;;;;;;;;;;;;;
;10/3/21;SATP , NINA;https://satp.org/terrorist-activity/afghanistan-Oct-2021 , https://www.ninanews.com/Website/News/Details?key=930817;Naher & Mittlerer Osten;Afghanistan;AFG ;Kabul;Kabul city, D1, Eid Gah Mosque;34,5179;69,1904;ISKP;REMO;TRANS;TÖT;IED;;ZIV;PP;Taliban, Trauerfeier;12;;;;;;;;;;;;;;
;10/3/21;ucanews;https://www.ucanews.com/news/suspected-muslim-insurgents-attack-train-in-southern-thailand/94403;Südostasien;Thailand;THA;Narathiwat;Su-ngai Kolok-Yala railway;6.23540;101.79940;NB;SEP;REG;ZERS;FW;Hinterhalt;ZIV;TI;Passagierzug;;;;;;;Luftbremssystem beschädigt;Keine Personenschäden;;;;;;;
;10/3/21;NINA;https://www.ninanews.com/Website/News/Details?key=930629;Naher & Mittlerer Osten;Irak;IRQ;Saladin;Amirli, Sarha;34.58404;44.64481;ISIS;REMO;TRANS;TÖT;FW;;SK;MIL;Militärposten;;;;1;3;;;;;;;;;;
;10/3/21;NINA;https://www.ninanews.com/Website/News/Details?key=930529 , https://www.ninanews.com/Website/News/Details?key=930568;Naher & Mittlerer Osten;Irak;IRQ;Anbar;Ramadi;33.14402;43.16906;NB;NB;NB;ZERS;IED;Selbstmordanschlag mit Autobombe;SK;POL;Polizeidirektion;;;;;;;;"keine Opfer; Terrorist sah sich gezwungen, frühzeitig die Sprengung auszulösen";;;;;;;
;10/3/21;NINA;https://www.ninanews.com/Website/News/Details?key=930607;Naher & Mittlerer Osten;Irak;IRQ;Nineveh;Tel Afar;36.59052;42.44104;NB;NB;NB;VERL;IED;;SK;MIL;;;;;;2;;;;;;;;;;
;10/4/21;SATP;https://satp.org/terrorist-activity/pakistan-Oct-2021;Naher & Mittlerer Osten;Pakistan;PAK;North Waziristan;Ghariuom;32,9435;69,9608;NB;NB;NB;TÖT;FW;;SK;MIL;;;;;1;;;;;;;;;;;
;10/4/21;NINA;https://www.ninanews.com/Website/News/Details?key=930697;Naher & Mittlerer Osten;Irak;IRQ;Diyala;Miqdadiyah;33.90832;44.96653;ISIS;REMO;TRANS;TÖT;FW;Scharfschütze;ZIV;PP;Eine Gruppe Athleten;1;2;;;;;;;;;;;;;
;10/4/21;NINA;https://www.ninanews.com/Website/News/Details?key=930840 , https://www.ninanews.com/Website/News/Details?key=930844;Naher & Mittlerer Osten;Irak;IRQ;Kirkuk;Hawija, Riyad;35.20215;43.84910;ISIS;REMO;TRANS;VERL;FW;;SK;MLZ;PMF;;;;;1;;;;;;;;;;
;10/4/21;NINA;https://www.ninanews.com/Website/News/Details?key=930711;Naher & Mittlerer Osten;Irak;IRQ;Diyala;Baquba, Kan'an, Al-Badaa ;33.70203;44.82503;NB;NB;NB;ENTF;FW;;ZIV;PP;Fischer;;;1;;;;;;;;;;;;
;10/5/21;CHRDA;https://www.chrda.org/human-rights-report-between-october-2021-and-march-2022-there-was-an-increase-in-human-rights-violations-and-abuses-by-the-state-defense-and-security-forces-and-non-state-armed-groups-in-cameroon/;Afrika;Kamerun;CMR;Nord-Ouest;Menchum, Wum, Agham;6,39793;10,06785;Amba Boys;SEP;REG;TÖT;FW;;ZIV;EDU;Grundschullehrer;1;;;;;;;;;;;;;;
;10/5/21;Crisis Group;https://www.crisisgroup.org/crisiswatch/database?location%5B0%5D=27&crisis_state=&created=custom&from_month=1&from_year=2021&to_month=12&to_year=2021&page=0;Afrika;Niger;NER;Tillaberi;Gassa;9.57912;8.90755;ISGS;REMO;TRANS;TÖT;FW;;ZIV;GOV;Dorfoberhaupt;2;;;;;;;;;;;;;;
;10/5/21;SATP;https://satp.org/terrorist-activity/pakistan-Oct-2021;Naher & Mittlerer Osten;Pakistan;PAK;Khuzdar;Khuzdar town;27,8154;66,6009;Balochistan Liberation Army ;SEP;REG;ZERS;HGR;;SK;MLZ;Frontier Corps;;;;;;;;;;;;;;;
;10/5/21;Actualite;https://actualite.cd/2021/10/06/ituri-encore-trois-civils-tues-dans-une-attaque-pres-de-komanda;Afrika;DR Kongo;COD;Ituri;Irumu, Ngombe Nyama;1,32290;29,80677;ISCAP;REMO;TRANS;TÖT;FW;;ZIV;PP;;3;;;;;;3 Häuser in Brand gesteckt;;;;;;;;
;10/5/21;SATP;https://satp.org/terrorist-activity/afghanistan-Oct-2021;Naher & Mittlerer Osten;Afghanistan;AFG ;Nangarhar;Khiwa;34,5781;70,5893;ISKP;REMO;TRANS;VERL;IED;;SK;POL;Taliban;;;;;4;;;;;;;;;;
;10/5/21;SATP;https://satp.org/terrorist-activity/afghanistan-Oct-2021;Naher & Mittlerer Osten;Afghanistan;AFG ;Laghman;;35,9803;66,083;NB;NB;NB;TÖT;FW;;ZIV;REL;;1;;;;;;;;;;;;;;
;10/5/21;SATP;https://satp.org/terrorist-activity/afghanistan-Oct-2021;Naher & Mittlerer Osten;Afghanistan;AFG ;Balkh;Mazar-e-Sharif, D1, Khalid bin Waleed;36,6792;67,1315;NB;NB;NB;TÖT;FW;;ZIV;PP;Aktivistinnen;4;;;;;;;Leichen in einer Grube gefunden;;;;;;;
;10/5/21;SATP;https://satp.org/terrorist-activity/india-Oct-2021;Südostasien;Indien;IND;Srinagar;Lalbazar;34,1405;74,8247;NB;NB;NB;TÖT;FW;;ZIV;PP;;1;;;;;;;;;;;;;;
;10/5/21;SATP;https://satp.org/terrorist-activity/india-Oct-2021;Südostasien;Indien;IND;Bandipora;Shahgund Hajin;34,427;74,6674;NB;NB;NB;TÖT;FW;;ZIV;VIP;;1;;;;;;;;;;;;;;
;10/5/21;SATP;https://satp.org/terrorist-activity/india-Oct-2021;Südostasien;Indien;IND;Srinagar;Iqbal Park;34,0657;74,8049;NB;NB;NB;TÖT;FW;;ZIV;VIP;;1;;;;;;;;;;;;;;
;10/5/21;Horn Observer , Hiiraan Online;https://hornobserver.com/articles/1366/Two-lawmakers-wounded-in-blast-in-Jowhar , https://www.hiiraan.com/news4/2021/Oct/184153/two_hirshabelle_mps_survive_grenade_attack_in_jowhar.aspx?utm_source=hiiraan&utm_medium=SomaliNewsUpdateFront;Afrika;Somalia;SOM;Middle Shabelle;Jowhar;2.77972;45.50421;Al-Shabaab;REMO;NAT;VERL;HGR;;ZIV;GOV;Politiker;;2;;;;;;;;;;;;;
;10/5/21;NINA;https://www.ninanews.com/Website/News/Details?key=930955;Naher & Mittlerer Osten;Irak;IRQ;Diyala;Ba'quba, Ba'quba, Baqubah, Al-Tahrir;33.74479;44.63282;NB;NB;NB;TÖT;FW;;SK;POL;;;;;1;;;;;;;;;;;
;10/6/21;CHRDA;https://www.chrda.org/human-rights-report-between-october-2021-and-march-2022-there-was-an-increase-in-human-rights-violations-and-abuses-by-the-state-defense-and-security-forces-and-non-state-armed-groups-in-cameroon/;Afrika;Kamerun;CMR;Nord-Ouest;Mezam, Bamenda, Ntaturu;5,95102;10,12795;Amba Boys;SEP;REG;TÖT;FW;;ZIV;PP;;2;;;;;;Fahrräder abgebrannt;;;;;;;;
;10/6/21;U.S. Dept. of State;https://www.state.gov/reports/country-reports-on-terrorism-2021/cameroon/;Afrika;Kamerun;CMR;Extrême-Nord;Mayo-Tsanaga, Assighassia;11,13294;13,88127;Boko Haram;REMO;TRANS;TÖT;FW;;ZIV;PP;;7;;;;;;;;;;;;;;
;10/6/21;Radio Okapi , Actualite;https://www.radiookapi.net/2021/10/07/actualite/securite/ituri-7-morts-apres-deux-attaques-armees-dans-2-villages-de-mahagi , https://www.radiookapi.net/2021/10/07/actualite/securite/ituri-7-morts-apres-deux-attaques-armees-dans-2-villages-de-mahagi;Afrika;DR Kongo;COD;Ituri;Mahagi, Rimba;2,21662;30,65632;CODECO;SEP;REG;TÖT;FW;;ZIV;GOV;National Institute of Agronomic Research (INERA);5;2;;;;;17 Motorräder gestohlen;;;;;;;;
;10/6/21;Crisis Group;https://www.crisisgroup.org/crisiswatch/database?location%5B0%5D=89&crisis_state=&created=custom&from_month=1&from_year=2021&to_month=12&to_year=2021&page=0;Naher & Mittlerer Osten ;Saudi-Arabien;SAU;Asir;Abha, Abha International Airport;18.24393;42.67698;Houthi;REMO;TRANS;VERL;RAM;Drohnen-Angriff;ZIV;TI;Flughafen;;4;;;;;;Drohne abgewehrt, Trümmer verletzen 4 Arbeiter ;;;;;;;
;10/6/21;SATP;https://satp.org/terrorist-activity/afghanistan-Oct-2021;Naher & Mittlerer Osten;Afghanistan;AFG ;Nangarhar;Jalalabad;34,4235;70,4607;ISKP;REMO;TRANS;TÖT;FW;;SK;POL;Taliban;;;;2;;;;;;;;;;;
;10/6/21;SATP;https://satp.org/terrorist-activity/pakistan-Oct-2021;Naher & Mittlerer Osten;Pakistan;PAK;Sukkur;Kot Lalu;27,4924;68,9749;NB;NB;NB;ZERS;IED;;ZIV;TI;Bahnstrecke;;;;;;;;;;;;;;;
;10/6/21;Crisis Group;https://www.crisisgroup.org/crisiswatch/database?location_region%5B0%5D=1&location%5B0%5D=26&crisis_state=&created=custom&from_month=1&from_year=2021&to_month=12&to_year=2021&page=0;Afrika;Mali;MLI;Tombouctou;Dire;16.24100;-3.32100;NB;NB;NB;TÖT;FW;;ZIV;PP;;2;;;;;;;;;;;;;;
;10/6/21;Crisis Group;https://www.crisisgroup.org/crisiswatch/database?location_region%5B0%5D=1&location%5B0%5D=26&crisis_state=&created=custom&from_month=1&from_year=2021&to_month=12&to_year=2021&page=0;Afrika;Mali;MLI;Mopti;Bandiagara;14.46100;3.58800;JNIM;REMO;TRANS;TÖT;IED;;SK;MIL;Malische Streitkräfte;;;;16;;;;;;;;;;;
;10/6/21;Radio Okapi;https://www.radiookapi.net/2021/10/06/actualite/securite/sud-kivu-un-policier-enleve-par-la-milice-raia-mutomboki-kalehe;Afrika;DR Kongo;COD;Sud-Kivu;Kalehe, Hombo-Bunyakiri road;-2,00560;28,48480;Mai-Mai;SEP;REG;ENTF;FW;;SK;POL;;;;;;;1;;;;;;;;;
;10/6/21;Actualite;https://actualite.cd/2021/10/07/sud-kivu-deplacement-de-la-population-signale-dans-le-secteur-de-tanganyika-apres;Afrika;DR Kongo;COD;Sud-Kivu;Fizi, Tanganyika, Katoke;-3,83929;29,09609;Twirwaneho;SEP;REG;ZERS;BRA;;ZIV;PP;Dorf;;;;;;;Dorf in Brand gesteckt;Keine Personenschäden angegeben;;;;;;;
;10/6/21;NINA;https://www.ninanews.com/Website/News/Details?key=931267;Naher & Mittlerer Osten;Irak;IRQ;Diyala;Al-Azim, Al-Safra;34.03445;44.52724;ISIS;REMO;TRANS;TÖT;FW;Scharfschütze;SK;MIL;Militärposten;;;;1;1;;;;;;;;;;
;10/7/21;Punch Nigeria;https://punchng.com/boko-haram-renews-attacks-on-farmers-in-gwoza-kills-four-idps/;Afrika;Nigeria;NGA;Borno;Gwoza;11.08172;13.69429;Boko Haram;REMO;TRANS;TÖT;FW;;ZIV;PP;Internally Displaced People, Bauern;4;2;;;;;;;;;;;;;
;10/7/21;Radio Okapi;https://www.radiookapi.net/2021/10/07/actualite/securite/ituri-7-morts-apres-deux-attaques-armees-dans-2-villages-de-mahagi;Afrika;DR Kongo;COD;Ituri;Mahagi, Avu;2,18570;30,72690;CODECO;SEP;REG;TÖT;FW;;ZIV;PP;Dorf;2;4;;;;;;"""(…) and injured several others.""";;;;;;;
;10/7/21;SATP;https://satp.org/terrorist-activity/india-Oct-2021;Südostasien;Indien;IND;Srinagar;Braripora;34,0943;74,7917;NB;NB;NB;ZERS;HGR;;SK;MLZ;Bunker von SK;;;;;;;Autofenster kaputt;;;;;;;;
;10/7/21;SATP;https://satp.org/terrorist-activity/india-Oct-2021;Südostasien;Indien;IND;Srinagar;Safa Kadal;34,0945;74,7914;NB;NB;NB;TÖT;FW;;ZIV;EDU;Rektor und Lehrer;2;;;;;;;;;;;;;;
;10/7/21;SATP;https://satp.org/terrorist-activity/pakistan-Oct-2021;Naher & Mittlerer Osten;Pakistan;PAK;North Waziristan;Shiwa tehsil;32,9431;69,955;NB;NB;NB;TÖT;IED;;ZIV;VIP;Stammesältester;1;2;;;;;;;;;;;;;
;10/7/21;Radio Okapi;https://www.radiookapi.net/2021/10/08/actualite/securite/butembo-4-militaires-tues-lors-dune-attaque-des-mai-mai-au-camp;Afrika;DR Kongo;COD;Nord-Kivu;Lubero, Baswaga, Katanga-Mukondo;0,05770;29,10140;Mai-Mai;SEP;REG;TÖT;FW;;SK;MIL;Armeecamp;;2;;4;;;;;;;;;;;
;10/7/21;NINA;https://www.ninanews.com/Website/News/Details?key=931342;Naher & Mittlerer Osten;Irak;IRQ;Diyala;Khalis, Al-Khuwailis;34.00799;44.63711;NB;NB;NB;ZERS;IED;;ZIV;PP;;;;;;;;undefinierter Sachschaden;;;;;;;;
;10/7/21;NINA;https://www.ninanews.com/Website/News/Details?key=931435;Naher & Mittlerer Osten;Irak;IRQ;Saladin;Baiji;34.86086;43.48491;NB;NB;NB;TÖT;HGR;;ZIV;GOV;Wahlkampfveranstaltung der Correction Party;1;5;;;;;;;;;;;;;
;10/8/21;U.S. Dept. of State , Reuters;https://www.state.gov/reports/country-reports-on-terrorism-2021/saudi-arabia#:~:text=Significant%20cross%2Dborder%20incidents%20in,caused%20damage%20to%20several%20buildings. , https://www.reuters.com/world/middle-east/ten-injured-drone-attack-saudis-king-abdullah-airport-spa-2021-10-08/ ;Naher & Mittlerer Osten ;Saudi-Arabien;SAU;Jazan;Jazan city, King Abdullah airport;16.90307;42.59122;Houthi;REMO;TRANS;VERL;RAM;Drohnen-Angriff;ZIV;TI;Flughafen;;10;;;;;;;;;;;;;
;10/8/21;SATP;https://satp.org/terrorist-activity/india-Oct-2021;Südostasien;Indien;IND;Narayanpur;Kohkameta;19,6796;81,0522;CPI-M;SOZ;NAT;VERL;FW;;SK;MLZ;ITBP;;;;;1;;;;;;;;;;
;10/8/21;France24;https://www.france24.com/en/live-news/20211024-deadly-blast-in-ugandan-capital-a-terrorist-act-president;Afrika;Uganda;UGA;Central;Kampala, Kawempe;0,38360;32,57730;ISCAP;REMO;TRANS;ZERS;IED;;SK;POL;Polizeiposten;;;;;;;Kein Sachschaden angegeben;Keine Personenschäden;;;;;;;
;10/8/21;Actualite;https://actualite.cd/2021/10/10/beni-adf-4-personnes-tuees-et-plusieurs-autres-kidnappees-dans-une-nouvelle-attaque , https://actualite.cd/2021/10/11/rdc-des-rebelles-membres-presumes-des-adf-ecument-des-villages-du-nord-kivu;Afrika;DR Kongo;COD;Nord-Kivu;Beni, Mbingi/Mapasana;0,77730;29,42930;ISCAP;REMO;TRANS;TÖT;FW;;ZIV;PP;;4;;4;;;;5 Motorräder in Brand gesetzt;"""Several people are missing.""";;;;;;;
;10/8/21;SATP , Aljazeera;https://satp.org/terrorist-activity/afghanistan-Oct-2021 , https://www.aljazeera.com/news/2021/10/8/blast-hits-a-mosque-in-afghanistans-kunduz-during-friday-prayers;Naher & Mittlerer Osten;Afghanistan;AFG ;Kunduz;Kunduz city, Khanabad Bandar, Dayyidabad mosque;36,7276;68,8774;ISKP;REMO;TRANS;TÖT;IED;;ZIV;REL;Shiiten;55;138;;;;;;Opferzahlen zusammengeschätzt;;;;;;;
;10/8/21;SATP;https://satp.org/terrorist-activity/afghanistan-Oct-2021;Naher & Mittlerer Osten;Afghanistan;AFG ;Nangarhar;Chaparhar;34,3184;70,3811;ISKP;REMO;TRANS;TÖT;IED;;SK;POL;Taliban;;;;1;;;;;;;;;;;
;10/8/21;NINA;https://www.ninanews.com/Website/News/Details?key=931753;Naher & Mittlerer Osten;Irak;IRQ;Kirkuk;Hawija, Riyad, Aiyah;35.14086;43.80352;ISIS;REMO;TRANS;VERL;FW;RPG;SK;POL;Offizier;;;;;1;;;;;;;;;;
;10/9/21;SATP;https://satp.org/terrorist-activity/afghanistan-Oct-2021;Naher & Mittlerer Osten;Afghanistan;AFG ;Nangarhar;Chaparhar, Mano;34,3184;70,3811;ISKP;REMO;TRANS;TÖT;IED;;SK;POL;Taliban;1;1;;;;;;;;;;;;;
;10/9/21;SATP;https://satp.org/terrorist-activity/india-Oct-2021;Südostasien;Indien;IND;Kulgam;Manzgam;33,5957;74,8735;NB;NB;NB;VERL;FW;;SK;POL;;;;;;2;;;;;;;;;;
;10/10/21;Crisis Group , Daily Sabah;https://www.crisisgroup.org/crisiswatch/database?location%5B0%5D=83&crisis_state=&created=custom&from_month=1&from_year=2021&to_month=12&to_year=2021&page=0 , https://www.dailysabah.com/politics/war-on-terror/2-turkish-police-killed-2-others-injured-in-ypgpkk-terror-attack;Naher & Mittlerer Osten ;Syrien;SYR;Aleppo;Azaz city;36.58799;37.04683;Afrin Liberation Forces;SEP;REG;TÖT;RAM;Lenkrakete;SK;MIL;Fahrzeug mit zwei türkischen Offizieren;;;;2;2;;;;;;;;;;
;10/10/21;Sahara Reporters;https://saharareporters.com/2021/10/13/exclusive-boko-haram-terrorists-kill-six-soldiers-injure-army-general-capture-military;Afrika;Nigeria;NGA;Borno;Kaga, Ngamdu;11.76053;12.25911;ISWAP;REMO;TRANS;TÖT;FW;;SK;MIL;Militärbasis;;;;6;3;;;"""(…) while others (…) were injured.""";;;;;;;
;10/10/21;SATP;https://satp.org/terrorist-activity/pakistan-Oct-2021;Naher & Mittlerer Osten;Pakistan;PAK;Hub town;RCD Highway;25,0299;66,8814;Balochistan Liberation Army ;SEP;REG;TÖT;IED;;ZIV;MEDIA;Journalist;1;2;;;;;;;;;;;;;
;10/10/21;Actualite;https://actualite.cd/2021/10/11/rdc-beni-au-moins-9-personnes-tuees-et-des-maisons-incendiees-lors-dune-serie-dattaques , https://actualite.cd/2021/10/11/rdc-des-rebelles-membres-presumes-des-adf-ecument-des-villages-du-nord-kivu;Afrika;DR Kongo;COD;Nord-Kivu;Beni, Mabuo/Mangazi/Matekelambi/Matadi;0,77129;29,41933;ISCAP;REMO;TRANS;TÖT;FW;;ZIV;PP;Dörfer;8;;24;;;;Unzählige Häuser in mehreren Dörfern in Brand gesteckt;"""Dozens of civilians are missing.""";;;;;;;
;10/10/21;Nation Thailand;https://www.nationthailand.com/in-focus/national/40007362;Südostasien;Thailand;THA;Pattani;Mai Kaen;6.64974;101.66181;NB;SEP;REG;VERL;IED;;SK;POL;Police car;;1;;;4;;;;;;;;;;
;10/10/21;SATP;https://satp.org/terrorist-activity/pakistan-Oct-2021;Naher & Mittlerer Osten;Pakistan;PAK;Turbat;Hoshab;26,0155;63,8818;NB;NB;NB;TÖT;IED;;ZIV;PP;;2;3;;;;;;;;;;;;;
;10/10/21;Reuters;https://www.reuters.com/world/middle-east/least-two-killed-blast-yemens-aden-reuters-witness-2021-10-10/;Naher & Mittlerer Osten;Jemen;YEM;Aden;Aden city, At Tawahi;12.78468;44.98026;NB;REMO;NB;TÖT;IED;Autobombe;ZIV;GOV;Governor der Oppositionsgruppen;5;7;;1;;;;;;;;;;;
;10/10/21;NINA;https://www.ninanews.com/Website/News/Details?key=932330;Naher & Mittlerer Osten;Irak;IRQ;Kirkuk;Hawija, Riyad, Hamraniya;35.16683;43.93606;ISIS;REMO;TRANS;VERL;FW;;SK;POL;Checkpoint;;;;;1;;;;;;;;;;
;10/10/21;NINA;https://www.ninanews.com/Website/News/Details?key=932142;Naher & Mittlerer Osten;Irak;IRQ;Diyala;Miqdadiyah, Al-Saidiyah, Hamrin;33.92670;44.77263;NB;NB;NB;VERL;FW;;ZIV;GOV;Wahlbüro;;;;;2;;;Soldaten verletzt ;;;;;;;
;10/10/21;NINA;https://www.ninanews.com/Website/News/Details?key=932188;Naher & Mittlerer Osten;Irak;IRQ;Nineveh;Hatra ;35.50540;42.47589;NB;NB;NB;ZERS;RAM;Mörser;ZIV;PP;;;;;;;;;keine Opfer;;;;;;;
;10/11/21;Crisis Group;https://www.crisisgroup.org/crisiswatch/database?location%5B0%5D=27&crisis_state=&created=custom&from_month=1&from_year=2021&to_month=12&to_year=2021&page=0;Afrika;Niger;NER;Tillaberi;Banibangou;15.03936;2.70167;ISGS;REMO;TRANS;TÖT;FW;;ZIV;REL;Moschee;10;;;;;;;;;;;;;;
;10/11/21;Radio Okapi;https://www.radiookapi.net/2021/10/12/actualite/securite/ituri-2-civils-tues-dans-une-nouvelle-attaque-des-adf-mambelenga;Afrika;DR Kongo;COD;Ituri;Irumu, Mambelenga, RN4 road;1,03411;29,58658;ISCAP;REMO;TRANS;TÖT;FW;;ZIV;PP;;2;;;;;;;;;;;;;;
;10/11/21;Crisis Group , Al Jazeera , Syrian Network for Human Rights , Daily Sabah;https://www.crisisgroup.org/crisiswatch/database?location%5B0%5D=83&crisis_state=&created=custom&from_month=1&from_year=2021&to_month=12&to_year=2021&page=0 , https://www.aljazeera.com/news/2021/10/11/car-bomb-kills-four-in-syrias-northern-afrin-local-media , https://news.snhr.org/2021/10/12/civilian-died-on-october-12-from-wounds-sustained-in-a-car-bomb-blast-of-unknown-source-in-n-aleppo-governorate/ , https://www.dailysabah.com/politics/war-on-terror/suspected-ypg-attack-in-syrias-afrin-kills-four;Naher & Mittlerer Osten ;Syrien;SYR;Aleppo;Afrin city, Kawa roundabout;36.51026;36.87148;YPG;SEP;REG;TÖT;IED;Autobombe;ZIV;GOV;Regierungsstellen;7;10;;2;;;;;;;;;;;
;10/11/21;NINA;https://www.ninanews.com/Website/News/Details?key=932459;Naher & Mittlerer Osten;Irak;IRQ;Kirkuk;Kirkuk, Kirkuk, Kirkuk, Al-Nida;35.47199;44.39541;NB;NB;NB;VERL;IED;Haftbombe;ZIV;PP;;;1;;;;;;;;;;;;;
;10/12/21;ACLED;https://acleddata.com/yemen-conflict-observatory/#curated (Yemen Conflict Observatory Dataset - YEM67839);Naher & Mittlerer Osten;Jemen;YEM;Hadramaut;Tarim city;16.05704;48.99828;Al-Qaeda - Arabian Peninsula;REMO;TRANS;ENTF;FW;;ZIV;REL;Muslimischer Gelehrter;;;1;;;;;;;;;;;;
;10/12/21;U.S. Dept. of State , Crisis Group , Nation , Keydmedia , Hiiraan Online;https://www.state.gov/reports/country-reports-on-terrorism-2021/kenya/ , https://www.crisisgroup.org/crisiswatch/database?location%5B0%5D=11&crisis_state=&created=custom&from_month=1&from_year=2021&to_month=12&to_year=2021&page=0 , https://nation.africa/kenya/counties/lamu/kdf-soldier-injured-in-suspected-shabaab-attack-3581296 , https://www.keydmedia.net/news/at-least-14-kenyan-soldiers-killed-in-al-shabaab-attack , https://hiiraan.com/news4/2021/Oct/184304/suspected_al_shabaab_militants_raid_home_in_wajir_kill_one_local_before_fleeing.aspx;Afrika;Kenia;KEN;Lamu;Lafu East, Milimani-Baure road;-1,74330;40,90890;Al-Shabaab;REMO;TRANS;VERL;IED;;SK;MIL;Patrouille;;;;;6;;;"Andere Quellen sprechen von 2 Toten und mehreren Verletzten; der IS behauptet, 14 Soldate getötet zu haben";;;;;;;
;10/12/21;SATP;https://satp.org/terrorist-activity/afghanistan-Oct-2021;Naher & Mittlerer Osten;Afghanistan;AFG ;Nangarhar;Jalalabad, PD4;34,4246;70,4658;NB;NB;NB;TÖT;FW;;ZIV;PP;Aktivist;1;;;;;;;;;;;;;;
;10/12/21;SATP;https://satp.org/terrorist-activity/india-Oct-2021;Südostasien;Indien;IND;Kangpokpi;B Gamnom;24,7386;94,162;NB;NB;NB;TÖT;FW;;ZIV;PP;;4;2;;;;;;;;;;;;;
;10/12/21;Hiiraan Online;https://www.hiiraan.com/news4/2021/Oct/184235/at_least_6_killed_in_2_separate_terror_attacks_in_somalia.aspx?utm_source=hiiraan&utm_medium=SomaliNewsUpdateFront;Afrika;Somalia;SOM;Mogadishu;Daynile;2.05761;45.28547;Al-Shabaab;REMO;NAT;TÖT;IED;Mine;SK;GD;Nachrichtendienstmitarbeiter;;;;3;2;;;"Bezogen auf Verletztenzahlen: ""(…) there were other casualties.""";;;;;;;
;10/12/21;Hiiraan Online;https://www.hiiraan.com/news4/2021/Oct/184235/at_least_6_killed_in_2_separate_terror_attacks_in_somalia.aspx?utm_source=hiiraan&utm_medium=SomaliNewsUpdateFront;Afrika;Somalia;SOM;Mogadishu;Yaqshid;2.06653;45.34676;Al-Shabaab;REMO;NAT;TÖT;IED;Selbstmordanschlag;ZIV;ÖP;Restaurant;3;4;;;;;;"""(…) and several wounded (…).""";;;;;;;
;10/12/21;NINA;https://www.ninanews.com/Website/News/Details?key=932714;Naher & Mittlerer Osten;Irak;IRQ;Nineveh;Al-Araj;35.93243;43.18348;NB;NB;NB;ZERS;RAM;Mörser;SK;POL;Checkpoint;;;;;;;;keine Opfer;;;;;;;
;10/12/21;NINA;https://www.ninanews.com/Website/News/Details?key=932850;Naher & Mittlerer Osten;Irak;IRQ;Baghdad;Al-Shu'la ;33.50433;44.32940;NB;NB;NB;VERL;HGR;;ZIV;PP;;;1;;;;;;;;;;;;;
;10/13/21;SATP , Radio Free Europe/Radio Liberty;https://satp.org/terrorist-activity/afghanistan-Oct-2021 , https://www.rferl.org/a/afghanistan-taliban-police-attack/31508668.html;Naher & Mittlerer Osten;Afghanistan;AFG ;Kunar;Asadabad;34,8753;71,1549;ISKP;REMO;TRANS;TÖT;IED;;SK;POL;IEA District police chief;;7;;1;4;;;;;;;;;;
;10/13/21;SATP;https://satp.org/terrorist-activity/afghanistan-Oct-2021;Naher & Mittlerer Osten;Afghanistan;AFG ;Ghor;;34,268;64,9395;NB;NB;NB;TÖT;IED;;ZIV;GOV;;1;;;;;;;;;;;;;;
;10/13/21;SATP;https://satp.org/terrorist-activity/pakistan-Oct-2021;Naher & Mittlerer Osten;Pakistan;PAK;Peshawar;Chamkani ;34,0046;71,6372;NB;NB;NB;TÖT;FW;;SK;POL;;;;;1;;;;;;;;;;;
;10/13/21;Crisis Group ;https://www.crisisgroup.org/crisiswatch/database?location%5B0%5D=22&crisis_state=&created=custom&from_month=1&from_year=2021&to_month=12&to_year=2021&page=0;Afrika;Elfenbeinküste;CIV;Montagnes;Duékoué department ;6.74736;-7.36252;NB;NB;NB;TÖT;FW;;SK;MIL;Militär-Checkpoint;;;;2;;;;;;;;;;;
;10/13/21;NINA;https://www.ninanews.com/Website/News/Details?key=933026;Naher & Mittlerer Osten;Irak;IRQ;Nineveh;Tel Afar, Zummar ;36.71316;42.58404;NB;NB;NB;TÖT;FW;;SK;POL;Checkpoint;;;;1;;;;;;;;;;;
;10/14/21;Crisis Group;https://www.crisisgroup.org/crisiswatch/database?location_region%5B0%5D=1&location%5B0%5D=26&crisis_state=&created=custom&from_month=1&from_year=2021&to_month=12&to_year=2021&page=0;Afrika;Mali;MLI;Gao;Ansongo;15.42200;0.64700;ISGS;REMO;TRANS;TÖT;FW;;SK;POL;;1;;;2;;;;;;;;;;;
;10/14/21;Meir Amit Intelligence and Terrorism Information Center;https://www.terrorism-info.org.il/en/news-of-terrorism-and-the-israeli-palestinian-conflict-october-13-19-2021/;Naher & Mittlerer Osten;Israel;ISR;West Bank;Ariel;32.09565;35.11307;NB;NB;NB;ZERS;IED;;SK;POL;Ziviler Wachmann;;;;;;;Fahrzeug beschädigt;Keine Personenschäden;;;;;;;
;10/15/21;Radio Okapi;https://www.radiookapi.net/2021/10/16/actualite/securite/beni-3-personnes-kidnappees-et-des-maisons-incendiees-lors-dune;Afrika;DR Kongo;COD;Nord-Kivu;Beni, Makungwe;0,16390;29,46710;ISCAP;REMO;TRANS;TÖT;FW;;ZIV;PP;;;;3;;;;1 Gewerbe- und 3 Wohngebäude in Brand gesetzt;;;;;;;;
;10/15/21;SATP , HRW;https://satp.org/terrorist-activity/afghanistan-Oct-2021 , https://www.hrw.org/news/2021/10/25/afghanistan-surge-islamic-state-attacks-shia;Naher & Mittlerer Osten;Afghanistan;AFG ;Kandahar;Kandahar city, PD1, Imam Bargah Fatimeyah mosque;31,6231;65,6946;ISKP;REMO;TRANS;TÖT;IED;;ZIV;REL;Shiiten;63;54;;;;;;;;;;;;;
;10/15/21;Tagesspiegel , Al Jazeera;https://www.tagesspiegel.de/politik/sicherheit-oder-burgernahe-mord-an-politiker-lost-debatte-aus-6855232.html , https://www.aljazeera.com/news/2021/10/21/uk-police-charge-man-with-murder-of-mp-david-amess;Europa;Vereinigtes Königreich;GBR;London;Belfairs Methodist Church Hall in der Eastwood Road North, Leigh-on-Sea;51.55982;0.650744;IS;REMO;TRANS;TÖT;SON;Messer;ZIV;GOV;Tory-Abgeordneter David Amess;1;;;;;;;;;;;;;;
;10/15/21;Hiiraan Online;https://www.hiiraan.com/news/2021/Oct/wararka_maanta16-179090.htm?utm_source=hiiraan&utm_medium=WararkaMaantaFront;Afrika;Somalia;SOM;Gedo;Bardera;2.33724;42.28493;Al-Shabaab;REMO;NAT;TÖT;FW;;ZIV;GOV;Regierungsmitarbeiter;1;;;;;;;;;;;;;;
;10/16/21;SATP;https://satp.org/terrorist-activity/india-Oct-2021;Südostasien;Indien;IND;Srinagar;Eidgah;34,1122;74,7492;NB;NB;NB;TÖT;FW;;ZIV;PP;;1;;;;;;;;;;;;;;
;10/16/21;SATP;https://satp.org/terrorist-activity/india-Oct-2021;Südostasien;Indien;IND;Pulwama;Uttar Pradesh;33,8718;74,8993;NB;NB;NB;TÖT;FW;;ZIV;PP;;1;;;;;;;;;;;;;;
;10/16/21;Hiiraan Online;https://www.hiiraan.com/news4/2021/Oct/184266/bomb_blast_at_police_station_in_ferfer_town_in_beletwyene_kills_mayor_among_others.aspx?utm_source=hiiraan&utm_medium=SomaliNewsUpdateFront , https://www.hiiraan.com/news4/2021/Oct/184270/qatar_slams_blast_at_somali_police_station.aspx?utm_source=hiiraan&utm_medium=SomaliNewsUpdateFront;Afrika;Somalia;SOM;Hiiraan;Ferfer;5.08495;45.13270;NB;NB;NB;TÖT;IED;;ZIV;GOV;Bürgermeister, Polizeistation;2;4;;;;;;"""(…) and injured several others.""";;;;;;;
;10/16/21;NINA;https://www.ninanews.com/Website/News/Details?key=933555;Naher & Mittlerer Osten;Irak;IRQ;Kirkuk;Daquq, Wadi Al-Shay;35.23167;44.37378;ISIS;REMO;TRANS;ZERS;BRA;;ZIV;PP;Zivilisten beim Holzhacken;;;;;;;3 zivile Fahrzeuge ausgebrannt;;;;;;;;
;10/16/21;NINA;https://www.ninanews.com/Website/News/Details?key=933622;Naher & Mittlerer Osten;Irak;IRQ;Nineveh;Mosul, Hamam Al-Alil;36.15368;43.10627;NB;NB;NB;TÖT;FW;;ZIV;PP;Arbeiter an einem Generator;1;;;;;;;;;;;;;;
;10/17/21;SATP;https://satp.org/terrorist-activity/pakistan-Oct-2021;Naher & Mittlerer Osten;Pakistan;PAK;Kharan;Barshonki;28,7755;65,6659;Balochistan Liberation Army ;SEP;REG;TÖT;FW;;SK;MLZ;;;;;1;2;;;;;;;;;;
;10/17/21;SATP;https://satp.org/terrorist-activity/india-Oct-2021;Südostasien;Indien;IND;Kulgam;Wanpoh;33,7294;75,1081;NB;NB;NB;TÖT;FW;;ZIV;PP;;2;1;;;;;;;;;;;;;
;10/17/21;Crisis Group;https://www.crisisgroup.org/crisiswatch/database?location%5B0%5D=27&crisis_state=&created=custom&from_month=1&from_year=2021&to_month=12&to_year=2021&page=0;Afrika;Niger;NER;Tillaberi;Tera;14.00726;0.75699;NB;NB;NB;TÖT;FW;;SK;POL;Polizei Posten;;;;3;;;;;;;;;;;
;10/18/21;Radio Okapi;https://www.radiookapi.net/2021/10/19/actualite/securite/mahagi-le-village-pangenge-deserte-apres-une-attaque-de-la-milice;Afrika;DR Kongo;COD;Ituri;Mahagi, Pangenge;2,19410;31,01180;CODECO;SEP;REG;VERL;FW;;ZIV;PP;;;1;;;;;Mehrere Häuser in brand gesteckt;;;;;;;;
;10/18/21;Keydmedia;https://www.keydmedia.net/news/at-least-15-kenyan-soldiers-killed-in-lamu-explosion;Afrika;Kenia;KEN;Lamu;Lamu East, Kiunga-Sankuri road;-1,73180;41,42070;Al-Shabaab;REMO;TRANS;ZERS;IED;;SK;MIL;;;;;;;;;Keine gesicherten Quellen für Opfer- und Verletztenzahlen;;;;;;;
;10/18/21;Radio Okapi;https://www.radiookapi.net/2021/10/20/actualite/securite/ituri-un-mort-lors-dune-attaque-des-presumes-adf-makumo , https://www.radiookapi.net/2021/10/22/actualite/securite/ituri-5-corps-des-ex-otages-des-adf-decouverts-mambasa;Afrika;DR Kongo;COD;Ituri;Mambasa, Makumo ;0,79939;29,23191;ISCAP;REMO;TRANS;TÖT;SON;;ZIV;PP;;6;2;;;;;;;;;;;;;
;10/18/21;Club of Mozambique;https://clubofmozambique.com/news/terrorists-attack-tanzanian-villages-aim-report-203481/;Afrika;Tansania;TZA;Mtwara;Nanyamba Town, Sengele;-10,80570;39,98100;NB;REMO;REG;ZERS;FW;;ZIV;PP;;;;;;;;;Überlappende Informationen mit Anschlag am 21.10. in Kilimahewa;;;;;;;
;10/18/21;SATP;https://satp.org/terrorist-activity/pakistan-Oct-2021;Naher & Mittlerer Osten;Pakistan;PAK;Quetta;Sariab Road;30,1638;66,988;NB;NB;NB;TÖT;IED;;ZIV;EDU;Studenten;;4;;1;13;;;;;;;;;;
;10/18/21;SATP;https://satp.org/terrorist-activity/pakistan-Oct-2021;Naher & Mittlerer Osten;Pakistan;PAK;North Waziristan;Spinwam;33,179;70,3941;NB;NB;NB;TÖT;FW;;SK;MIL;;;;;1;;;;;;;;;;;
;10/18/21;NINA;https://www.ninanews.com/Website/News/Details?key=934004;Naher & Mittlerer Osten;Irak;IRQ;Diyala;Ba'quba, Buhriz, Abu Khamis;33.80005;44.56664;ISIS;REMO;TRANS;VERL;FW;;SK;POL;Checkpoint;;;;;2;;1 Polizeifahrzeug zerstört;;;;;;;;
;10/19/21;Garowe Online , Hiiraan Online;https://www.garoweonline.com/en/world/africa/al-shabaab-militants-raid-kenya-s-wajir-country-kill-one-local , https://hiiraan.com/news4/2021/Oct/184304/suspected_al_shabaab_militants_raid_home_in_wajir_kill_one_local_before_fleeing.aspx;Afrika;Kenia;KEN;Wajir;Wajir East, Konton;2,01791;40,90684;Al-Shabaab;REMO;TRANS;TÖT;FW;;ZIV;PP;;1;;;;;;;;;;;;;;
;10/19/21;Radio Okapi;https://www.radiookapi.net/2021/10/20/actualite/securite/ituri-une-attaque-des-adf-fait-5-morts-ndaliya;Afrika;DR Kongo;COD;Ituri;Irumu, Kabrike;0,96060;29,51440;ISCAP;REMO;TRANS;TÖT;FW;;ZIV;PP;;5;1;;;;;4 Häuser in Brand gesteckt;;;;;;;;
;10/19/21;Actualite;https://actualite.cd/2021/10/19/rdc-nouvelle-attaque-des-combattants-adf-sur-la-route-beni-kasindi , https://actualite.cd/2021/10/21/rdc-beni-resurgence-des-violences-en-plein-etat-de-siege-au-moins-18-personnes-tuees;Afrika;DR Kongo;COD;Nord-Kivu;Beni, Kilya;0,38874;29,59379;ISCAP;REMO;TRANS;TÖT;FW;;ZIV;PP;Dorf;1;;;;;;3 Häuser und 1 Fahrzeug in Brand gesteckt;;;;;;;;
;10/19/21;U.S. Dept. of State , Crisis Group;https://www.state.gov/reports/country-reports-on-terrorism-2021/cote-divoire , https://www.crisisgroup.org/crisiswatch/database?location%5B0%5D=22&crisis_state=&created=custom&from_month=1&from_year=2021&to_month=12&to_year=2021&page=0;Afrika;Elfenbeinküste;CIV;Zanzan;Tehini;9.60000;-3.66615;NB;REMO;NB;VERL;FW;;SK;POL;Polizeistation;;;;;2;;;Jihadists werden als Angreifer identifiziert;;;;;;;
;10/19/21;Radio Okapi;https://www.radiookapi.net/2021/10/23/actualite/securite/lubero-15-otages-des-mai-mai-mangaribi-liberes-par-les-fardc;Afrika;DR Kongo;COD;Nord-Kivu;Lubero, Bapere, Lata Bien;0,45305;28,82555;Mai-Mai;SEP;REG;ENTF;FW;;ZIV;PP;Bergbau Region;;;15;;;;;Alle Geiseln befreit;;;;;;;
;10/19/21;NINA;https://www.ninanews.com/Website/News/Details?key=934055;Naher & Mittlerer Osten;Irak;IRQ;Dhi Qar;international highway;31.02999;46.02499;NB;NB;NB;ZERS;IED;;SK;MIL;Konvoi der internationalen Koalition;;;;;;;;keine Opfer;;;;;;;
;10/19/21;NINA;https://www.ninanews.com/Website/News/Details?key=934188;Naher & Mittlerer Osten;Irak;IRQ;Baghdad;Baghdad, Al-Kasra Street;33.30625;44.38721;NB;NB;NB;VERL;IED;Sprengfalle;ZIV;PP;;;2;;;;;;;;;;;;;
;10/20/21;Arise News , Daily Post Nigeria;https://www.arise.tv/nigeria-bandits-attack-kaduna-abuja-train/ , https://dailypost.ng/2021/10/23/how-boko-haram-bandits-bombed-abuja-kaduna-train-despite-intel-before-attack/;Afrika;Nigeria;NGA;Kaduna;Kaduna-Abuja railway, Rijana station;10.04830;7.37560;Boko Haram;REMO;TRANS;ZERS;IED;Sprengsatz, dann Schüsse;ZIV;TI;Zug;;;;;;;Gleise und Lok beschädigt;Keine Personenschäden;;;;;;;
;10/20/21;Actualite;https://actualite.cd/2021/10/20/rdc-ituri-deux-morts-et-une-trentaine-de-villages-incendies-lors-dune-attaque-des;Afrika;DR Kongo;COD;Ituri;Djugu, Ndena;2,10689;30,85374;CODECO;SEP;REG;TÖT;BRA;;ZIV;PP;;2;;;;;;36 Häuser in Brand gesteckt;;;;;;;;
;10/20/21;Crisis Group , BBC , Sana;https://www.crisisgroup.org/crisiswatch/database?location%5B0%5D=83&crisis_state=&created=custom&from_month=1&from_year=2021&to_month=12&to_year=2021&page=0 , https://www.bbc.com/news/world-middle-east-58930309 , https://sana.sy/en/?p=251848;Naher & Mittlerer Osten ;Syrien;SYR;Damascus;Damascus city, Al Qanawat, Jisr al-Rais bridge;33.51353;36.28880;ISIS;REMO;TRANS;TÖT;IED;Zwei Bomben an Bus;SK;MIL;Bus mit Truppen;;;;14;3;;;"""(…) and injured others.""";;;;;;;
;10/20/21;U.S. Dept. of State , Club of Mozambique , Zitamar;https://www.state.gov/reports/country-reports-on-terrorism-2021/tanzania , https://clubofmozambique.com/news/terrorists-attack-tanzanian-villages-aim-report-203481/ , https://www.zitamar.com/insurgents-attack-village-in-tanzania-across-rovuma-from-nangade/;Afrika;Tansania;TZA;Mtwara;Nanyamba Town, Kilimahewa;-10,80290;39,92430;ISCAP;REMO;TRANS;ENTF;FW;;ZIV;PP;;;;3;;;;Ein Lagerhaus und mehrere Häuser in Brand gesetzt;"""An unknown number of people were kidnapped (…).""; Entführte später befreit";;;;;;;
;10/20/21;Radio Okapi , Actualite;https://www.radiookapi.net/2021/10/21/actualite/securite/nord-kivu-18-civils-tues-par-des-hommes-armes-kalembo , https://www.radiookapi.net/2021/10/23/actualite/securite/beni-4-morts-dans-une-double-attaque-des-adf-bulongo , https://actualite.cd/2021/10/21/rdc-beni-resurgence-des-violences-en-plein-etat-de-siege-au-moins-18-personnes-tuees;Afrika;DR Kongo;COD;Nord-Kivu;Beni, Kalembo;0,34710;29,57520;ISCAP;REMO;TRANS;TÖT;FW;;ZIV;PP;Dorf;22;;6;;;;4 Häuser in Brand gesteckt;"""(…) carried away several other residents (…)."" - Später Leichen gefunden ; andere Quelle spricht von 10 Vermissten";;;;;;;
;10/20/21;Actualite;https://actualite.cd/2021/10/20/rdc-etat-de-siege-au-moins-6-morts-dans-une-nouvelle-attaque-des-adf-en-ituri;Afrika;DR Kongo;COD;Ituri;Irumu, Luna, Kabrical, RN4 road;0,90137;29,61365;ISCAP;REMO;TRANS;TÖT;FW;;ZIV;PP;Dorf;6;3;;;;;Mehrere Häuser in Brand gesteckt;"""(…) and seriously injured others (…).""";;;;;;;
;10/20/21;SATP;https://satp.org/terrorist-activity/afghanistan-Oct-2021;Naher & Mittlerer Osten;Afghanistan;AFG ;Kabul;Kabul city, PD3, Dehmazang;34,51421;69,15682;NB;NB;NB;VERL;HGR;;SK;POL;Taliban;;;;;2;;;;;;;;;;
;10/20/21;SATP;https://satp.org/terrorist-activity/pakistan-Oct-2021;Naher & Mittlerer Osten;Pakistan;PAK;Hangu;Chapri Waziran check post;33,3448;70,604;NB;NB;NB;TÖT;FW;;SK;MIL;;;;;1;;;;;;;;;;;
;10/20/21;SATP;https://satp.org/terrorist-activity/pakistan-Oct-2021;Naher & Mittlerer Osten;Pakistan;PAK;Balochistan;Kech;26,1561;63,0148;NB;NB;NB;TÖT;FW;;SK;MIL;;;;;1;;;;;;;;;;;
;10/20/21;SATP;https://satp.org/terrorist-activity/pakistan-Oct-2021;Naher & Mittlerer Osten;Pakistan;PAK;Mamund Tehsil;Teer Banda;34,8371;71,4056;NB;NB;NB;TÖT;IED;;SK;POL;POL/MILZ;;;;4;;;;;;;;;;;
;10/20/21;Hiiraan Online;https://www.hiiraan.com/news/2021/Oct/wararka_maanta20-179132.htm?utm_source=hiiraan&utm_medium=WararkaMaantaFront;Afrika;Somalia;SOM;Bakool;Wajid;3.80925;43.24708;Al-Shabaab;REMO;NAT;ZERS;BRA;;ZIV;PP;Nahrungslieferungen;;;;;;;Nahrungswagen niedergebrannt;Keine Personenschäden;;;;;;;
;10/20/21;Radio Okapi;https://www.radiookapi.net/2021/10/21/actualite/securite/mambasa-des-maisons-incendiees-lors-dune-attaque-des-mai-mai-mahu;Afrika;DR Kongo;COD;Ituri;Mambasa, Mahu;0,76195;29,16921;Mai-Mai;SEP;REG;VERL;BRA;;SK;MIL;;;;;;1;;Einige provisorische Häuser der Soldaten in Brand gesetzt;;;;;;;;
;10/21/21;Arise News , Daily Post Nigeria;https://www.arise.tv/nigeria-bandits-attack-kaduna-abuja-train/ , https://dailypost.ng/2021/10/23/how-boko-haram-bandits-bombed-abuja-kaduna-train-despite-intel-before-attack/;Afrika;Nigeria;NGA;Kaduna;Kaduna-Abuja railway, Kaduna;10.49990;7.33896;Boko Haram;REMO;TRANS;ZERS;IED;;ZIV;TI;Zug;;;;;;;Gleise beschädigt;Keine Personenschäden;;;;;;;
;10/21/21;SATP;https://satp.org/terrorist-activity/afghanistan-Oct-2021;Naher & Mittlerer Osten;Afghanistan;AFG ;Kabul;Schakardara, Qala Murad Beg;34,6505;69,1207;ISKP;REMO;TRANS;ZERS;IED;;ZIV;KI;Power Pylon;;;;;;;Power Pylon;Keine Verletzten;;;;;;;
;10/21/21;Carta de Mocambique;https://cartamz.com/index.php/sociedade/item/9138-terroristas-decapitam-quatro-pessoas-em-macomia;Afrika;Mosambik;MOZ;Cabo Delgado;Macomia, Mucojo, Pankoma;-11,99920;40,50560;NB;REMO;REG;TÖT;SON;;ZIV;PP;;2;;;;;;;Beide Opfer geköpft;;;;;;;
;10/21/21;Porto Canal;https://portocanal.sapo.pt/noticia/281843;Afrika;Mosambik;MOZ;Cabo Delgado;Macomia, Mucojo, Nagulue;-11,98354;40,44686;NB;REMO;REG;TÖT;SON;;ZIV;PP;;3;;;;;;;Alle Opfer wurden geköpft;;;;;;;
;10/21/21;NINA;https://www.ninanews.com/Website/News/Details?key=934484;Naher & Mittlerer Osten;Irak;IRQ;Nineveh;Mosul, Hamidat, Badush ;36.41472;42.96448;NB;NB;NB;TÖT;FW;;ZIV;PP;;1;;;;;;;;;;;;;;
;10/22/21;Radio Okapi;https://www.radiookapi.net/2021/10/22/actualite/securite/ituri-des-affrontements-entre-les-fardc-et-la-milice-codeco-djugu;Afrika;DR Kongo;COD;Ituri;Djugu, Lewe;1,70580;30,32770;CODECO;SEP;REG;TÖT;FW;;SK;MIL;Armeeposition;1;;;1;;;Mehrere Häuser in Brand gesteckt;;;;;;;;
;10/22/21;Actualite;https://actualite.cd/2021/10/22/ituri-djugu-trois-morts-signales-dans-une-nouvelle-attaque-des-miliciens-codeco-pres-de;Afrika;DR Kongo;COD;Ituri;Djugu, Tsilo;1,66796;30,36512;CODECO;SEP;REG;TÖT;FW;;ZIV;PP;;3;;;;;;Einige Häuser in Brand gesteckt;;;;;;;;
;10/22/21;Voice of America;https://www.voaportugues.com/a/homens-vestidos-de-uniforme-militar-decapitam-duas-pessoas-em-macomia/6283633.html;Afrika;Mosambik;MOZ;Cabo Delgado;Macomia, Mucojo, Lumuamua;-12,10010;40,49559;ISCAP;REMO;TRANS;TÖT;SON;;ZIV;PP;;2;;;;;;;Beide Opfer geköpft;;;;;;;
;10/22/21;Actualite;https://actualite.cd/2021/10/23/rdc-beni-4-civils-decapites-par-des-adf-pres-de-bulongo;Afrika;DR Kongo;COD;Nord-Kivu;Beni, Ruwenzori, Libokora/Mutilipi;0,34866;29,64163;ISCAP;REMO;TRANS;TÖT;SON;;ZIV;PP;Dörfer;4;;;;;;Armeeposition in Brand gesteckt;Alle Opfer geköpft;;;;;;;
;10/22/21;Actualite;https://actualite.cd/2021/10/26/etat-de-siege-beni-les-violences-saccentuent-au-moins-9-civils-tues-par-les-adf-louest;Afrika;DR Kongo;COD;Nord-Kivu;Beni, Ngadule;0,77384;29,41126;ISCAP;REMO;TRANS;TÖT;SON;Messer und Macheten;ZIV;PP;;9;;;;;;;;;;;;;;
;10/22/21;Actualite;https://actualite.cd/2021/10/24/rdc-mwenga-un-camp-de-larmee-attaque-par-les-miliciens-mikenge-au-moins-deux-soldats;Afrika;DR Kongo;COD;Sud-Kivu;Mwenga, Itombwe, Mikenge;-3,76796;28,74428;Twirwaneho;SEP;REG;TÖT;FW;;SK;MIL;Armeeposition;;;;2;3;;;;;;;;;;
;10/23/21;TheCable;https://www.thecable.ng/three-soldiers-injured-as-boko-haram-attacks-military-base-in-yobe/;Afrika;Nigeria;NGA;Yobe;Katarko;11.56176;11.91642;Boko Haram;REMO;TRANS;TÖT;FW;;SK;MIL;Militärcamp;;;;;3;;;;;;;;;;
;10/23/21;U.S. Dept. of State , France24 , Reuters;https://www.state.gov/reports/country-reports-on-terrorism-2021/uganda , https://www.france24.com/en/live-news/20211024-deadly-blast-in-ugandan-capital-a-terrorist-act-president , https://www.reuters.com/world/africa/is-claims-responsibility-bomb-attack-uganda-2021-10-24/;Afrika;Uganda;UGA;Central;Kampala, Komamboga;0,38515;32,59146;ISCAP;REMO;TRANS;TÖT;IED;Bombe zuvor in Restaurant platziert;ZIV;GOV;Restaurant, das viel von SK besucht wird;1;3;;;;;;"""(…) injured several others.""";;;;;;;
;10/23/21;Radio Okapi;https://www.radiookapi.net/2021/10/24/actualite/securite/beni-10-morts-dans-une-nouvelle-attaque-des-adf-bulongo;Afrika;DR Kongo;COD;Nord-Kivu;Beni, Bulongo;0,31290;29,70170;ISCAP;REMO;TRANS;TÖT;FW;;ZIV;PP;Dorf;10;;;;;;;;;;;;;;
;10/23/21;SATP;https://satp.org/terrorist-activity/afghanistan-Oct-2021;Naher & Mittlerer Osten;Afghanistan;AFG ;Nangarhar;Jalalabad;34,4235;70,4607;ISKP;REMO;TRANS;TÖT;IED;;SK;POL;Taliban;2;;;;;;;;;;;;;;
;10/23/21;SATP;https://satp.org/terrorist-activity/afghanistan-Oct-2021;Naher & Mittlerer Osten;Afghanistan;AFG ;Paktia;Gardez;33,5997;69,2292;NB;NB;NB;TÖT;FW;;SK;POL;Former chief;;;;1;;;;;;;;;;;
;10/23/21;SATP;https://satp.org/terrorist-activity/afghanistan-Oct-2021;Naher & Mittlerer Osten;Afghanistan;AFG ;Nangarhar;Jalalabad, PD6, Sayyaf Familo;34,4235;70,4607;NB;NB;NB;TÖT;FW;;ZIV;PP;;2;;;;;;;;;;;;;;
;10/23/21;NINA;https://www.ninanews.com/Website/News/Details?key=934732;Naher & Mittlerer Osten;Irak;IRQ;Basra;Basra, Shatt al-Arab;30.80172;47.84615;NB;NB;NB;ZERS;HGR;Blendgranate;ZIV;PP;;;;;;;;1 Wohnhaus beschädigt;keine Opfer;;;;;;;
;10/24/21;CHRDA;https://www.chrda.org/human-rights-report-between-october-2021-and-march-2022-there-was-an-increase-in-human-rights-violations-and-abuses-by-the-state-defense-and-security-forces-and-non-state-armed-groups-in-cameroon/;Afrika;Kamerun;CMR;Nord-Ouest;Mezam, Bamenda, Nkwen, Teken Quarter;5,99175;10,18923;Amba Boys;SEP;REG;TÖT;FW;;ZIV;PP;;1;;;;;;;;;;;;;;
;10/24/21;U.S. Dept of State;https://www.state.gov/reports/2021-report-on-international-religious-freedom/cameroon/;Afrika;Kamerun;CMR;Nord-Ouest;Bamenda, Ntamulung Presbyterian Church;5,95938;10,15919;Amba Boys;SEP;REG;ENTF;FW;;ZIV;REL;Christliche Offizielle;;;1;;;;;Nach einer Nacht freigelassen;;;;;;;
;10/24/21;Radio Okapi;https://www.radiookapi.net/2021/10/25/actualite/securite/djugu-6-villages-incendies-par-codeco-3-morts;Afrika;DR Kongo;COD;Ituri;Djugu, Palestine/Soo/Elisha/Djodjo/Deto/Matete;1,85127;30,19589;CODECO;SEP;REG;TÖT;BRA;;ZIV;PP;Dörfer;3;;;;;;6 Dörfer in Brand gesetzt;;;;;;;;
;10/24/21;Voice of America;https://www.voaportugues.com/a/novo-ataque-de-insurgentes-provoca-tr%C3%AAs-mortos-em-cabo-delgado/6285998.html;Afrika;Mosambik;MOZ;Cabo Delgado;Nangade, Chitama;-11,18850;39,71160;ISCAP;REMO;TRANS;TÖT;SON;;ZIV;GOV;Dorfanführer;3;;3;;;;;3 Personen wurden gezwungen Kastanien zu transportieren, wurden dann aber freigelassen;;;;;;;
;10/24/21;SATP , Radio Free Europe/Radio Liberty;https://satp.org/terrorist-activity/pakistan-Oct-2021 , https://gandhara.rferl.org/a/pakistan-taliban-police-killed-vaccination/31527123.html;Naher & Mittlerer Osten;Pakistan;PAK;Dera Ismail Khan;Cantt Police Station;31,8626;70,9019;Tehrik-i-Taliban Pakistan  ;REMO;TRANS;TÖT;FW;;SK;POL;;;;;1;;;;;;;;;;;
;10/24/21;NINA;https://www.ninanews.com/Website/News/Details?key=935037;Naher & Mittlerer Osten;Irak;IRQ;Baghdad;Al-Shula;33.50433;44.32940;NB;NB;NB;ZERS;IED;Haftbombe;SK;POL;Polizeioffizier;;;;;;;Auto beschädigt;keine Personenschäden;;;;;;;
;10/25/21;Uganda Police Force;https://www.upf.go.ug/second-incident-of-deadly-bomb-explosion-was-a-suicide-attack/;Afrika;Uganda;UGA;Central;Mpigi, Lungala, Kampala-Masaka highway;0,23942;32,34811;ISCAP;REMO;TRANS;VERL;IED;Selbstmordanschlag;ZIV;TI;Bus;;;;;1;;;;;;;;;;
;10/25/21;SATP;https://satp.org/terrorist-activity/afghanistan-Oct-2021;Naher & Mittlerer Osten;Afghanistan;AFG ;Nangarhar;Jalalabad, PD8;34,4235;70,4607;ISKP;REMO;TRANS;VERL;IED;;SK;POL;Taliban;;1;;;1;;;;;;;;;;
;10/25/21;SATP;https://satp.org/terrorist-activity/afghanistan-Oct-2021;Naher & Mittlerer Osten;Afghanistan;AFG ;Nangarhar;Jalalabad;34,4235;70,4607;NB;NB;NB;TÖT;FW;;ZIV;REL;;1;;;;;;;;;;;;;;
;10/25/21;SATP;https://satp.org/terrorist-activity/pakistan-Oct-2021;Naher & Mittlerer Osten;Pakistan;PAK;Bannu town;Mundan Road;32,9693;70,6085;NB;NB;NB;TÖT;FW;;SK;POL;;;;;1;;;;;;;;;;;
;10/25/21;NINA;https://www.ninanews.com/Website/News/Details?key=935214;Naher & Mittlerer Osten;Irak;IRQ;Diyala;Miqdadiyah, Abi Sayda;33.90580;44.77820;NB;NB;NB;TÖT;IED;;ZIV;GOV;Eingang zum Court of First Instance;2;;;1;;;;;;;;;;;
;10/26/21;SATP;https://satp.org/terrorist-activity/india-Oct-2021;Südostasien;Indien;IND;Bandipora;Sumbal;34,2307;74,6472;NB;NB;NB;VERL;HGR;;SK;MIL;;;6;;;;;;;;;;;;;
;10/26/21;SATP;https://satp.org/terrorist-activity/pakistan-Oct-2021;Naher & Mittlerer Osten;Pakistan;PAK;Lakki Marwat;Lakki town;32,6166;70,8995;NB;NB;NB;TÖT;FW;;SK;POL;;;;;4;;;;;;;;;;;
;10/26/21;Radio Okapi;https://www.radiookapi.net/2021/10/27/actualite/securite/tanganika-cinq-blesses-lors-dune-incursion-de-la-milice-twa-dans-deux;Afrika;DR Kongo;COD;Tanganyika;Nyunzu, Kyoko;-5,70040;28,34920;Twa;SEP;REG;TÖT;SON;Pfeile;ZIV;PP;;;5;;;;;;;;;;;;;
;10/26/21;NINA;https://www.ninanews.com/Website/News/Details?key=935264;Naher & Mittlerer Osten;Irak;IRQ;Diyala;Khanaqin, Al-Saadiya, Kabashi;34.11024;45.18243;ISIS;REMO;TRANS;TÖT;FW;;SK;MLZ;PMF, Checkpoint;;;;1;2;;;;;;;;;;
;10/26/21;NINA;https://www.ninanews.com/Website/News/Details?key=935459;Naher & Mittlerer Osten;Irak;IRQ;Diyala;Miqdadiyah, Al-Rashad;33.92627;44.95880;ISIS;REMO;TRANS;TÖT;FW;;ZIV;ÖP;Dorf;10;18;;;;;;;;;;;;;
;10/26/21;NINA;https://www.ninanews.com/Website/News/Details?key=935269;Naher & Mittlerer Osten;Irak;IRQ;Diyala;Katoun ;33.74682;44.47489;NB;NB;NB;TÖT;IED;;ZIV;PP;Bauarbeiter ;1;;;;;;;;;;;;;;
;10/26/21;NINA;https://www.ninanews.com/Website/News/Details?key=935305;Naher & Mittlerer Osten;Irak;IRQ;Nineveh;Hatra ;35.50540;42.47589;NB;NB;NB;TÖT;IED;;SK;MIL;Militärpatrouille;;;;1;1;;;;;;;;;;
;10/27/21;SATP;https://satp.org/terrorist-activity/afghanistan-Oct-2021;Naher & Mittlerer Osten;Afghanistan;AFG ;Ghazni;Qarabagh;33,1928;68,0896;NB;NB;NB;TÖT;FW;;ZIV;REL;Shiiten;5;;;;;;;;;;;;;;
;10/27/21;SATP;https://satp.org/terrorist-activity/afghanistan-Oct-2021;Naher & Mittlerer Osten;Afghanistan;AFG ;Nangarhar;Jalalabad, PD5;34,4248;70,4365;NB;NB;NB;TÖT;FW;;ZIV;PP;;1;;;;;;;;;;;;;;
;10/27/21;SATP;https://satp.org/terrorist-activity/pakistan-Oct-2021;Naher & Mittlerer Osten;Pakistan;PAK;Kurram;Pak-Afghan border;33,696;70,3361;NB;NB;NB;TÖT;FW;;SK;MIL;;;;;2;;;;;;;;;;;
;10/27/21;FAZ;https://www.faz.net/aktuell/politik/ausland/elf-tote-bei-terrorangriff-mutmasslicher-is-kaempfer-im-irak-17604517.html;Naher & Mittlerer Osten;Irak;IRQ;Baghdad;Al-Raschad;34.00080;44.91872;ISIS;REMO;TRANS;TÖT;FW;;SK;POL;;13;15;;;;;;;;;;;;;
;10/27/21;NINA;https://www.ninanews.com/Website/News/Details?key=935509;Naher & Mittlerer Osten;Irak;IRQ;Diyala;Miqdadiyah, Nahr al-Imam;33.90832;44.96653;NB;NB;NB;TÖT;FW;;ZIV;ÖP;Dorf;7;5;;;;;Wohnhäuser abgebrannt;;;;;;;;
;10/28/21;Insecurity Insight , Actualite;https://insecurityinsight.org/wp-content/uploads/2022/05/2021-DRC-SHCC-Factsheet.pdf , https://actualite.cd/2021/10/29/rdc-ituri-un-vehicule-de-msf-attaque-deux-humanitaires-blesses-par-balle;Afrika;DR Kongo;COD;Ituri;Djugu, Kobu-Bambu road;1,81434;30,21635;CODECO;SEP;REG;VERL;FW;Hinterhalt;ZIV;NGO;Fahrzeug von Ärzte ohne Grenzen;;2;;;;;;;;;;;;;
;10/28/21;Actualite;https://actualite.cd/2021/10/29/ituri-une-vingtaine-de-maisons-incendiees-dans-une-nouvelle-attaque-des-miliciens-fpic;Afrika;DR Kongo;COD;Ituri;Irumu, Kabarole, Bambiya-Tsitsa/Rujumba;1,56675;30,11833;FPIC;SEP;REG;ZERS;BRA;;ZIV;PP;Dörfer;;;;;;;Mind. 24 Häuser in Brand gesetzt;Keine Personenschäden;;;;;;;
;10/28/21;Punch Nigeria , Vanguard Nigeria , Meir Amit Intelligence and Terrorism Information Center;https://punchng.com/breaking-boko-haram-kills-two-mopol-in-damboa-attack/ , https://www.vanguardngr.com/2021/10/boko-haram-iswap-kill-two-mopol-five-others-in-borno/ , https://www.terrorism-info.org.il/en/spotlight-on-global-jihad-october-28-november-3-2021/;Afrika;Nigeria;NGA;Borno;Damboa;11.15066;12.75941;ISWAP;REMO;TRANS;TÖT;FW;;SK;POL;Polizeistation;;;;2;;;2 Polizeistationen und 4 Fahrzeuge der SK in Brand gesetzt;;;;;;;;
;10/28/21;SATP;https://satp.org/terrorist-activity/afghanistan-Oct-2021;Naher & Mittlerer Osten;Afghanistan;AFG ;Faryab;Khaybar, Kaldar;36,1504;64,8607;NB;NB;NB;TÖT;FW;;ZIV;REL;Religious scholar;1;;;;;;;;;;;;;;
;10/28/21;NINA;https://www.ninanews.com/Website/News/Details?key=935799;Naher & Mittlerer Osten;Irak;IRQ;Baghdad;Baghdad, Al-Mashadah;33.47498;44.35687;NB;NB;NB;ZERS;IED;;SK;MIL;logistischer Konvoi der internationalen Koalition;;;;;;;;keine Opfer;;;;;;;
;10/28/21;NINA;https://www.ninanews.com/Website/News/Details?key=935808;Naher & Mittlerer Osten;Irak;IRQ;Diyala;Khanaqin, Hamrin Basin, Imam Weis, Al-Hroub;34.10644;45.04152;NB;NB;NB;ZERS;RAM;Mörser;ZIV;ÖP;Dorf;;;;;;;;keine Opfer;;;;;;;
;10/28/21;NINA;https://www.ninanews.com/Website/News/Details?key=935828;Naher & Mittlerer Osten;Irak;IRQ;Baghdad;Tarmiyah ;34.32430;45.23277;NB;NB;NB;ZERS;IED;;SK;MIL;logistischer Konvoi der internationalen Koalition;;;;;;;;keine Angaben zu Opfern;;;;;;;
;10/28/21;NINA;https://www.ninanews.com/Website/News/Details?key=935864;Naher & Mittlerer Osten;Irak;IRQ;Diyala;Miqdadiyah, Miqdadiyah, Shawk Al-Reem;33.98287;44.96678;NB;NB;NB;ZERS;RAM;Mörser;ZIV;ÖP;Dorf;;;;;;;;keine Angaben zu Opfern;;;;;;;
;10/28/21;NINA;https://www.ninanews.com/Website/News/Details?key=935868;Naher & Mittlerer Osten;Irak;IRQ;Diyala;Ba'quba, Abbara, Al-Hadd Al-Akhdar;33.82939;44.67367;NB;NB;NB;ENTF;FW;;ZIV;PP;;;;1;;;;;;;;;;;;
;10/29/21;Actualite;https://actualite.cd/2021/10/29/rdc-au-moins-16-civils-tues-lors-des-attaques-dans-deux-villages-en-ituri-experts-et;Afrika;DR Kongo;COD;Ituri;Djugu, Gina;1,79361;30,38667;CODECO/MLC;SEP;REG;TÖT;FW;;ZIV;PP;;14;;;;;;;;;;;;;;
;10/29/21;Actualite;https://actualite.cd/2021/10/29/rdc-au-moins-16-civils-tues-lors-des-attaques-dans-deux-villages-en-ituri-experts-et;Afrika;DR Kongo;COD;Ituri;Djugu, Nizi;1,76941;30,29140;CODECO/MLC;SEP;REG;TÖT;FW;;ZIV;PP;;4;;;;;;;;;;;;;;
;10/29/21;Actualite;https://actualite.cd/2021/10/30/rdc-adf-de-plus-en-plus-des-violences-beni-au-moins-8-morts-bulongo-en-plein-etat-de;Afrika;DR Kongo;COD;Nord-Kivu;Beni, Bulongo, Kazaroho/Kighome/Kanyatsi;0,33063;29,68866;ISCAP;REMO;TRANS;TÖT;SON;Macheten;ZIV;PP;;7;;;;;;1 Fahrzeug in Brand gesetzt;;;;;;;;
;10/29/21;SATP;https://satp.org/terrorist-activity/afghanistan-Oct-2021;Naher & Mittlerer Osten;Afghanistan;AFG ;Nangarhar;Sherzad;33,5449;69,3559;ISKP;REMO;TRANS;TÖT;IED;;ZIV;PP;;2;4;;;;;;;;;;;;;
;10/29/21;SATP;https://satp.org/terrorist-activity/afghanistan-Oct-2021;Naher & Mittlerer Osten;Afghanistan;AFG ;Nangarhar;Jalalabad, PD4, 40-meter road;34,4202;70,464;ISKP;REMO;TRANS;TÖT;FW;;ZIV;PP;;1;;;;;;;;;;;;;;
;10/29/21;SATP;https://satp.org/terrorist-activity/afghanistan-Oct-2021;Naher & Mittlerer Osten;Afghanistan;AFG ;Kabul;Kabul city, Haji Nowruz crossroads;34,5253;69,1657;ISKP;REMO;TRANS;VERL;FW;;ZIV;MEDIA;Iranian cameraman;;1;;;;;;;;;;;;;
;10/29/21;SATP;https://satp.org/terrorist-activity/afghanistan-Oct-2021;Naher & Mittlerer Osten;Afghanistan;AFG ;Herat;Herat city;34,3489;62,2024;NB;NB;NB;TÖT;FW;;ZIV;VIP;;1;;;;;;;;;;;;;;
;10/29/21;Al Jazeera;https://www.aljazeera.com/news/2021/10/30/fruit-shaped-bomb-kills-two-children-in-uganda-police;Afrika;Uganda;UGA;Central;Nakaseke;0,76630;32,30940;NB;NB;NB;TÖT;IED;Bombe in Fruchtform Kindern zum Spielen gegeben;ZIV;PP;Kinder;2;;;;;;;;;;;;;;
;10/29/21;Actualite;https://actualite.cd/2021/10/30/rdc-ituri-encore-11-civils-tues-par-les-miliciens-de-codeco-dans-deux-localites-soit-27;Afrika;DR Kongo;COD;Ituri;Djugu, Liko;1,97180;30,28110;NB;NB;NB;TÖT;FW;;ZIV;PP;;11;;15;;;;;;;;;;;;
;10/29/21;NINA;https://www.ninanews.com/Website/News/Details?key=935875;Naher & Mittlerer Osten;Irak;IRQ;Diyala;Ba'quba, Abbara;33.81388;44.65792;NB;NB;NB;ZERS;RAM;Mörser;ZIV;ÖP;Dorf;;;;;;;;keine Opfer;;;;;;;
;10/30/21;Radio Okapi;https://www.radiookapi.net/2021/10/30/actualite/securite/bunia-les-fardc-attaquees-yagu-par-la-codeco;Afrika;DR Kongo;COD;Ituri;Mahagi, Yagu;2,22543;30,60157;CODECO;SEP;REG;TÖT;FW;;SK;MIL;Armeeposition;;;;7;;;;;;;;;;;
;10/30/21;Actualite;https://actualite.cd/2021/10/30/rdc-adf-de-plus-en-plus-des-violences-beni-au-moins-8-morts-bulongo-en-plein-etat-de;Afrika;DR Kongo;COD;Nord-Kivu;Beni, Bulongo, Mutilipi;0,31794;29,67579;ISCAP;REMO;TRANS;TÖT;FW;;ZIV;PP;;1;;;;;;;;;;;;;;
;10/30/21;SATP;https://satp.org/terrorist-activity/afghanistan-Oct-2021;Naher & Mittlerer Osten;Afghanistan;AFG ;Kabul;Kabul city, Tank Dascht Barchi;34,5006;69,0736;NB;NB;NB;TÖT;FW;;SK;POL;Former chief;;;;1;;;;;;;;;;;
;10/30/21;The Guardian , BBC;https://www.theguardian.com/world/2021/oct/30/yemen-bomb-blast-near-aden-airport-kills-at-least-12-civilians , https://www.bbc.com/news/world-middle-east-59109560;Naher & Mittlerer Osten;Jemen;YEM;Aden;Aden city, Aden airport;12.82731;45.03075;NB;NB;NB;TÖT;IED;Autobombe;ZIV ;ÖP;;12;9;;;;;;;;;;;;;
;10/30/21;SATP;https://satp.org/terrorist-activity/india-Oct-2021;Südostasien;Indien;IND;Rajouri;Kalal;33,3205;74,3883;NB;NB;NB;TÖT;IED;Landmine;SK;MIL;;;;;2;;;;;;;;;;;
;10/30/21;France24;https://www.france24.com/en/africa/20211030-7-malian-soldiers-killed-in-separate-attacks;Afrika;Mali;MLI;Segou;Segou town;13.44152;-6.26815;NB;NB;NB;TÖT;IED;Bombe am Straßenrand;SK;MIL;Militär Patrouille;;;;5;;;;;;;;;;;
;10/30/21;France24;https://www.france24.com/en/africa/20211030-7-malian-soldiers-killed-in-separate-attacks;Afrika;Mali;MLI;Koulikoro;Nara, Mourdiah;14.47192;-7.47163;NB;NB;NB;TÖT;FW;;SK;MIL;Malische Streitkräfte;;;;2;3;;;;;;;;;;
;10/30/21;NINA;https://www.ninanews.com/Website/News/Details?key=936095;Naher & Mittlerer Osten;Irak;IRQ;Kirkuk;Hawija, Abbasi, Fahhama, Tigris River;35.21908;43.38660;ISIS;REMO;TRANS;TÖT;FW;;ZIV;PP;;3;;2;;;;;;;;;;;;
;10/30/21;NINA;https://www.ninanews.com/Website/News/Details?key=936168;Naher & Mittlerer Osten;Irak;IRQ;Diyala;Ba'quba, Buhriz, Jadidah;33.64883;44.69627;ISIS;REMO;TRANS;ZERS;RAM;Mörser;ZIV;ÖP;Dorf;;;;;;;;keine Opfer;;;;;;;
;10/30/21;NINA;https://www.ninanews.com/Website/News/Details?key=936191;Naher & Mittlerer Osten;Irak;IRQ;Kirkuk;Zarqa Zaraw;35.82115;44.60278;ISIS;REMO;TRANS;TÖT;FW;;SK;MIL;Peschmerga ;;;;;2;;;;;;;;;;
;10/30/21;NINA;https://www.ninanews.com/Website/News/Details?key=936195;Naher & Mittlerer Osten;Irak;IRQ;Diyala;Shouk Al-Reem;33.98287;44.96678;NB;NB;NB;ZERS;RAM;Mörser;ZIV;ÖP;Dorf;;;;;;;;keine Opfer;;;;;;;
;10/31/21;Radio Okapi;https://www.radiookapi.net/2021/11/01/actualite/securite/ituri-4-morts-apres-attaque-dun-convoi-des-vehicules-sur-la-route;Afrika;DR Kongo;COD;Ituri;Djugu, Mangbedu;1,83555;30,17828;CODECO;SEP;REG;TÖT;FW;;ZIV;PP;Konvoi;4;3;4;;;;;"""Several passengers are currently missing."" ""Other poeaple were injured by bullets (…).""";;;;;;;
;10/31/21;SATP;https://satp.org/terrorist-activity/afghanistan-Oct-2021;Naher & Mittlerer Osten;Afghanistan;AFG ;Zabul;Qalat;32,1062;66,9072;NB;NB;NB;TÖT;FW;;SK;POL;Former POL;;;;1;;;;;;;;;;;
;10/31/21;SATP;https://satp.org/terrorist-activity/pakistan-Oct-2021;Naher & Mittlerer Osten;Pakistan;PAK;Panjgur;Cheetkan Bazaar;26,7303;64,1478;NB;NB;NB;TÖT;IED;;SK;MLZ;Frontier Corps;2;;;;3;;;;;;;;;;
;10/31/21;NINA;https://www.ninanews.com/Website/News/Details?key=936206;Naher & Mittlerer Osten;Irak;IRQ;Baghdad;Al-Mansour;33.31640;44.33928;NB;NB;NB;ZERS;RAM;Katyusha Raketen;ZIV;ÖP;;;;;;;;;keine Opfer;;;;;;;
;11/1/21;CHRDA;https://www.chrda.org/human-rights-report-between-october-2021-and-march-2022-there-was-an-increase-in-human-rights-violations-and-abuses-by-the-state-defense-and-security-forces-and-non-state-armed-groups-in-cameroon/;Afrika;Kamerun;CMR;Sud-Ouest;Fako, Buea, Molyko;4,16193;9,25874;Amba Boys;SEP;REG;ZERS;IED;;ZIV;PP;Taxi;;;;;;;Taxi beschädigt;;;;;;;;
;11/1/21;Arab News;https://arab.news/jq7f4;Afrika;Burkina Faso;BFA;Sahel;Oudalan, Dambam;14,58812;0,14132;ISGS;REMO;TRANS;TÖT;FW;;ZIV;PP;;10;;;;;;;;;;;;;;
;11/1/21;Nation , The Star;https://nation.africa/kenya/counties/lamu/one-killed-two-injured-in-suspected-al-shabaab-attack-in-lamu-3604392 , https://www.the-star.co.ke/counties/coast/2021-11-02-ranger-killed-driver-and-student-injured-in-lamu-ied-attack/;Afrika;Kenia;KEN;Lamu;Lamu East, Sankuri;-1,71880;41,35050;Al-Shabaab;REMO;TRANS;TÖT;IED;;ZIV;PP;;1;2;;;;;;;;;;;;;
;11/1/21;Radio Okapi;https://www.radiookapi.net/2021/11/03/actualite/securite/ituri-trois-morts-lukaya-apres-une-attaque-des-rebelles-des-adf;Afrika;DR Kongo;COD;Ituri;Mambasa, Lukaya;0,69236;29,24606;ISCAP;REMO;TRANS;TÖT;FW;;SK;POL;;1;;;2;;;;;;;;;;;
;11/1/21;SATP;https://satp.org/terrorist-activity/afghanistan-Nov-2021;Naher & Mittlerer Osten;Afghanistan;AFG ;Nangarhar;Jalalabad;34,4235;70,4607;NB;NB;NB;TÖT;FW;;ZIV;PP;Civil Society Activist;3;;;;;;;;;;;;;;
;11/1/21;ucanews;https://www.ucanews.com/news/islamist-insurgents-launch-attacks-on-thai-security-forces/94824;Südostasien;Thailand;THA;Narathiwat;;6.15249;101.72786;NB;SEP;REG;VERL;IED;;SK;MIL;Rangers;;;;;2;;;;;;;;;;
;11/1/21;SATP;https://satp.org/terrorist-activity/pakistan-Nov-2021;Naher & Mittlerer Osten;Pakistan;PAK;Hub in Lasbela ;Quetta-Karachi national highway ;25.02833;66.88333;NB;NB;NB;TÖT;IED;;ZIV;GOV;;1;2;;;;;;;;;;;;;
;11/2/21;FAZ;https://www.faz.net/aktuell/politik/ausland/dutzende-tote-bei-dschihadisten-angriff-in-niger-17619253.html;Afrika;Niger;NER;Tillabéri ;Banibangou;15.04841;2.71081;ISGS;REMO;TRANS;TÖT;FW;;SK;MLZ;;9;;;60;;;;Opfer überwiegend Mitglieder von Bürgermiliz;;;;;;;
;11/2/21;Daily Post Nigeria;https://dailypost.ng/2021/11/03/boko-haram-terrorists-abduct-travellers-along-ngamdu-in-born/;Afrika;Nigeria;NGA;Borno;Tamsuguwa-Ngamdu road;11.82357;12.68688;ISWAP;REMO;TRANS;ENTF;FW;;ZIV;REL;Christen;;;3;;;;;;;;;;;;
;11/2/21;Radio Okapi;https://www.radiookapi.net/2021/11/03/actualite/securite/beni-4-morts-dans-une-attaque-des-adf-mahu;Afrika;DR Kongo;COD;Ituri;Mambasa, Mahu;0,76195;29,16921;ISCAP;REMO;TRANS;TÖT;FW;;ZIV;PP;;4;;;;;;;;;;;;;;
;11/2/21;SATP , The Guardian , France 24;https://satp.org/terrorist-activity/afghanistan-Nov-2021 , https://www.theguardian.com/world/2021/nov/02/deadly-explosions-hit-military-hospital-in-kabul-afghanistan , https://www.france24.com/en/asia-pacific/20211102-several-injured-in-attack-on-military-hospital-in-kabul;Naher & Mittlerer Osten;Afghanistan;AFG ;Kabul;Kabul city, PD10, Wazir Akbar Khan, Sardar Mohammad Daud Khan Military Hospital;34,5414;69,1883;ISKP;REMO;TRANS;TÖT;IED;;SK;MIL;Military Hospital;;;;26;50;;;;;;;;;;
;11/2/21;Hasht-e Subh;https://8am.media/eng/three-people-killed-in-separate-incidents-in-afghanistans-nangarhar-province/;Naher & Mittlerer Osten;Afghanistan;AFG;Nangarhar;Jalalabad, Ada-e Kabul;34,4235;70,4607;NB;NB;NB;TÖT;FW;;ZIV;REL;Imam;1;;;;;;;;;;;;;;
;11/2/21;ucanews;https://www.ucanews.com/news/islamist-insurgents-launch-attacks-on-thai-security-forces/94824;Südostasien;Thailand;THA;Narathiwat;;6.15249;101.72786;NB;SEP;REG;VERL;FW;;SK;POL;;;;;;2;;Car set on fire;;;;;;;;
;11/2/21;SATP;https://satp.org/terrorist-activity/pakistan-Nov-2021;Naher & Mittlerer Osten;Pakistan;PAK;Kharan;Chief Chowk ;28.58333;65.41666;NB;NB;NB;VERL;IED;;ZIV;PP;;;13;;;;;;;;;;;;;
;11/2/21;NINA;https://www.ninanews.com/Website/News/Details?key=936738;Naher & Mittlerer Osten;Irak;IRQ;Diyala;Khanaqin, Akbashi ;34.29296;45.29697;ISIS;REMO;TRANS;TÖT;FW;;SK;MLZ;PMF;;;;1;;;;;;;;;;;
;11/3/21;Radio Okapi;https://www.radiookapi.net/2021/11/04/actualite/securite/djugu-deux-centres-de-sante-saccages-et-pilles-par-la-milice-codeco;Afrika;DR Kongo;COD;Ituri;Djugu, Malabo, Kambe/Virakpa Gesundheitszentren;1,69924;30,35282;CODECO;SEP;REG;VERL;FW;;ZIV;KI;Gesundheitszentren;;2;;;;;2 Gesundheitszentren zerstört und beraubt;;;;;;;;
;11/3/21;Radio Okapi , Reuters;https://www.openstreetmap.org/search?whereami=1&query=-2.5157%2C28.8443#map=13/-2.5157/28.8443 , https://www.radiookapi.net/2021/11/03/actualite/securite/attaque-de-la-ville-de-bukavu-une-dizaine-de-morts-enregistres , https://www.reuters.com/world/africa/fighting-kills-nine-congos-eastern-city-bukavu-2021-11-03/;Afrika;DR Kongo;COD;Sud-Kivu;Kabare, Bukavu;-2,51570;29,84430;Congolese Patriots for the Application of Article 64;SEP;REG;TÖT;FW;;SK;MIL;Stadt angegriffen;;20;;3;;;;Verletztenzahl anhand Krankenhausaussagen geschätzt;;;;;;;
;11/3/21;Daily Trust;https://dailytrust.com/breaking-iswap-fighters-raid-borno-hospital-set-telecoms-mast-on-fire/;Afrika;Nigeria;NGA;Borno;Magumeri;12.14260;12.67350;ISWAP;REMO;TRANS;ZERS;BRA;;ZIV;KI;Telekommunikationsmast, Krankenhaus;;;;;;;Telekommunikationsmast zerstört;Keine Personenschäden angegeben;;;;;;;
;11/3/21;Daily Post Nigeria;https://dailypost.ng/2021/11/03/iswap-kills-policemen-soldier-in-malam-fatori-shootout/;Afrika;Nigeria;NGA;Borno;Adadam, Malam Fatori;13.67459;13.33951;ISWAP;REMO;TRANS;TÖT;Fw;;SK;POL;;;;;3;;;;;;;;;;;
;11/3/21;Radio Okapi;https://www.radiookapi.net/2021/11/04/actualite/securite/beni-4-morts-dans-une-autre-attaque-des-adf-mantumbi;Afrika;DR Kongo;COD;Nord-Kivu;Beni, Mantumbi;0,61904;29,48653;ISCAP;REMO;TRANS;TÖT;FW;;ZIV;PP;Dorf;4;;;;;;;;;;;;;;
;11/3/21;SATP , Dawn;https://satp.org/terrorist-activity/afghanistan-Nov-2021 , https://www.dawn.com/news/1655862;Naher & Mittlerer Osten;Afghanistan;AFG ;Nangarhar;Jalalabad, PD8, Sah Burhan Agha;34,4283;70,4578;ISKP;REMO;TRANS;TÖT;IED;;SK;POL;Taliban;;;;2;2;;;;;;;;;;
;11/3/21;SATP;https://satp.org/terrorist-activity/india-Nov-2021;Südostasien;Indien;IND;Poonch;Kirni;33,7911;74,1574;NB;NB;NB;VERL;IED;Landmine;SK;MIL;;;;;;1;;;;;;;;;;
;11/3/21;SATP;https://satp.org/terrorist-activity/pakistan-Nov-2021;Naher & Mittlerer Osten;Pakistan;PAK;Gwadar;Jevani tehsil ;25.12638;62.32250;NB;NB;NB;TÖT;IED;;SK;POL;;;;;1;;;;;;;;;;;
;11/3/21;NINA;https://www.ninanews.com/Website/News/Details?key=937010;Naher & Mittlerer Osten;Irak;IRQ;Kirkuk;Daquq, Al-Sus/Wadi Al-Shay;35.23167;44.37378;ISIS;REMO;TRANS;ZERS;RAM;Feuerwaffen und Mörser;SK;POL;POL und PMF;;;;;;;;keine Opfer;;;;;;;
;11/4/21;Crisis Group;https://www.crisisgroup.org/crisiswatch/database?location%5B0%5D=27&crisis_state=&created=custom&from_month=1&from_year=2021&to_month=12&to_year=2021&page=0;Afrika;Niger;NER;Tillaberi;Tillaberi;14.52500;1.36200;ISGS;REMO;TRANS;TÖT;FW;;SK;MIL;Armee und Gendarmerie Posten;;;;14;;;;;;;;;;;
;11/4/21;Nau.ch;https://www.nau.ch/news/ausland/zwei-tote-bei-zusammenstossen-zwischen-indigenen-und-soldaten-in-chile-66036599;Lateinamerika;Chile;CHL;Biobío;Tirúa;-38.34386;64.66649;NB;NB;NB;TÖT;FW;;SK;POL;;2;3;;;;;;;;;;;;;
;11/4/21;Radio Okapi , Actualite;https://www.radiookapi.net/2021/11/05/actualite/securite/nord-kivu-3-morts-dans-une-attaque-des-adf-ruwenzori , https://actualite.cd/2021/11/04/rdc-beni-2-vehicules-des-commercants-incendies-et-trois-morts-dans-une-nouvelle-violence , https://actualite.cd/2021/11/24/rdc-beni-trois-corps-sans-vie-decouverts-par-les-agriculteurs-pres-de-bulongo-les-adf;Afrika;DR Kongo;COD;Nord-Kivu;Beni, Ruwenzori, Kalembo;0,25650;29,72150;ISCAP;REMO;TRANS;TÖT;FW;;ZIV;PP;;6;;;;;;2 Fahrzeuge in Brand gesteckt;;;;;;;;
;11/4/21;SATP;https://satp.org/terrorist-activity/india-Nov-2021;Südostasien;Indien;IND;Poonch;Kerni;33,7911;74,1574;NB;NB;NB;VERL;IED;Landmine;SK;MIL;;;;;;1;;;;;;;;;;
;11/4/21;SATP;https://satp.org/terrorist-activity/pakistan-Nov-2021;Naher & Mittlerer Osten;Pakistan;PAK;Quetta;Saryab Road ;30.19900;67.00977;NB;NB;NB;VERL;HGR;;ZIV;ÖP;;;;1;;;;;;;;;;;;
;11/4/21;SATP;https://satp.org/terrorist-activity/pakistan-Nov-2021;Naher & Mittlerer Osten;Pakistan;PAK;Dera Bugti ;Phelawagh;29.19316;69.57379;NB;NB;NB;TÖT;FW;;ZIV;GOV;Senator, Sarfaraz Bugti, was the target but only his security was hit;;;;2;;;;;;;;;;;
;11/4/21;NINA;https://www.ninanews.com/Website/News/Details?key=937063;Naher & Mittlerer Osten;Irak;IRQ;Kirkuk;Dibis, Altun Kupri;35.72255;44.23302;ISIS;REMO;TRANS;ZERS;FW;Scharfschütze;SK;MIL;Peschmerga ;;;;;;;;keine Angaben zu Opfern;;;;;;;
;11/4/21;NINA;https://www.ninanews.com/Website/News/Details?key=937025;Naher & Mittlerer Osten;Irak;IRQ;Kirkuk;Kirkuk, Kirkuk, Kirkuk, Badr;35.47185;44.39515;NB;NB;NB;ZERS;IED;;ZIV;UNT;Spirituosengeschäft;;;;;;;Geschäft zerstört;;;;;;;;
;11/5/21;Radio Okapi;https://www.radiookapi.net/2021/11/06/actualite/securite/ituri-trois-morts-dans-une-nouvelle-attaque-des-adf-contre-un-convoi , https://www.radiookapi.net/2021/11/07/actualite/securite/attaque-dun-convoi-de-vehicules-irumu-la-monusco-determinee-combattre , https://www.radiookapi.net/2021/11/08/actualite/securite/ituri-trois-morts-la-barriere-de-luna-apres-des-attaques-des-adf , https://www.radiookapi.net/2021/11/10/actualite/securite/ituri-une-vingtaine-de-corps-sans-vie-decouverte-dans-la-region-de;Afrika;DR Kongo;COD;Ituri;Irumu, Kabrique, RN4 road;0,92070;29,61080;ISCAP;REMO;TRANS;TÖT;FW;;ZIV;TI;Konvoi für den öffentlichen Verkehr;34;7;;;;;2 Passagierfahrzeuge in Brand gesetzt;5 Tage später 26 Leichen in der Nähe gefunden, diese Personen hatten vorher die gestohlenen Güter transportieren müssen;;;;;;;
;11/5/21;SATP;https://satp.org/terrorist-activity/afghanistan-Nov-2021;Naher & Mittlerer Osten;Afghanistan;AFG ;Nangarhar;Jalalabad, PD3, Laghman Hada;34,4347;70,4381;ISKP;REMO;TRANS;TÖT;FW;;SK;POL;Taliban;2;;;;;;;;;;;;;;
;11/5/21;SATP;https://satp.org/terrorist-activity/india-Nov-2021;Südostasien;Indien;IND;Jammu and Kashmir;RS Pura ;32,6047;74,7311;NB;NB;NB;TÖT;FW;;ZIV;PP;;2;1;;;;;;;;;;;;;
;11/5/21;Radio Okapi;https://www.radiookapi.net/2021/11/07/actualite/securite/nyunzu-6-personnes-dont-3-militaires-tuees-par-des-miliciens-musebe;Afrika;DR Kongo;COD;Tanganyika;Nyunzu, Musebe;-5,21540;27,82870;Twa;SEP;REG;ENTF;SON;;ZIV;PP;;;;24;;;;;"1 Person konnte entkommen; viele der entführten Personen wurden gefoltert und verstümmelt";;;;;;;
;11/5/21;NINA;https://www.ninanews.com/Website/News/Details?key=937371;Naher & Mittlerer Osten;Irak;IRQ;Kirkuk;Daquq, Tamur;34.90212;44.39176;ISIS;REMO;TRANS;ZERS;RAM;Mörser;SK;MIL;Hauptquartier;;;;;;;;keine Angaben zu Opfern;;;;;;;
;11/6/21;Crisis Group;https://www.crisisgroup.org/crisiswatch/database?location_region%5B0%5D=1&location%5B0%5D=26&crisis_state=&created=custom&from_month=1&from_year=2021&to_month=12&to_year=2021&page=0;Afrika;Mali;MLI;Mopti;Djenne;13.96100;-4.63700;JNIM;REMO;TRANS;TÖT;FW;Hinterhalt;SK;MIL;Malische Spezialeinheiten;;;;1;;;;;;;;;;;
;11/6/21;Zeit , DW;https://www.zeit.de/news/2021-11/07/messerangreifer-stach-im-iceunvermittelt-auf-opfer-ein , https://www.dw.com/en/germany-bavaria-train-attacker-handed-14-year-jail-sentence/a-64194275;Europa;Deutschland;GER;Bayern;Neumarkt in der Oberpfalz, Passau-Nuremberg railway;49.31150;11.53910;NB;REMO;NB;VERL;SON;Messerangriff;ZIV;ÖP;;;3;;;;;;Vorfall ereignete sich zwischen im Zug zwischen Passau und Nürnberg;;;;;;;
;11/6/21;Horn Observer , Hiiraan Online;https://hornobserver.com/articles/1434/Two-people-killed-Mogadishu-blast , https://www.hiiraan.com/news4/2021/Nov/184485/two_dead_1_injured_following_blast_outside_mogadishu.aspx?utm_source=hiiraan&utm_medium=SomaliNewsUpdateFront;Afrika;Somalia;SOM;Mogadishu;Garsbaale;2.06259;45.26056;Al-Shabaab;REMO;NAT;TÖT;IED;;ZIV;GOV;Regierungsfahrzeug;2;1;;;;;;;;;;;;;
;11/6/21;NINA;https://www.ninanews.com/Website/News/Details?key=937564;Naher & Mittlerer Osten;Irak;IRQ;Diyala;Ba'quba, Abbara, Zahra;33.83235;44.71993;ISIS;REMO;TRANS;ZERS;FW;Scharfschütze;SK;POL;Checkpoint;;;;;;;Wärmebildkamera zerstört;;;;;;;;
;11/6/21;NINA;https://www.ninanews.com/Website/News/Details?key=937537;Naher & Mittlerer Osten;Irak;IRQ;Babil;Musayyib, Jurf Al-Sakr, Abd Wais;32.86808;44.21591;NB;NB;NB;TÖT;IED;Bombe am Straßenrand;SK;MLZ;PMF;;;;1;;;Fahrzeug zerstört;;;;;;;;
;11/7/21;Radio Okapi , Actualite;https://www.radiookapi.net/2021/11/07/actualite/securite/djugu-un-cultivateur-decapite-dans-une-nouvelle-attaque-des-miliciens , https://actualite.cd/2021/11/08/etat-de-siege-en-ituri-cinq-civils-tues-et-des-maisons-incendiees-dans-plusieurs;Afrika;DR Kongo;COD;Ituri;Djugu, Mbaa/Jina/Jaimbu/Liko/Abi;1,95956;30,62499;CODECO;SEP;REG;TÖT;SON;Macheten und Feuerwaffen;ZIV;PP;Dörfer;5;;;;;;Mehrere Häuser in mehreren Dörfern in Brand gesteckt;1 Opfer geköpft;;;;;;;
;11/7/21;Crisis Group , Syrian Observatory for Human Rights , Meir Amit Intelligence and Terrorism Information Center;https://www.crisisgroup.org/crisiswatch/database?location%5B0%5D=83&crisis_state=&created=custom&from_month=1&from_year=2021&to_month=12&to_year=2021&page=0 , https://www.syriahr.com/en/229970/ , https://www.terrorism-info.org.il/en/spotlight-on-global-jihad-november-11-17-2021/;Naher & Mittlerer Osten ;Syrien;SYR;Daraa;Izra-Sheikh Maskin road, Street 109;32.84145;36.19917;ISIS;REMO;TRANS;TÖT;IED;;SK;MIL;Soldaten des Regimes ;;;;2;4;;;;;;;;;;
;11/7/21;Radio Okapi;https://www.radiookapi.net/2021/11/08/actualite/securite/nord-kivu-attaque-des-villages-chanzu-et-runyonyi-par-des-presumes-m23;Afrika;DR Kongo;COD;Nord-Kivu;Rutshuru, Chanzu/Runyonyi;-1,31560;29,55310;M23;SEP;REG;TÖT;FW;;ZIV;PP;;;;;;;;Keine Schäden angegeben;Keine Personenschäden angegeben;;;;;;;
;11/7/21;SATP;https://satp.org/terrorist-activity/india-Nov-2021;Südostasien;Indien;IND;Sukma;Bater;17,8635;81,3885;CPI-M;SOZ;NAT;ENTF;FW;;ZIV;PP;;;;5;;;;;;;;;;;;
;11/7/21;Radio Okapi;https://www.radiookapi.net/2021/11/08/actualite/securite/ituri-trois-morts-la-barriere-de-luna-apres-des-attaques-des-adf;Afrika;DR Kongo;COD;Ituri;Irumu, Luna;0,88750;29,61330;ISCAP;REMO;TRANS;TÖT;FW;;ZIV;PP;Dorf;2;;;1;;;Mehrere Häuser in Brand gesetzt;;;;;;;;
;11/7/21;SATP ;https://satp.org/terrorist-activity/afghanistan-Nov-2021 ;Naher & Mittlerer Osten;Afghanistan;AFG ;Nangarhar;Jalalabad, PD2;34,4235;70,4607;ISKP;REMO;TRANS;TÖT;IED;;SK;POL;;;;;3;;;;;;;;;;;
;11/7/21;SATP;https://satp.org/terrorist-activity/afghanistan-Nov-2021 ;Naher & Mittlerer Osten;Afghanistan;AFG ;Nangarhar;Jalalabad, PD8, Daman;34,4235;70,4607;ISKP;REMO;TRANS;TÖT;IED;;SK;POL;;;;;3;;;;;;;;;;;
;11/7/21;Hasht-e Subh;https://8am.media/eng/four-female-activists-died-under-mysterious-circumstances-in-mazar-e-sharif/;Naher & Mittlerer Osten;Afghanistan;AFG ;Balch;Mazar-e-Sharif, Khalid bin Walid;36,6671;67,1257;NB;NB;NB;TÖT;FW;;ZIV;PP;Activists;4;;;;;;;;;;;;;;
;11/7/21;SATP;https://satp.org/terrorist-activity/afghanistan-Nov-2021;Naher & Mittlerer Osten;Afghanistan;AFG ;Nangarhar;Behsud, Daman-e-Wach Tangi;34,4516;70,481;NB;NB;NB;TÖT;FW;;SK;MIL;Former Soldier;4;;;;;;;;;;;;;;
;11/7/21;SATP;https://satp.org/terrorist-activity/india-Nov-2021;Südostasien;Indien;IND;Srinagar;Batamaloo;34,0689;74,7781;NB;NB;NB;TÖT;FW;;SK;POL;;;;;1;;;;;;;;;;;
;11/7/21;Carta de Mocambique;https://www.cartamz.com/index.php/politica/item/9262-forcas-ruandesas-e-mocambicanas-abatem-terroristas-em-palma;Afrika;Mosambik;MOZ;Cabo Delgado;Palma, Lalane;-11,13275;40,49834;NB;REMO;REG;TÖT;FW;;ZIV;PP;;1;;;;;;Häuser in Brand gesetzt;;;;;;;;
;11/7/21;NINA;https://www.ninanews.com/Website/News/Details?key=937676;Naher & Mittlerer Osten;Irak;IRQ;Diyala;Ba'quba, Abbara ;33.81388;44.65792;ISIS;REMO;TRANS;VERL;FW;Scharfschütze;SK;POL;Checkpoint;;;;;2;;;;;;;;;;
;11/7/21;NINA;https://www.ninanews.com/Website/News/Details?key=937862;Naher & Mittlerer Osten;Irak;IRQ;Dohuk ;;37.27678;43.37969;ISIS;REMO;TRANS;ZERS;RAM;Katyusha Raketen;SK;MIL;türkische Militärbasis;;;;;;;;keine Angaben zu Opfern;;;;;;;
;11/7/21;NINA , Reuters;https://www.ninanews.com/Website/News/Details?key=937674 , https://www.ninanews.com/Website/News/Details?key=937633 , https://www.ninanews.com/Website/News/Details?key=937654 , https://www.reuters.com/world/middle-east/drone-attack-targets-iraq-pm-who-escapes-unhurt-iraq-military-2021-11-07/;Naher & Mittlerer Osten;Irak;IRQ;Baghdad;Baghdad;33.30629;44.38700;NB;NB;NB;VERL;SON;Drohnenangriff;ZIV;GOV;Residenz von Premierminister Mustafa Al-Kadhimi;;;;;6;;Wohngebäude beschädigt;keine Opfer;;;;;;;
;11/8/21;CHRDA;https://www.chrda.org/human-rights-report-between-october-2021-and-march-2022-there-was-an-increase-in-human-rights-violations-and-abuses-by-the-state-defense-and-security-forces-and-non-state-armed-groups-in-cameroon/;Afrika;Kamerun;CMR;Sud-Ouest;Fako, Buea, Molyko;4,16193;9,25874;Amba Boys;SEP;REG;TÖT;IED;;ZIV;PP;Taxi;1;;;;;;;;;;;;;;
;11/8/21;ACLED;https://www.caboligado.com/reports/cabo-ligado-weekly-8-14-november-2021;Afrika;Mosambik;MOZ;Cabo Delgado;Nangade, Lijungo;-11,27819;39,84036;NB;REMO;REG;ZERS;FW;;ZIV;PP;;;;;;;;;Keine Personenschäden angegeben;;;;;;;
;11/8/21;SATP;https://satp.org/terrorist-activity/india-Nov-2021;Südostasien;Indien;IND;Srinagar;Bohri Kadal;34,0937;74,8113;NB;NB;NB;TÖT;FW;;ZIV;PP;;1;;;;;;;;;;;;;;
;11/8/21;NINA;https://www.ninanews.com/Website/News/Details?key=938086;Naher & Mittlerer Osten;Irak;IRQ;Qadisiyah;Diwaniyah;31.99759;44.86061;NB;NB;NB;ZERS;IED;;SK;MIL;logistischer Konvoi der internationalen Koalition;;;;;;;;keine Opfer;;;;;;;
;11/8/21;NINA;https://www.ninanews.com/Website/News/Details?key=938086;Naher & Mittlerer Osten;Irak;IRQ;Babil;;32.63171;44.56295;NB;NB;NB;ZERS;IED;;SK;MIL;logistischer Konvoi der internationalen Koalition;;;;;;;;keine Opfer;;;;;;;
;11/9/21;UNOCHA;https://reliefweb.int/report/cameroon/cameroon-situation-report-14-january-2022;Afrika;Kamerun;CMR;Nord-Ouest;Boyo, Oku, Oku Highschool;6,24925;10,41859;Amba Boys;SEP;REG;ENTF;FW;;ZIV;EDU;Rektor und Lehrer;;;3;;;;;;;;;;;;
;11/9/21;SATP;https://satp.org/terrorist-activity/india-Nov-2021;Südostasien;Indien;IND;Dantewada;Tetam;18,743;81,5649;CPI-M;SOZ;NAT;TÖT;SON;;ZIV;PP;Informant;1;;;;;;;;;;;;;;
;11/9/21;ACLED;https://www.caboligado.com/reports/cabo-ligado-weekly-8-14-november-2021;Afrika;Mosambik;MOZ;Cabo Delgado;Nangade, Litingina;-11,22901;39,63265;NB;REMO;REG;ZERS;FW;;ZIV;PP;;;;;;;;;"Keine Personenschäden angegeben; Einwohner vorher geflohen";;;;;;;
;11/9/21;SATP;https://satp.org/terrorist-activity/india-Nov-2021;Südostasien;Indien;IND;Imphal West;Leikhrakpham;24,6643;93,9216;NB;NB;NB;TÖT;FW;;ZIV;TI;Brückenarbeiter;1;;;;;;;;;;;;;;
;11/9/21;Crisis Group;https://www.crisisgroup.org/crisiswatch/database?location_region%5B0%5D=81&location%5B0%5D=90&crisis_state=&created=custom&from_month=1&from_year=2021&to_month=12&to_year=2021&page=0;Naher & Mittlerer Osten;Jemen;YEM;Aden;Aden city;12.85721;45.01641;NB;NB;NB;TÖT;IED;Autobombe;ZIV;MEDIA;Journalist;1;;;;;;;;;;;;;;
;11/9/21;Radio Okapi;https://www.radiookapi.net/2021/11/12/actualite/securite/tanganyika-une-femme-decapitee-et-trois-autres-denudees-par-des;Afrika;DR Kongo;COD;Tanganyika;Kalemie, Lambo Katenga;-5,05950;28,78830;Mai-Mai;SEP;REG;TÖT;SON;Geköpft;ZIV;PP;;1;;;;;;;;;;;;;;
;11/10/21;CHRDA , UNOCHA;https://www.chrda.org/human-rights-report-between-october-2021-and-march-2022-there-was-an-increase-in-human-rights-violations-and-abuses-by-the-state-defense-and-security-forces-and-non-state-armed-groups-in-cameroon/ , https://reliefweb.int/report/cameroon/cameroon-situation-report-14-january-2022;Afrika;Kamerun;CMR;Sud-Ouest;Fako, Buea, University of Buea;4,14708;9,28736;Amba Boys;SEP;REG;VERL;IED;;ZIV;EDU;Schüler;;11;;;;;;;;;;;;;
;11/10/21;Zitamar News;https://www.zitamar.com/insurgents-kill-one-man-dawn-attack-macomia/;Afrika;Mosambik;MOZ;Cabo Delgado;Macomia, 5º Congresso;-12,02148;40,14632;ISCAP;REMO;TRANS;TÖT;FW;;ZIV;PP;;1;;;;;;Häuser in Brand gesetzt;;;;;;;;
;11/10/21;Actualite;https://actualite.cd/2021/11/11/ituri-un-mort-et-des-maisons-incendiees-par-les-adf-irumu;Afrika;DR Kongo;COD;Ituri;Irumu, Ndalya;1,05995;30,05250;ISCAP;REMO;TRANS;TÖT;FW;;ZIV;PP;;1;2;;;;;3 Motorräder und mehrere Häuser in Brand gesetzt;;;;;;;;
;11/10/21;SATP;https://satp.org/terrorist-activity/afghanistan-Nov-2021;Naher & Mittlerer Osten;Afghanistan;AFG ;Ghor;East of Ferozkoh, Tasraqi;34,4922;65,4269;NB;NB;NB;TÖT;IED;Mine;ZIV;PP;;;4;;;;;;;;;;;;;
;11/10/21;SATP;https://satp.org/terrorist-activity/india-Nov-2021;Südostasien;Indien;IND;Srinagar;Aalimasjid Eidgah;34,0965;74,7916;NB;NB;NB;VERL;HGR;;SK;MLZ;CRPF;;1;;;1;;;;;;;;;;
;11/10/21;SATP , Tribune;https://satp.org/terrorist-activity/pakistan-Nov-2021 , https://tribune.com.pk/story/2328745/blast-reported-in-balochistans-sibi-district;Naher & Mittlerer Osten;Pakistan;PAK;Sibi District;Sibi town ;29.55320;67.88082;NB;NB;NB;ZERS;IED;;SK;POL;;;;;;;;;;;;;;;;
;11/10/21;Syrian Observatory for Human Rights;https://www.syriahr.com/en/229970/;Naher & Mittlerer Osten ;Syrien;SYR;Deir ez-Zor;Hajin city;34.69469;40.83091;NB;NB;NB;ZERS;IED;;SK;POL;Asayish Forces;;;;;;;;Keine Personenschäden;;;;;;;
;11/11/21;Radio Okapi;https://www.radiookapi.net/2021/11/13/actualite/securite/ituri-3-morts-et-300-vaches-pillees-lors-dune-attaque-des-miliciens-de;Afrika;DR Kongo;COD;Ituri;Irumu, Masangu;0,98750;29,67770;FPIC;SEP;REG;TÖT;FW;;ZIV;PP;Bauern;3;;;;;;4 Häuser in Brand gesteckt und 300 Kühe gestohlen oder getötet;;;;;;;;
;11/11/21;SATP;https://satp.org/terrorist-activity/india-Nov-2021;Südostasien;Indien;IND;Chhattisgarth;Bijapur;16,752;75,8589;CPI-M;SOZ;NAT;ENTF;FW;;ZIV;TI;Straßeninspektoren;;;2;;;;;;;;;;;;
;11/11/21;SATP;https://satp.org/terrorist-activity/india-Nov-2021;Südostasien;Indien;IND;Hazaribagh;Kolgay;23,8661;85,0921;CPI-M;SOZ;NAT;TÖT;FW;;ZIV;PP;Ehem. Maoist;1;;;;;;;;;;;;;;
;11/11/21;SATP;https://satp.org/terrorist-activity/india-Nov-2021;Südostasien;Indien;IND;Chhattisgarth;Kanker;20,2268;81,0206;CPI-M;SOZ;NAT;TÖT;FW;;ZIV;PP;Angebl. Informant;1;;;;;;;;;;;;;;
;11/11/21;Radio Okapi , UNOCHA , Combating Terrorism Center;https://www.radiookapi.net/2021/11/12/actualite/securite/beni-au-moins-6-morts-dans-une-attaque-attribuee-aux-adf , https://www.radiookapi.net/2021/11/18/actualite/securite/beni-des-ex-otages-des-adf-liberes , https://reliefweb.int/report/democratic-republic-congo/le-coordonnateur-humanitaire-en-r-publique-d-mocratique-du-congo-1 , https://ctc.westpoint.edu/the-rising-threat-to-central-africa-the-2021-transformation-of-the-islamic-states-congolese-branch/;Afrika;DR Kongo;COD;Nord-Kivu;Beni, Kisunga;0,08284;29,43608;ISCAP;REMO;TRANS;TÖT;FW;;ZIV;KI;Gesundheitszentrum;38;;59;;;;Häuser und Gesundheitszentrum in Brand gesteckt;Alle nach ein paar Tagen freigelassen;;;;;;;
;11/11/21;Radio Okapi;https://www.radiookapi.net/2021/11/13/actualite/securite/beni-un-mort-et-un-blesse-par-un-engin-explosif;Afrika;DR Kongo;COD;Nord-Kivu;Beni, Bakila-Tenambo;0,72950;29,55370;ISCAP;REMO;TRANS;TÖT;IED;;ZIV;PP;;1;1;;;;;;;;;;;;;
;11/11/21;U.S. Dept. of State , Hiiraan Online;https://www.state.gov/reports/2021-report-on-international-religious-freedom/somalia/ , https://www.hiiraan.com/news/2021/Nov/wararka_maanta11-179330.htm?utm_source=hiiraan&utm_medium=WararkaMaantaFront;Afrika;Somalia;SOM;Mogadishu;Wadajir, Villa Baydhaba;2.02978;45.30049;Al-Shabaab;REMO;NAT;TÖT;IED;Selbstmordattentäter;SK;MIL;UN-Konvoi;3;4;;;;;;"""(…) and wounding several others.""";;;;;;;
;11/11/21;Hiiraan Online;https://www.hiiraan.com/news/2021/Nov/wararka_maanta11-179330.htm?utm_source=hiiraan&utm_medium=WararkaMaantaFront;Afrika;Somalia;SOM;Mogadishu;Wadajir;2.02055;45.28805;NB;NB;NB;VERL;HGR;;SK;MIL;Steuereintreiber;;;;;3;;;;;;;;;;
;11/11/21;NINA;https://www.ninanews.com/Website/News/Details?key=938677;Naher & Mittlerer Osten;Irak;IRQ;Basra;Zubair, Khattwa;30.39065;47.70350;NB;NB;NB;TÖT;FW;Schüsse aus fahrendem Auto;SK;GD;Mitabeiter der Interior Intelligence;;;;1;;;;;;;;;;;
;11/12/21;ACLED;https://www.caboligado.com/reports/cabo-ligado-weekly-15-21-november-2021;Afrika;Mosambik;MOZ;Cabo Delgado;Mueda, Ngapa, Mocimboa do Rovuma/Nambungali/Chitope;-11,25080;39,30810;ISCAP;REMO;TRANS;ENTF;FW;;ZIV;PP;Dörfer;;;40;;;;;;;;;;;;
;11/12/21;U.S. Dept. of State , ACLED;https://www.state.gov/reports/country-reports-on-terrorism-2021/tanzania , https://www.caboligado.com/reports/cabo-ligado-weekly-15-21-november-2021 , https://www.caboligado.com/reports/cabo-ligado-weekly-29-november-5-december-2021;Afrika;Tansania;TZA;Mtwara;Masasi, Sindano/Michawe/Nangomwa;-11,11290;39,05881;ISCAP;REMO;TRANS;TÖT;FW;;ZIV;PP;;3;4;3;;;;;"""(…) kidnapped an unknown number of others (…).";;;;;;;
;11/12/21;SATP , Radio Free Europe/Radio Liberty , Aljazeera;https://satp.org/terrorist-activity/afghanistan-Nov-2021 , https://www.rferl.org/a/mosque-bomb-blast-afghanistan/31558432.html , https://www.aljazeera.com/news/2021/11/12/blast-at-mosque-in-afghanistans-nangarhar-province;Naher & Mittlerer Osten;Afghanistan;AFG ;Nangarhar;Spin Ghar, Tarela;33,9884;70,3724;ISKP;REMO;TRANS;TÖT;IED;;ZIV;GOV;District governor in mosque;3;15;;;;;;;;;;;;;
;11/12/21;NZZ;https://www.nzz.ch/international/mindestens-32-tote-bei-angriffen-von-bewaffneten-in-burkina-faso-ld.1655473;Afrika;Burkina Faso;BFA;Soum;Inata;14.3333;-1.3245;NB;NB;NB;TÖT;FW;;SK;POL;Gendarmerie Posten ;4;;;28;;;;;;;;;;;
;11/12/21;SATP;https://satp.org/terrorist-activity/afghanistan-Nov-2021;Naher & Mittlerer Osten;Afghanistan;AFG ;Paktia;Gardez;33,6018;69,2361;NB;NB;NB;TÖT;FW;;SK;MIL;Former female Soldiers;;;;2;;;;;;;;;;;
;11/12/21;Carta de Mocambique;https://www.cartamz.com/index.php/politica/item/9298-terroristas-assassinam-11-pessoas-em-mueda-e-macomia;Afrika;Mosambik;MOZ;Cabo Delgado;Mueda, Nachitenge;-11,23593;39,48661;NB;REMO;REG;TÖT;FW;;ZIV;PP;;4;;4;;;;Häuser in Brand gesetzt;"""(…) the group took several hostages (…).""";;;;;;;
;11/12/21;Radio Okapi;https://www.radiookapi.net/2021/11/13/actualite/securite/beni-un-militaire-abattu-par-des-miliciens-kyavinyonge;Afrika;DR Kongo;COD;Nord-Kivu;Beni, Kyavinyonge;-0,15164;29,55379;Mai-Mai;SEP;REG;TÖT;FW;;SK;MIL;Miltärposition;;;;1;;;;;;;;;;;
;11/13/21;Crisis Group , Syrian Observatory for Human Rights , Meir Amit Intelligence and Terrorism Information Center;https://www.crisisgroup.org/crisiswatch/database?location%5B0%5D=83&crisis_state=&created=custom&from_month=1&from_year=2021&to_month=12&to_year=2021&page=0 , https://www.syriahr.com/en/228211/ , https://www.terrorism-info.org.il/en/spotlight-on-global-jihad-november-11-17-2021/;Naher & Mittlerer Osten ;Syrien;SYR;Deir ez-Zor;Masrab desert;35.37600;39.89100;ISIS;REMO;TRANS;TÖT;FW;Hinterhalt;SK;MLZ;Von Regime unterstützte Miliz;;;;13;3;;;"""(…) and injured others (…).""";;;;;;;
;11/13/21;Crisis Group , Voice of America , TheCable;https://www.crisisgroup.org/crisiswatch/database?location%5B0%5D=28&crisis_state=&created=custom&from_month=1&from_year=2021&to_month=12&to_year=2021&page=0 , https://www.voanews.com/a/nigerian-army-general-troops-killed-in-iswap-attack/6312057.html , https://www.thecable.ng/how-iswap-invaded-borno-town-in-gun-trucks-burnt-telecoms-mast-and-killed-officers/;Afrika;Nigeria;NGA;Borno;Askira Uba, Askira;10.65166;12.91320;ISWAP;REMO;TRANS;TÖT;FW;;SK;MIL;General;;;;4;;;"Häuser, Geschäfte und Schule in Brand gesetzt; Telekommunikationsmast zerstört";;;;;;;;
;11/13/21;SATP;https://satp.org/terrorist-activity/india-Nov-2021;Südostasien;Indien;IND;Gaya;Manubar;24,4418;84,3988;CPI-M;SOZ;NAT;TÖT;SON;Gehängt;ZIV;PP;Angebl. Verräter;4;;;;;;Haus in die Luft gesprengt;;;;;;;;
;11/13/21;SATP;https://satp.org/terrorist-activity/india-Nov-2021;Südostasien;Indien;IND;Balaghat;Malkhedi;22,2068;80,5736;CPI-M;SOZ;NAT;TÖT;FW;;ZIV;PP;Angebl. Informanten;2;;;;;;;;;;;;;;
;11/13/21;ACLED , Meir Amit Intelligence and Terrorism Information Center;https://www.caboligado.com/reports/cabo-ligado-weekly-8-14-november-2021 , https://www.terrorism-info.org.il/en/spotlight-on-global-jihad-november-11-17-2021/;Afrika;Mosambik;MOZ;Cabo Delgado;Mueda, Namatil;-11,11242;39,47585;ISCAP;REMO;TRANS;TÖT;SON;;ZIV;PP;;1;;;;;;;;;;;;;;
;11/13/21;SATP;https://satp.org/terrorist-activity/afghanistan-Nov-2021;Naher & Mittlerer Osten;Afghanistan;AFG ;Kabul;Kabul city, Mahtab Qala;34,5041;69,1053;NB;NB;NB;TÖT;IED;;ZIV;MEDIA;Former Journalist;1;2;;;;;;;;;;;;;
;11/13/21;ACLED , Carta de Mocambique;https://www.caboligado.com/reports/cabo-ligado-weekly-8-14-november-2021 , https://www.cartamz.com/index.php/politica/item/9298-terroristas-assassinam-11-pessoas-em-mueda-e-macomia;Afrika;Mosambik;MOZ;Cabo Delgado;Macomia, Nanjaba;-12,13160;40,20940;NB;REMO;REG;TÖT;BRA;;ZIV;PP;;7;;;;;;"17 Häuser in Brand gesetzt; Große Mengen Essen gestohlen";;;;;;;;
;11/13/21;ACLED;https://www.caboligado.com/reports/cabo-ligado-weekly-29-november-5-december-2021;Afrika;Mosambik;MOZ;Cabo Delgado;Mueda, Micomela;-11,34972;39,09250;NB;REMO;REG;ZERS;FW;;ZIV;PP;;;;;;;;Keine Schäden bekannt;Keine Personenschäden bekannt;;;;;;;
;11/13/21;SATP;https://satp.org/terrorist-activity/pakistan-Nov-2021;Naher & Mittlerer Osten;Pakistan;PAK;Quetta;Nawa Killi ;30.23417;67.01225;NB;NB;NB;VERL;IED;;ZIV;ÖP;;;6;;;1;;;;;;;;;;
;11/13/21;SATP;https://satp.org/terrorist-activity/pakistan-Nov-2021;Naher & Mittlerer Osten;Pakistan;PAK;Khyber Pakhtunkhwa ;Bajaur District ;34.78652;71.52491;NB;NB;NB;TÖT;IED;;SK;POL;;;;;2;;;;;;;;;;;
;11/13/21;SATP;https://satp.org/terrorist-activity/india-Nov-2021;Südostasien;Indien;IND;Manipur;Churachandpur;24,3415;93,6977;People's Liberation Front of India , Manipur Naga People's Front;SEP;REG;TÖT;FW;Hinterhalt;SK;MLZ;;2;;;5;6;;;;;;;;;;
;11/13/21;NINA;https://www.ninanews.com/Website/News/Details?key=938857;Naher & Mittlerer Osten;Irak;IRQ;Dhi Qar;Nasiriyah;31.04411;46.23940;NB;NB;NB;ZERS;IED;;SK;POL;Haus einer nicht angegebenen Sicherheitsbehörde;;;;;;;Gebäude beschädigt;;;;;;;;
;11/13/21;NINA;https://www.ninanews.com/Website/News/Details?key=938912;Naher & Mittlerer Osten;Irak;IRQ;Diyala;Kifri, Qara Tappa ;34.43254;44.93451;NB;NB;NB;VERL;RAM;Mörser;ZIV;ÖP;Dorf;;2;;;;;;;;;;;;;
;11/14/21;Syrian Observatory for Human Rights;https://www.syriahr.com/en/228265/;Naher & Mittlerer Osten ;Syrien;SYR;Deir ez-Zor;;35.22334;40.32639;ISIS;REMO;TRANS;TÖT;IED;;SK;MIL;Polizei Rekrutierunszentrum, General;;;;5;;;;;;;;;;;
;11/14/21;Meir Amit Intelligence and Terrorism Information Center;https://www.terrorism-info.org.il/en/spotlight-on-global-jihad-november-11-17-2021/;Naher & Mittlerer Osten ;Syrien;SYR;Homs;Palmyra city;34.56900;38.59200;ISIS;REMO;TRANS;ENTF;FW;;ZIV;PP;Hirten;;;2;;;;;;;;;;;;
;11/14/21;U.S. Dept. of State;https://www.state.gov/reports/country-reports-on-terrorism-2021/burkina-faso/;Afrika;Burkina Faso;BFA;Sahel;Soum, Inata;14,35682;-2,27288;JNIM;REMO;TRANS;TÖT;FW;;SK;MIL;;4;;;28;;;;;;;;;;;
;11/14/21;SATP;https://satp.org/terrorist-activity/afghanistan-Nov-2021;Naher & Mittlerer Osten;Afghanistan;AFG ;Nangarhar;Surkh Rod;34,4124;70,3079;NB;NB;NB;TÖT;SON;Enthauptung;ZIV;PP;;1;;;;;;;;;;;;;;
;11/14/21;SATP;https://satp.org/terrorist-activity/afghanistan-Nov-2021;Naher & Mittlerer Osten;Afghanistan;AFG ;Takhar;Khawja Ghar;36,947;69,634;NB;NB;NB;TÖT;FW;;SK;POL;Former security forces;;;;2;;;;;;;;;;;
;11/14/21;SATP;https://satp.org/terrorist-activity/india-Nov-2021;Südostasien;Indien;IND;Srinagar;Nawakadal;34,0967;74,7971;NB;NB;NB;VERL;FW;;SK;POL;;;;;;1;;;;;;;;;;
;11/14/21;Crisis Group;https://www.crisisgroup.org/crisiswatch/database?location_region%5B0%5D=1&location%5B0%5D=26&crisis_state=&created=custom&from_month=1&from_year=2021&to_month=12&to_year=2021&page=0;Afrika;Mali;MLI;Koulikoro;Nara, Guire;14.64172;-6.69185;NB;REMO;NB;TÖT;FW;;SK;MIL;Militär Stützpunkte;;;;7;;;;;;;;;;;
;11/14/21;Syrian Observatory for Human Rights;https://www.syriahr.com/en/229970/;Naher & Mittlerer Osten ;Syrien;SYR;Daraa;Jasim-Inkhil road;33.00806;36.09718;NB;NB;NB;VERL;IED;;SK;MIL;Regime Forces;;;;;1;;;;;;;;;;
;11/14/21;UN News , UNOCHA;https://news.un.org/en/story/2021/11/1106782 , https://reliefweb.int/report/democratic-republic-congo/r-publique-d-mocratique-du-congo-note-d-information-humanitaire-12;Afrika;DR Kongo;COD;Sud-Kivu;Mwenga, Bilalo-Mbili;-3,05834;28,39535;NB;NB;NB;TÖT;FW;;ZIV;PP;Internally Displaced People Camp;7;8;;;;;;;;;;;;;
;11/14/21;Radio Okapi;https://www.radiookapi.net/2021/11/16/actualite/securite/sud-kivu-6-morts-lors-dune-attaque-des-presumes-combattants-twirwaneho;Afrika;DR Kongo;COD;Sud-Kivu;Mwenga, Itombwe;3,59220;28,58920;Twirwaneho;SEP;REG;TÖT;FW;;ZIV;PP;;6;8;;;;;Mehr als 15 Häuser in Brand gesteckt;;;;;;;;
;11/14/21;NINA;https://www.ninanews.com/Website/News/Details?key=939067;Naher & Mittlerer Osten;Irak;IRQ;Kirkuk;Daquq, Wadi al-Shay;35.23167;44.37378;NB;NB;NB;TÖT;IED;;SK;MIL;Patrouille;;;;1;1;;;;;;;;;;
;11/14/21;NINA;https://www.ninanews.com/Website/News/Details?key=939100;Naher & Mittlerer Osten;Irak;IRQ;Babil;Musayyib, Jurf al-Sakhar;32.86808;44.21591;NB;NB;NB;ZERS;IED;;SK;MLZ;PMF Checkpoint;;;;;;;Fahrzeug zerstört;keine Opfer;;;;;;;
;11/14/21;NINA;https://www.ninanews.com/Website/News/Details?key=939126;Naher & Mittlerer Osten;Irak;IRQ;Dhi Qar;Nasiriyah ;31.04411;46.23940;NB;NB;NB;VERL;IED;Autobombe;ZIV;PP;;;3;;;;;;;;;;;;;
;11/15/21;Radio Okapi;https://www.radiookapi.net/2021/11/15/actualite/securite/ituri-18-morts-lors-dune-nouvelle-attaque-des-miliciens-de-la-fpic-au;Afrika;DR Kongo;COD;Ituri;Djugu, Chabusika;1,78320;30,27150;FPIC;SEP;REG;TÖT;FW;;ZIV;KI;Gesundheitszentrum;19;;;;;;Gesundheitseinrichtung in Brand gesteckt;;;;;;;;
;11/15/21;SATP;https://satp.org/terrorist-activity/afghanistan-Nov-2021;Naher & Mittlerer Osten;Afghanistan;AFG ;Kabul;Kabul city, PD5;34,5149;69,1168;NB;NB;NB;TÖT;IED;;ZIV;PP;;;2;;;;;;;;;;;;;
;11/16/21;Radio Okapi , Actualite;https://www.radiookapi.net/2021/11/17/actualite/securite/butembo-2-hommes-en-uniforme-meurent-dans-une-embuscade-des-mai-mai-en , https://actualite.cd/2021/11/17/rdc-deux-agents-de-force-de-securite-tues-dans-une-attaque-contre-une-patrouille-butembo;Afrika;DR Kongo;COD;Nord-Kivu;Butembo;0,17320;29,3040;Mai-Mai;SEP;REG;TÖT;FW;;SK;POL;Konvoi von Sicherheitskräften;;;;2;;;;;;;;;;;
;11/16/21;Al Jazeera , Reuters;https://www.aljazeera.com/news/2021/11/16/ganda , https://www.reuters.com/world/africa/explosion-uganda-capital-kills-least-two-local-tv-2021-11-16/ , https://www.reuters.com/world/africa/uganda-says-seven-suspects-killed-100-others-held-during-kampala-blasts-2021-11-22/;Afrika;Uganda;UGA;Central;Kampala, Nähe Parlamentsgebäude;0,31442;32,58697;ISCAP;REMO;TRANS;TÖT;IED;Selbstmordanschlag;ZIV;ÖP;;3;8;;;2;;;1 von 2 zeitgleichen Selbstmordanschlägen;;;;;;;
;11/16/21;Al Jazeera , Reuters;https://www.aljazeera.com/news/2021/11/16/ganda , https://www.reuters.com/world/africa/explosion-uganda-capital-kills-least-two-local-tv-2021-11-16/ , https://www.reuters.com/world/africa/uganda-says-seven-suspects-killed-100-others-held-during-kampala-blasts-2021-11-22/;Afrika;Uganda;UGA;Central;Kampala, Nähe Zentrale Polizeistation;0,31597;32,57872;ISCAP;REMO;TRANS;TÖT;IED;Selbstmordanschlag;SK;POL;Nähe Polizeistation;;2;;1;25;;;1 von 2 zeitgleichen Selbstmordanschlägen;;;;;;;
;11/16/21;SATP;https://satp.org/terrorist-activity/afghanistan-Nov-2021;Naher & Mittlerer Osten;Afghanistan;AFG ;Badghis;Jawand;34,9281;64,3625;NB;NB;NB;TÖT;IED;Landmine;ZIV;PP;;;3;;;;;;;;;;;;;
;11/16/21;SATP;https://satp.org/terrorist-activity/afghanistan-Nov-2021;Naher & Mittlerer Osten;Afghanistan;AFG ;Badghis;Muqar;35,1411;63,679;NB;NB;NB;TÖT;IED;Landmine;ZIV;PP;;;1;;;;;;;;;;;;;
;11/16/21;SATP;https://satp.org/terrorist-activity/pakistan-Nov-2021;Naher & Mittlerer Osten;Pakistan;PAK;Dera Bugti ;Jarwar;33.59734;84.01265;NB;NB;NB;VERL;FW;;ZIV;PP;;;1;;;;;;;;;;;;;
;11/16/21;SATP;https://satp.org/terrorist-activity/pakistan-Nov-2021;Naher & Mittlerer Osten;Pakistan;PAK;Panjgur ;Chitkan Central Bazaar;26.97225;64.09015;NB;NB;NB;TÖT;FW;;ZIV;ÖP;;1;;;;;;;;;;;;;;
;11/16/21;Hiiraan Online;https://www.hiiraan.com/news4/2021/Nov/184597/intelligence_agent_who_previously_worked_for_al_shabaab_and_isis_abducted_in_mogadishu.aspx?utm_source=hiiraan&utm_medium=SomaliNewsUpdateFront;Afrika;Somalia;SOM;Mogadishu;Daynile;2.05761;45.28547;Al-Shabaab;REMO;NAT;ENTF;FW;;SK;GD;ehem. Terrorist;;;;;;1;;;;;;;;;
;11/17/21;PM News;https://pmnewsnigeria.com/2021/11/17/cameroonian-separatists-attack-nigerian-village-kill-chief-10-others/;Afrika;Nigeria;NGA;Taraba;Takum, Manga;7.19900;9.89900;Amba Boys;SEP;REG;TÖT;FW;;ZIV;PP;Traditioneller Anführer;11;;;;;;;Separatisten aus Kamerun;;;;;;;
;11/17/21;Crisis Group , Merkur;https://www.crisisgroup.org/crisiswatch/database?location%5B0%5D=27&crisis_state=&created=custom&from_month=1&from_year=2021&to_month=12&to_year=2021&page=0 , https://www.merkur.de/politik/niger-mindestens-25-menschen-bei-terroranschlag-getoetet-91123695.html;Afrika;Niger;NER;Tahoua;Tillia, Tébaram/Bakorat;15.90000;4.64600;ISGS;REMO;TRANS;TÖT;FW;;ZIV;ETH;Tuareg;3;;;22;;;Gesundheitszentrum, Rathaus, Häuser niedergebrannt;;;;;;;;
;11/17/21;Radio Okapi;https://www.radiookapi.net/2021/11/18/actualite/securite/beni-7-morts-dans-une-attaque-des-adf-bashu;Afrika;DR Kongo;COD;Nord-Kivu;Beni, Vuhesi/Tchisanga;0,22280;29,41160;ISCAP;REMO;TRANS;TÖT;SON;Geköpft;ZIV;PP;Dörfer;7;;6;;;;;"""(…) the attackers forced several inhabitants (…) to transport the looted goods. Nobody knows where they were taken.""";;;;;;;
;11/17/21;SATP;https://satp.org/terrorist-activity/afghanistan-Nov-2021;Naher & Mittlerer Osten;Afghanistan;AFG ;Kabul;Kabul city, PD3, Dehburi;34,5085;69,1255;ISKP;REMO;TRANS;TÖT;IED;;ZIV;REL;Shia;5;7;;;;;;;;;;;;;
;11/17/21;SATP;https://satp.org/terrorist-activity/afghanistan-Nov-2021;Naher & Mittlerer Osten;Afghanistan;AFG ;Kabul;Kabul city, PD13, Dasht-e-Barchi;34,4947;69,0771;ISKP;REMO;TRANS;TÖT;IED;;ZIV;REL;Shia;3;;;;;;;;;;;;;;
;11/17/21;SATP;https://satp.org/terrorist-activity/india-Nov-2021;Südostasien;Indien;IND;Baramulla;Palhalan chowk;34,2021;74,3482;Laschkar-e Taiba;REMO;TRANS;VERL;HGR;;SK;MLZ;CRPF;;2;;;2;;;;;;;;;;
;11/17/21;SATP , Afghan Islamic Press;https://satp.org/terrorist-activity/afghanistan-Nov-2021 , https://www.afghanislamicpress.com/en/news/93439;Naher & Mittlerer Osten;Afghanistan;AFG ;Ghazni;Ghazni city;33,5493;68,4234;NB;NB;NB;TÖT;IED;;ZIV;PP;;1;3;;;;;;;;;;;;;
;11/17/21;SATP;https://satp.org/terrorist-activity/afghanistan-Nov-2021;Naher & Mittlerer Osten;Afghanistan;AFG ;Nangarhar;Chaparhar, Banda;34,3209;70,3775;NB;NB;NB;TÖT;SON;Enthauptung;ZIV;PP;;1;;;;;;;;;;;;;;
;11/17/21;SATP;https://satp.org/terrorist-activity/afghanistan-Nov-2021;Naher & Mittlerer Osten;Afghanistan;AFG ;Logar;Pul-i-Alam, Tatawor Lodin Market;34,0072;69,0145;NB;NB;NB;TÖT;FW;;SK;POL;Taliban;1;;;;;;;;;;;;;;
;11/17/21;Meir Amit Intelligence and Terrorism Information Center;https://www.terrorism-info.org.il/en/news-of-terrorism-and-the-israeli-palestinian-conflict-novemeber-17-23-2021/;Naher & Mittlerer Osten;Israel;ISR;Jerusalem;East Jerusalem, Damascus Gate, Hagai road;31,78148;35.23055;NB;NB;NB;VERL;SON;Messer;SK;POL;;;;;;2;;;;;;;;;;
;11/17/21;NINA;https://www.ninanews.com/Website/News/Details?key=939530;Naher & Mittlerer Osten;Irak;IRQ;Nineveh;Shikhan, Qasrok, Bavian;36.74401;43.42200;NB;NB;NB;ZERS;RAM;Katyusha Raketen;ZIV;ÖP;Dorf;;;;;;;;keine Opfer;;;;;;;
;11/18/21;SATP;https://satp.org/terrorist-activity/afghanistan-Nov-2021;Naher & Mittlerer Osten;Afghanistan;AFG ;Nangarhar;Jalalabad, PD2, Angor Bagh;34,4235;70,4607;NB;NB;NB;TÖT;FW;;ZIV;PP;;1;;;;;;;;;;;;;;
;11/18/21;ACLED , Carta de Mocambique;https://www.caboligado.com/reports/cabo-ligado-weekly-15-21-november-2021 , https://www.cartamz.com/index.php/sociedade/item/9336-fds-abatem-dois-terroristas-em-nangade;Afrika;Mosambik;MOZ;Cabo Delgado;Macomia, 5º Congresso;-12,02148;40,14632;NB;REMO;REG;ZERS;FW;;SK;MIL;Armeeposition;;;;;;;;Keine Personenschäden angegeben;;;;;;;
;11/18/21;SATP;https://satp.org/terrorist-activity/india-Nov-2021;Südostasien;Indien;IND;Imphal East;Kairang Muslim Mayai Leikai;24,8314;93,965;NB;NB;NB;ZERS;IED;;ZIV;PP;;;;;;;;Die Stahlfront des Ladens beschädigt;;;;;;;;
;11/18/21;NINA;https://www.ninanews.com/Website/News/Details?key=939731;Naher & Mittlerer Osten;Irak;IRQ;Diyala;Khanaqin, Jalawla ;34.3105;45.0755;ISIS;REMO;TRANS;TÖT;FW;;SK;MIL;;;;;1;;;;;;;;;;;
;11/18/21;NINA;https://www.ninanews.com/Website/News/Details?key=939731;Naher & Mittlerer Osten;Irak;IRQ;Diyala;Miqdadiyah, Abi Sayda, Zuhayrat;33.94934;44.79469;NB;NB;NB;TÖT;FW;;SK;MIL;;;;;1;;;;;;;;;;;
;11/19/21;Channels Television;https://www.channelstv.com/2021/11/19/stray-bullets-hit-civilians-as-military-push-back-terrorists-in-borno/;Afrika;Nigeria;NGA;Borno;Damboa, Kalla;11.17588;12.78734;ISWAP;REMO;TRANS;TÖT;FW;;SK;MIL;Militärbasis;3;;;;;;;Opfer von Querschlägern getötet;;;;;;;
;11/19/21;SATP;https://satp.org/terrorist-activity/india-Nov-2021;Südostasien;Indien;IND;West Singhbhum;Sonua;22,6001;85,514;CPI-M;SOZ;NAT;ZERS;IED;;ZIV;TI;Bahnstrecke;;;;;;;Gleise gesprengt;;;;;;;;
;11/19/21;ACLED , Meir Amit Intelligence and Terrorism Information Center;https://www.caboligado.com/reports/cabo-ligado-weekly-15-21-november-2021 , https://www.caboligado.com/reports/cabo-ligado-weekly-22-28-november-2021 , https://www.terrorism-info.org.il/en/spotlight-on-global-jihad-october-21-27-2021-2/;Afrika;Mosambik;MOZ;Cabo Delgado;Nangade, Chacamba;-11,00125;39,78016;ISCAP;REMO;TRANS;ZERS;FW;;ZIV;REL;Christen;;;;;;;6 Wohnhäuser in Brand gesetzt;"Keine Personenschäden; Armee vertrieben";;;;;;;
;11/19/21;SATP;https://satp.org/terrorist-activity/afghanistan-Nov-2021;Naher & Mittlerer Osten;Afghanistan;AFG ;Kabul;Kabul city, PD11, Sarai;34,572;69,1345;NB;NB;NB;ZERS;IED;;SK;MIL;Checkpoint;;;;;;;Kein Schaden;Keine Verletzten;;;;;;;
;11/19/21;ACLED;https://www.caboligado.com/reports/cabo-ligado-weekly-22-28-november-2021;Afrika;Mosambik;MOZ;Cabo Delgado;Macomia, Messano;-12,07180;40,50230;NB;REMO;REG;VERL;FW;;ZIV;PP;Fischer;;1;;;;;;;;;;;;;
;11/19/21;Hiiraan Online , Crisis Group;https://www.hiiraan.com/news4/2021/Nov/184599/at_least_8_dead_13_wounded_in_somalia_market_blast.aspx?utm_source=hiiraan&utm_medium=SomaliNewsUpdateFront , https://www.crisisgroup.org/crisiswatch/database?location%5B%5D=12&crisis_state=&created=custom&from_month=1&from_year=2021&to_month=12&to_year=2021;Afrika;Somalia;SOM;Bay;Berdale;3.21500;43.19835;Al-Shabaab;REMO;NAT;TÖT;IED;;ZIV;ÖP;Markt;7;13;;1;;;;;;;;;;;
;11/19/21;Daily Sabah;https://www.dailysabah.com/politics/war-on-terror/3-civilians-killed-10-injured-in-ypgpkk-terrorist-attack-in-syria;Naher & Mittlerer Osten ;Syrien;SYR;Aleppo;Afrin city;36.51465;36.86912;YPG;SEP;REG;TÖT;RAM;Raketen;ZIV;PP;Stadt;3;10;;;;;;;;;;;;;
;11/19/21;NINA;https://www.ninanews.com/Website/News/Details?key=940010;Naher & Mittlerer Osten;Irak;IRQ;Diyala;Baquba, Bani Saad, Muradiya;33.60190;44.56432;NB;NB;NB;TÖT;IED;;ZIV;PP;;1;1;;;;;;;;;;;;;
;11/20/21;Radio Okapi;https://www.radiookapi.net/2021/11/21/actualite/securite/nord-kivu-un-eco-garde-tue-lors-dune-attaque-de-leur-position-mikena;Afrika;DR Kongo;COD;Nord-Kivu;Rutshuru, Bukima;-1,40830;29,47430;M23;SEP;REG;TÖT;FW;;SK;POL;Ranger (Eco guard);;;;1;;2;;;;;;;;;
;11/20/21;SATP;https://satp.org/terrorist-activity/india-Nov-2021;Südostasien;Indien;IND;Jharkhand;Garhwa;23,7248;84,456;CPI-M;SOZ;NAT;ZERS;IED;;ZIV;TI;Bahnstrecke;;;;;;;Gleise gesprengt;;;;;;;;
;11/20/21;SATP;https://satp.org/terrorist-activity/afghanistan-Nov-2021;Naher & Mittlerer Osten;Afghanistan;AFG ;Nangarhar;Jalalabad;34,4235;70,4607;ISKP;REMO;TRANS;TÖT;FW;;SK;POL;Taliban;;;;1;;;;;;;;;;;
;11/20/21;Syrian Observatory for Human Rights;https://www.syriahr.com/en/229970/;Naher & Mittlerer Osten ;Syrien;SYR;Daraa;Jaber-Nasib border;32.53008;36.20090;NB;NB;NB;VERL;IED;;SK;MIL;Grenzübergang, Regime Forces;;;;;4;;;"""(…) injuring several regime soldiers.""";;;;;;;
;11/20/21;Radio Okapi;https://www.radiookapi.net/2021/11/22/actualite/securite/sud-kivu-un-policier-tue-et-cinq-chinois-enleves-par-des-combattants;Afrika;DR Kongo;COD;Sud-Kivu;Fizi, Mukera;-4,19050;28,90910;NB;NB;NB;TÖT;FW;;ZIV;PP;Chinesisches Camp;;;5;1;;;;;;;;;;;
;11/20/21;U.S. Dept. of State , Horn Observer;https://www.state.gov/reports/2021-report-on-international-religious-freedom/somalia/ , https://hornobserver.com/articles/1463/State-media-director-killed-others-injured-by-a-suicide-bomber-in-Mogadishu;Afrika;Somalia;SOM;Mogadishu;;2.03493;45.34191;Al-Shabaab;REMO;NAT;TÖT;IED;Selbstmordanschlag;ZIV;MEDIA;Direktor von Radiosender und Direktor von nationalem TV-Sender, Restaurant;1;2;;;;;;;;;;;;;
;11/20/21;NINA;https://www.ninanews.com/Website/News/Details?key=940062;Naher & Mittlerer Osten;Irak;IRQ;Anbar;Rutba, Taba'a;32.556;41.418;ISIS;REMO;TRANS;ENTF;FW;;ZIV;PP;Schafhirten;;;3;;;;;;;;;;;;
;11/21/21;U.S. Dept. of State , UN News , Al Jazeera;https://www.state.gov/reports/2021-country-reports-on-human-rights-practices/democratic-republic-of-the-congo/ , https://news.un.org/en/story/2021/11/1106782 , https://www.aljazeera.com/news/2021/11/22/armed-fighters-kill-at-least-12-in-eastern-dr-congo-attack;Afrika;DR Kongo;COD;Ituri;Djugu, Drodro, Tche camp;1,68289;30,52395;CODECO;SEP;REG;TÖT;FW;;ZIV;PP;Internally Displaced People Camp;44;;;;;;Mehr als 2200 provisorische Unterkünfte zerstört;;;;;;;;
;11/21/21;U.S. Dept. of State , Meir Amit Intelligence and Terrorism Information Center;https://www.state.gov/reports/country-reports-on-terrorism-2021/israel , https://www.terrorism-info.org.il/en/news-of-terrorism-and-the-israeli-palestinian-conflict-novemeber-17-23-2021/;Naher & Mittlerer Osten;Israel ;ISR;Jerusalem;Old City, Temple Mount, Chain Gate;31,77727;35,23431;Hamas;REMO;REG;TÖT;FW;;ZIV;ÖP;;1;2;;;2;;;;;;;;;;
;11/21/21;Radio Okapi;https://www.radiookapi.net/2021/11/22/actualite/securite/nord-kivu-deux-positions-des-fardc-attaquees-par-de-presumes-rebelles;Afrika;DR Kongo;COD;Nord-Kivu;Rutshuru, Ngugo/Nyesisi;-1,29870;29,55290;M23;SEP;REG;ZERS;BRA;;SK;MIL;Armeepositionen;;;;;;;Armeepositionen in Brand gesteckt;;;;;;;;
;11/21/21;Radio Okapi , Actualite;https://www.radiookapi.net/2021/11/22/actualite/securite/beni-un-mort-dans-une-double-attaque-des-rebelles-adf-banande-kainama , https://actualite.cd/2021/11/23/beni-adf-un-civil-decapite-mwenda;Afrika;DR Kongo;COD;Nord-Kivu;Beni, Mwenda;0,41019;29,76994;ISCAP;REMO;TRANS;TÖT;FW;;ZIV;PP;;1;1;1;;;;;Todesopfer wurde geköpft;;;;;;;
;11/21/21;Radio Okapi , Actualite;https://www.radiookapi.net/2021/11/22/actualite/securite/beni-un-mort-dans-une-double-attaque-des-rebelles-adf-banande-kainama , https://actualite.cd/2021/11/23/rdc-beni-au-moins-7-personnes-disparues-et-une-dizaine-de-maisons-incendiees-lors-dune;Afrika;DR Kongo;COD;Nord-Kivu;Beni, Kainama/Kakuka/Kingamuviri;0,90150;29,79580;ISCAP;REMO;TRANS;ENTF;FW;;ZIV;PP;;;;7;;;;15 Häuser in Brand gesteckt;;;;;;;;
;11/21/21;Carta de Mocambique;https://www.cartamz.com/index.php/politica/item/9334-novos-ataques-terroristas-causam-nova-avalanche-de-deslocados-em-mueda;Afrika;Mosambik;MOZ;Cabo Delgado;Mueda, Mueda-Negomano road;-11,28480;39,08940;NB;REMO;REG;ZERS;FW;;ZIV;TI;Straßenbau;;;;;;;;Keine Personenschäden angegeben;;;;;;;
;11/21/21;SATP;https://satp.org/terrorist-activity/pakistan-Nov-2021;Naher & Mittlerer Osten;Pakistan;PAK;Harnai District ;Zalawan;28.49073;65.09577;NB;NB;NB;TÖT;FW;;ZIV;UNT;three coal miners were shot dead ;3;;;;;;;;;;;;;;
;11/21/21;Meir Amit Intelligence and Terrorism Information Center;https://www.terrorism-info.org.il/en/news-of-terrorism-and-the-israeli-palestinian-conflict-novemeber-17-23-2021/;Naher & Mittlerer Osten;Israel ;ISR;Tel Aviv;Jaffa, Bat Yam road;32.03454;34.74454;NB;NB;NB;VERL;SON;Messer;ZIV;PP;Israelische Zivilisten;;2;;;;;;;;;;;;;
;11/21/21;NINA;https://www.ninanews.com/Website/News/Details?key=940409;Naher & Mittlerer Osten;Irak;IRQ;Qadisiyah;International Highway;32.0942;44.9904;NB;NB;NB;;IED;;SK;MIL;logistischer Konvoi der internationalen Koalition;;;;;;;;keine Opfer;;;;;;;
;11/22/21;Crisis Group;https://www.crisisgroup.org/crisiswatch/database?location%5B0%5D=83&crisis_state=&created=custom&from_month=1&from_year=2021&to_month=12&to_year=2021&page=0;Naher & Mittlerer Osten ;Syrien;SYR;Deir ez-Zor;Deir Ez-Zor city, Qosour Neighborhood;35.33803;40.12827;ISIS;REMO;TRANS;TÖT;IED;Autobombe;SK;MIL;Soldaten des Regimes ;;;;4;;;;;;;;;;;
;11/22/21;SATP;https://satp.org/terrorist-activity/india-Nov-2021;Südostasien;Indien;IND;Aurangabad;Judahi ;19,9776;75,1114;CPI-M;SOZ;NAT;ZERS;IED;;ZIV;GOV;Lokalpolitik Gebäude;;;;;;;Regierungsgebäude, mobile Turm, Maschinen gesprengt;;;;;;;;
;11/22/21;SATP;https://satp.org/terrorist-activity/afghanistan-Nov-2021;Naher & Mittlerer Osten;Afghanistan;AFG ;Nangarhar;Jalalabad, PD1;34,435;70,4593;ISKP;REMO;TRANS;TÖT;FW;;ZIV;GOV;Former Government employee;1;;;;;;;;;;;;;;
;11/22/21;SATP;https://satp.org/terrorist-activity/afghanistan-Nov-2021;Naher & Mittlerer Osten;Afghanistan;AFG ;Nangarhar;Jalalabad, PD2;34,4235;70,4607;ISKP;REMO;TRANS;TÖT;FW;;ZIV;PP;;1;;;;;;;;;;;;;;
;11/22/21;Al Jazeera;https://www.aljazeera.com/news/2021/12/8/explosion-kills-un-peacekeepers-in-central-mali;Afrika;Mali;MLI;Kidal;Tessalit;20.15940;0.96920;NB;NB;NB;TÖT;IED;Bombe am Straßenrand;SK;MIL;UN-Blauhelme;;;;1;2;;;;;;;;;;
;11/22/21;Merkur;https://www.merkur.de/politik/mindestens-19-menschen-sterben-durch-terroranschlag-in-burkina-faso-91134157.html;Afrika;Burkina Faso;BFA;Centre-Nord;Sanmatenga, Barsalogho, Foubé;13,85412;-0,93102;NB;NB;NB;TÖT;FW;;SK;POL;;10;;;9;;;;;;;;;;;
;11/22/21;SATP;https://satp.org/terrorist-activity/afghanistan-Nov-2021;Naher & Mittlerer Osten;Afghanistan;AFG ;Khost;Khost city, Ghorombi;33,3367;69,9328;NB;NB;NB;TÖT;FW;;SK;POL;Former Police;;;;1;;;;;;;;;;;
;11/22/21;SATP;https://satp.org/terrorist-activity/afghanistan-Nov-2021;Naher & Mittlerer Osten;Afghanistan;AFG ;Logar;Ilyas Khan;33,9644;69,0255;NB;NB;NB;TÖT;HGR;;ZIV;PP;;2;;;;;;;;;;;;;;
;11/22/21;SATP;https://satp.org/terrorist-activity/pakistan-Nov-2021;Naher & Mittlerer Osten;Pakistan;PAK;Peshawar;Khazana Police Station ;34.07291;71.59351;NB;NB;NB;TÖT;FW;;SK;POL;;;;;1;;;;;;;;;;;
;11/22/21;SATP;https://satp.org/terrorist-activity/pakistan-Nov-2021;Naher & Mittlerer Osten;Pakistan;PAK;Balochistan;Panjgur;26.97059;64.08868;NB;NB;NB;TÖT;FW;;SK;MIL;;;;;1;;;;;;;;;;;
;11/22/21;NINA;https://www.ninanews.com/Website/News/Details?key=940591;Naher & Mittlerer Osten;Irak;IRQ;Diyala;Ba'quba, Buhriz, Ibrahim ;33.61591;44.69959;ISIS;REMO;TRANS;TÖT;FW;Scharfschütze;SK;MIL;Militärposten;;;;1;3;;;;;;;;;;
;11/23/21;Radio Okapi;https://www.radiookapi.net/2021/11/24/actualite/securite/butembo-deux-positions-de-larmee-visees-par-des-attaques-des;Afrika;DR Kongo;COD;Nord-Kivu;Beni, Cujeki barrier;0,21150;29,24900;Mai-Mai;SEP;REG;TÖT;FW;;SK;MIL;Militärposition;;;;3;;;;;;;;;;;
;11/23/21;SATP;https://satp.org/terrorist-activity/afghanistan-Nov-2021;Naher & Mittlerer Osten;Afghanistan;AFG ;Takhar;Warsaj, Farkhar-Warsaj road;36,2423;69,9594;NB;NB;NB;TÖT;IED;Mine;ZIV;GOV;;1;;;2;;;;;;;;;;;
;11/23/21;SATP;https://satp.org/terrorist-activity/afghanistan-Nov-2021;Naher & Mittlerer Osten;Afghanistan;AFG ;Kabul;Kabul city, PD2, Kart-i-Parwan;34,53;69,1449;NB;NB;NB;TÖT;IED;;SK;POL;Taliban;;;;;2;;;;;;;;;;
;11/23/21;SATP;https://satp.org/terrorist-activity/afghanistan-Nov-2021;Naher & Mittlerer Osten;Afghanistan;AFG ;Baghlan;Pul-i-Khumri, Baladuri;35,9482;68,7133;NB;NB;NB;TÖT;FW;;SK;POL;Former Police;;;;1;;;;;;;;;;;
;11/23/21;Syrian Observatory for Human Rights;https://www.syriahr.com/en/229970/;Naher & Mittlerer Osten ;Syrien;SYR;Al-Quneitra;Nab' as Sakhr;33.08335;35.94983;NB;NB;NB;TÖT;IED;IED in Auto;SK;MIL;Regime Forces;;;;1;;;;;;;;;;;
;11/23/21;Radio Okapi;https://www.radiookapi.net/2021/11/24/actualite/securite/beni-1-mort-et-9-portes-disparus-oicha-la-suite-dune-attaque-armee;Afrika;DR Kongo;COD;Nord-Kivu;Beni, Oicha, Pakanza;0,69080;29,50150;NB;NB;NB;TÖT;FW;;ZIV;PP;;1;;9;;;;;9 Personen entführt;;;;;;;
;11/23/21;NINA;https://www.ninanews.com/Website/News/Details?key=940827;Naher & Mittlerer Osten;Irak;IRQ;Maysan;Amarah, Degla Street;31.84836;47.14255;NB;NB;NB;TÖT;FW;Schüsse aus fahrendem Auto;SK;POL;unbekanntes Sicherheitspersonal;;;;1;;;;;;;;;;;
;11/24/21;CHRDA , UNOCHA;https://www.chrda.org/human-rights-report-between-october-2021-and-march-2022-there-was-an-increase-in-human-rights-violations-and-abuses-by-the-state-defense-and-security-forces-and-non-state-armed-groups-in-cameroon/ , https://www.chrda.org/cameroon-the-massacre-of-students-and-teachers-in-school-in-ekondo-titi-is-unacceptable/ , https://reliefweb.int/report/cameroon/cameroon-situation-report-14-january-2022;Afrika;Kamerun;CMR;Sud-Ouest;Ndian, Ekondo Titi;4,60183;9,03664;Amba Boys;SEP;REG;TÖT;IED;Explosion und Schüsse;ZIV;EDU;Schüler und Lehrer;4;2;;;;;;"""Unconfimed number of students and teachers were injured""";;;;;;;
;11/24/21;Radio Okapi;https://www.radiookapi.net/2021/11/24/actualite/securite/butembo-deux-positions-de-larmee-visees-par-des-attaques-des;Afrika;DR Kongo;COD;Nord-Kivu;Butembo, Marunga hill;0,15631;29,29528;Mai-Mai;SEP;REG;ZERS;FW;;SK;MIL;Militärposition;;;;;;;Keine angegebenen Schäden;Keine Personenschäden;;;;;;;
;11/24/21;Radio Okapi;https://www.radiookapi.net/2021/11/24/actualite/securite/ituri-23-corps-decouverts-tchabi-et-vido-apres-la-derniere-attaque-des;Afrika;DR Kongo;COD;Ituri;Irumu, Tchabi/Vido;0,97630;29,87200;ISCAP;REMO;TRANS;TÖT;FW;;ZIV;PP;Dörfer;23;;;;;;;;;;;;;;
;11/24/21;SATP;https://satp.org/terrorist-activity/afghanistan-Nov-2021;Naher & Mittlerer Osten;Afghanistan;AFG ;Kapisa;Mahmud-i-Raqi, Rig-e-Rawan;35,0141;69,3477;NB;NB;NB;TÖT;FW;;ZIV;REL;Religious scholars;2;;;;;;;;;;;;;;
;11/24/21;SATP;https://satp.org/terrorist-activity/afghanistan-Nov-2021;Naher & Mittlerer Osten;Afghanistan;AFG ;Kunduz;;36,833;68,7747;NB;NB;NB;TÖT;FW;;SK;GD;;;;;1;;;;;;;;;;;
;11/24/21;SATP;https://satp.org/terrorist-activity/pakistan-Nov-2021;Naher & Mittlerer Osten;Pakistan;PAK;Sibi District ;Babar Kach ;29.96843;67.61853;NB;NB;NB;TÖT;IED;;SK;MIL;;;;;1;2;;;;;;;;;;
;11/24/21;SATP;https://satp.org/terrorist-activity/pakistan-Nov-2021;Naher & Mittlerer Osten;Pakistan;PAK;Sibi District ;Sibi Town ;29.55320;67.88082;NB;NB;NB;VERL;IED;;ZIV;UNT;2 coal miners injured;;2;;;;;;;;;;;;;
;11/24/21;SATP;https://satp.org/terrorist-activity/pakistan-Nov-2021;Naher & Mittlerer Osten;Pakistan;PAK;Makran ;Tump;26.09962;62.35641;NB;NB;NB;TÖT;FW;;SK;MLZ;;;;;2;;;;;;;;;;;
;11/24/21;Crisis Group;https://www.crisisgroup.org/crisiswatch/database?location_region%5B0%5D=1&location%5B0%5D=26&crisis_state=&created=custom&from_month=1&from_year=2021&to_month=12&to_year=2021&page=0;Afrika;Mali;MLI;Mopti;Bandiagara town;14.35050;-3.61128;NB;NB;NB;TÖT;FW;;ZIV;PP;;3;;;;;;;;;;;;;;
;11/25/21;PM News;https://pmnewsnigeria.com/2021/11/27/3-boko-haram-terrorists-killed-one-captured-in-borno/;Afrika;Nigeria;NGA;Borno;Maiduguri-Damaturu road, Daima;11.77621;12.36534;Boko Haram;REMO;TRANS;TÖT;FW;;ZIV;PP;Bauern;2;1;;;;;;;;;;;;;
;11/25/21;SATP;https://satp.org/terrorist-activity/india-Nov-2021;Südostasien;Indien;IND;Latehar;Barni;23,8562;84,8003;CPI-M;SOZ;NAT;ZERS;BRA;;ZIV;UNT;Truck mit Kohle;;;;;;;Truck angezündet;;;;;;;;
;11/25/21;SATP;https://satp.org/terrorist-activity/india-Nov-2021;Südostasien;Indien;IND;Gumla;Chainpur Block;23,1345;84,2388;CPI-M;SOZ;NAT;ZERS;IED;;SK;POL;Polizeistation;;;;;;;Polizeistation (im Bau) gesprengt;;;;;;;;
;11/25/21;SATP;https://satp.org/terrorist-activity/afghanistan-Nov-2021;Naher & Mittlerer Osten;Afghanistan;AFG ;Nangarhar;Jalalabad, Eidgah mosque;34,4235;70,4607;ISKP;REMO;TRANS;TÖT;FW;;SK;POL;;;;;2;;;;;;;;;;;
;11/25/21;SATP;https://satp.org/terrorist-activity/afghanistan-Nov-2021;Naher & Mittlerer Osten;Afghanistan;AFG ;Kabul;Kabul city, PD2, Karte Parwan;34,53;69,1449;ISKP;REMO;TRANS;ZERS;IED;;ZIV;PP;;;;;;;;Keine Schäden;Keine Verletzten;;;;;;;
;11/25/21;SATP;https://satp.org/terrorist-activity/afghanistan-Nov-2021;Naher & Mittlerer Osten;Afghanistan;AFG ;Nangarhar;Jalalabad, Qasba;34,4235;70,4607;NB;NB;NB;TÖT;IED;;ZIV;PP;;3;1;;;;;;;;;;;;;
;11/25/21;SATP;https://satp.org/terrorist-activity/afghanistan-Nov-2021;Naher & Mittlerer Osten;Afghanistan;AFG ;Balkh;Mazar-i-Sharif;36,6671;67,1257;NB;NB;NB;TÖT;FW;;SK;POL;Former security personnel;;;;2;;;;;;;;;;;
;11/25/21;SATP;https://satp.org/terrorist-activity/afghanistan-Nov-2021;Naher & Mittlerer Osten;Afghanistan;AFG ;Ghor;Firozkoh;34,521;65,2489;NB;NB;NB;TÖT;FW;;ZIV;GOV;Former crime branch chief;1;;;;;;;;;;;;;;
;11/25/21;ACLED , Club of Mozambique;https://www.caboligado.com/reports/cabo-ligado-weekly-22-28-november-2021 , https://clubofmozambique.com/news/mozambique-terrorist-attacs-reported-in-mecula-niassa-aim-205767/;Afrika;Mosambik;MOZ;Niassa;Mecula, Gomba;-11,33913;38,30212;NB;REMO;REG;TÖT;FW;;SK;POL;Fahrzeug, dass Gehälter von Angestellten eines Nationalparks transportiert hat;;;;1;;;"Fahrzeug niedergebrannt; Gesundheitszentrum beschädigt; Häuser in Brand gesetzt";;;;;;;;
;11/25/21;U.S. Dept. of State , Horn Observer , Hiiraan Online;https://www.state.gov/reports/country-reports-on-terrorism-2021/somalia/ , https://hornobserver.com/articles/1469/Somalia-car-bombing-kills-10-wounds-20-in-Mogadishu , https://www.hiiraan.com/news4/2021/Nov/184651/at_least_eight_people_killed_17_injured_in_al_shabaab_bombing_in_mogadishu.aspx?utm_source=hiiraan&utm_medium=SomaliNewsUpdateFront , https://www.hiiraan.com/news/2021/Nov/wararka_maanta25-179463.htm?utm_source=hiiraan&utm_medium=WararkaMaantaFront;Afrika;Somalia;SOM;Mogadishu;Taleh, Tarabuunka-km4 road;2.03415;45.31048;Al-Shabaab;REMO;NAT;TÖT;IED;Selbstmordanschlag mit Autobombe;SK;MIL;UN-Konvoi, Schule;8;15;;2;5;;Teile der Schule beschädigt;Verteilung der Opfer auf Ziv und SK unklar, aber 13 Schüler verwundet und hauptsächlich zivile Opfer;;;;;;;
;11/25/21;NINA;https://www.ninanews.com/Website/News/Details?key=941243;Naher & Mittlerer Osten;Irak;IRQ;Diyala;Baquba, Abbara, Re'aya;33.82590;44.70929;ISIS;REMO;TRANS;TÖT;FW;;ZIV;ÖP;Dorf;;1;;1;;;;;;;;;;;
;11/25/21;NINA;https://www.ninanews.com/Website/News/Details?key=941061;Naher & Mittlerer Osten;Irak;IRQ;Diyala;Miqdadiyah, Abi Sayda, Thabah;33.92135;44.79220;NB;NB;NB;VERL;FW;;ZIV;GOV;Regierungsbeamter des Diyala Electricity Directorate;;1;;;;;;;;;;;;;
;11/25/21;NINA;https://www.ninanews.com/Website/News/Details?key=941218;Naher & Mittlerer Osten;Irak;IRQ;Sulaymaniyah;Ranya;36.2470;44.7786;NB;NB;NB;TÖT;FW;;SK;MIL;Oberst der Peschmerga;;;;2;;;;;;;;;;;
;11/26/21;SATP;https://satp.org/terrorist-activity/india-Nov-2021;Südostasien;Indien;IND;Narayanpur;Karmari;19,5992;81,2884;CPI-M;SOZ;NAT;TÖT;FW;;ZIV;VIP;Sarpanch;1;;;;;;;;;;;;;;
;11/26/21;SATP;https://satp.org/terrorist-activity/afghanistan-Nov-2021;Naher & Mittlerer Osten;Afghanistan;AFG ;Nangarhar;Momandara, Hazarnaw;34,2359;70,9335;ISKP;REMO;TRANS;TÖT;FW;;ZIV;GOV;Taliban member (served under previous government);1;;;;;;;;;;;;;;
;11/26/21;SATP;https://satp.org/terrorist-activity/afghanistan-Nov-2021;Naher & Mittlerer Osten;Afghanistan;AFG ;Nimruz;Zaranj;30,9604;61,8507;NB;NB;NB;TÖT;FW;;ZIV;VIP;Tribal elder;1;;;;;;;;;;;;;;
;11/26/21;SATP;https://satp.org/terrorist-activity/afghanistan-Nov-2021;Naher & Mittlerer Osten;Afghanistan;AFG ;Parwan;Charikar, PD1, Hofian Sharif;35,0173;69,1679;NB;NB;NB;TÖT;FW;;ZIV;PP;;1;;;;;;;;;;;;;;
;11/26/21;ACLED;https://www.caboligado.com/reports/cabo-ligado-weekly-22-28-november-2021;Afrika;Mosambik;MOZ;Cabo Delgado;Nangade, Namiune;-11,03972;39,85873;NB;REMO;REG;TÖT;FW;;ZIV;PP;;1;;;;;;;;;;;;;;
;11/27/21;Radio Okapi;https://www.radiookapi.net/2021/11/28/actualite/securite/ituri-5-morts-dans-une-nouvelle-incursion-des-miliciens-de-fpic-ndoya;Afrika;DR Kongo;COD;Ituri;Irumu, Ndoya;1,48070;29,86180;FPIC;SEP;REG;TÖT;FW;;ZIV;PP;Dorf;5;3;;;;;15 Kühe verletzt und 88 gestohlen;;;;;;;;
;11/27/21;Radio Okapi;https://www.radiookapi.net/2021/11/27/actualite/securite/beni-les-mai-mai-attaquent-2-positions-des-fardc-bashu;Afrika;DR Kongo;COD;Nord-Kivu;Beni, Katanda;0,2379;29,4269;Mai-Mai;SEP;REG;ZERS;BRA;;SK;MIL;Armeepositionen;;;;;;;Viele Armeezelte in Brand gesetzt;"Keine Personenschäden angegeben; Zwei Armeepositionen angegriffen";;;;;;;
;11/27/21;SATP;https://satp.org/terrorist-activity/india-Nov-2021;Südostasien;Indien;IND;Kanker;Tarawali;20,037;80,6253;CPI-M;SOZ;NAT;ZERS;BRA;;ZIV;KI;Mobile Turm;;;;;;;;;;;;;;;
;11/27/21;ACLED;https://www.caboligado.com/reports/cabo-ligado-weekly-22-28-november-2021;Afrika;Mosambik;MOZ;Niassa;Mecula, Naulala;-11,75776;39,05906;ISCAP;REMO;TRANS;ZERS;FW;;SK;POL;Polizeistation, dann Gesundheitszentrum, dann Dorfanführer;;;20;;;;2 Häuser von Dorfanführern in Brand gesetzt;Report über 100 entführte Jugendliche kann nicht lokal verifiziert werden, konservative Schätzung auf 20;;;;;;;
;11/27/21;SATP;https://satp.org/terrorist-activity/pakistan-Nov-2021;Naher & Mittlerer Osten;Pakistan;PAK;Waziristan District ;Datta Khel town ;33.15005;70.43336;NB;NB;NB;TÖT;FW;;SK;MIL;;;;;2;;;;;;;;;;;
;11/27/21;Syrian Observatory for Human Rights;https://www.syriahr.com/en/229970/ , https://www.syriahr.com/en/229489/;Naher & Mittlerer Osten ;Syrien;SYR;Aleppo;Manbij city;36.52692;37.95597;NB;NB;NB;TÖT;IED;Autobombe;ZIV;PP;;4;2;;;2;;;;;;;;;;
;11/27/21;SATP , thebalochistanpost;https://satp.org/terrorist-activity/pakistan-Nov-2021 , https://thebalochistanpost.net/2021/11/punjabi-settler-killed-in-sindh-sra-claims-responsibility/;Naher & Mittlerer Osten;Pakistan;PAK;Qambar Shahdad Kot ;Lalu Rain ;27.58591;68.00601;Sindhudesh Revolutionary Army;SEP;REG;TÖT;FW;;ZIV;GOV;;1;1;;;;;;;;;;;;;
;11/27/21;NINA;https://www.ninanews.com/Website/News/Details?key=941540 , https://www.ninanews.com/Website/News/Details?key=941944;Naher & Mittlerer Osten;Irak;IRQ;Diyala;Kifri, Kulajo;34.46588;45.16823;ISIS;REMO;TRANS;TÖT;FW;;SK;MIL;Checkpoint der Peschmerga;;;;1;3;;;;;;;;;;
;11/27/21;NINA;https://www.ninanews.com/Website/News/Details?key=941328 , https://www.ninanews.com/Website/News/Details?key=941774;Naher & Mittlerer Osten;Irak;IRQ;Diyala;Baquba, Abbarah, Waqf Basin, Al-Riyaah;33.85741;44.66702;NB;NB;NB;TÖT;IED;;SK;POL;Patrouille;;;;1;3;;;;;;;;;;
;11/28/21;Radio Okapi , Actualite;https://www.radiookapi.net/2021/11/28/actualite/securite/ituri-12-morts-lors-des-affrontements-entre-les-fardc-et-les-miliciens , https://actualite.cd/2021/11/29/attaque-sanglante-pres-de-drodro-cest-la-4eme-fois-depuis-mi-novembre-que-des-deplaces;Afrika;DR Kongo;COD;Ituri;Djugu, Drodro, Ivu camp;1,74570;30,56130;CODECO;SEP;REG;TÖT;FW;Gleichzeitig Armeeposition und Zivilisten angegriffen;ZIV;PP;Internally Displaced People Camp;22;3;;;;;;"""(…) and others injured.""";;;;;;;
;11/28/21;Punch Nigeria;https://punchng.com/troops-foil-terrorists-attack-on-forward-operating-base-in-borno/;Afrika;Nigeria;NGA;Borno;Nganzai, Gajiram;12.49000;13.21187;ISWAP;REMO;TRANS;TÖT;FW;;SK;MIL;Forward Operation Base;;;;2;;;;;;;;;;;
;11/28/21;ACLED , Voice of America;https://www.caboligado.com/reports/cabo-ligado-weekly-29-november-5-december-2021 , https://www.voaportugues.com/a/homens-armados-atacam-aldeia-e-saqueiam-hospital-em-niassa/6332197.html;Afrika;Mosambik;MOZ;Niassa;Mecula, Naulala;-11,75776;39,05906;ISCAP;REMO;TRANS;ZERS;FW;;ZIV;TI;Vorräte und Medizin stehlen;;;;;;;"Infrastruktur und Gebäude in Brand gesetzt; Gesundheitszentrum ausgeraubt";Keine Personenschäden angegeben;;;;;;;
;11/28/21;Syrian Observatory for Human Rights;https://www.syriahr.com/en/229970/;Naher & Mittlerer Osten ;Syrien;SYR;Daraa;Nawa-Sheikh Saad road;32.85427;36.03940;NB;NB;NB;TÖT;IED;IED in Autos;SK;MIL;Regime Forces;;;;3;3;;;"""(…) and injuring others.""";;;;;;;
;11/28/21;NINA;https://www.ninanews.com/Website/News/Details?key=941618;Naher & Mittlerer Osten;Irak;IRQ;Qadisiyah;;31.8738;44.9231;NB;NB;NB;VERL;IED;;SK;MIL;Nachschubkonvoi;;;;;;;Fahrzeug beschädigt;;;;;;;;
;11/29/21;Meir Amit Intelligence and Terrorism Information Center;https://www.terrorism-info.org.il/en/spotlight-on-global-jihad-december-2-8-2021/;Naher & Mittlerer Osten ;Syrien;SYR;Homs;Palmyra city;34.56562;38.29615;ISIS;REMO;TRANS;TÖT;RAM;Raketen und Mörser;SK;MLZ;Pro-iranische Miliz;;;;2;8;;;;;;;;;;
;11/29/21;DW , ACLED;https://www.dw.com/pt-002/cabo-delgado-ataque-faz-dois-mortos-e-destr%C3%B3i-casas-em-macomia/a-59974893 , https://www.caboligado.com/reports/cabo-ligado-weekly-29-november-5-december-2021;Afrika;Mosambik;MOZ;Cabo Delgado;Macomia, Xitoio;-11,95590;39,95890;ISCAP;REMO;TRANS;TÖT;FW;;ZIV;REL;Ritual zur Volljährigkeit;2;;2;;;;Wohnhäuser in Brand gesetzt;;;;;;;;
;11/29/21;SATP;https://satp.org/terrorist-activity/afghanistan-Nov-2021;Naher & Mittlerer Osten;Afghanistan;AFG ;Nangarhar;Jalalabad, Electricity department;34,4235;70,4607;ISKP;REMO;TRANS;TÖT;FW;;ZIV;GOV;government inspector;1;;;;;;;;;;;;;;
;11/29/21;SATP;https://satp.org/terrorist-activity/afghanistan-Nov-2021;Naher & Mittlerer Osten;Afghanistan;AFG ;Nangarhar;Sherzad, Gadikhel;34,2359;70,0551;NB;NB;NB;TÖT;IED;;ZIV;PP;;1;1;;;;;;;;;;;;;
;11/29/21;SATP;https://satp.org/terrorist-activity/afghanistan-Nov-2021;Naher & Mittlerer Osten;Afghanistan;AFG ;Kunar;Khas Kunar;34,6463;71,0063;NB;NB;NB;TÖT;FW;;ZIV;GOV;Former government judge;1;;;;;;;;;;;;;;
;11/29/21;SATP;https://satp.org/terrorist-activity/afghanistan-Nov-2021;Naher & Mittlerer Osten;Afghanistan;AFG ;Ghor;Firozkoh;34,521;65,2489;NB;NB;NB;VERL;HGR;;SK;MIL;Taliban soldier;;;;;1;;;;;;;;;;
;11/30/21;UNOCHA;https://reliefweb.int/report/cameroon/cameroon-situation-report-14-january-2022;Afrika;Kamerun;CMR;Nord-Ouest;Mezam;6,00716;10,21105;Amba Boys;SEP;REG;VERL;IED;;ZIV;ÖP;Markt;;1;;;;;;;;;;;;;
;11/30/21;Radio Okapi , Actualite;https://www.radiookapi.net/2021/11/30/actualite/securite/mahagi-le-bilan-de-lattaque-des-miliciens-de-codeco-revu-la-hausse-18 , https://www.radiookapi.net/2021/11/30/actualite/securite/ituri-six-morts-dans-une-attaque-armee-attribuee-la-milice-codeco , https://actualite.cd/2021/11/30/rdc-plus-de-10-morts-dans-une-attaque-des-miliciens-codeco-mahagi;Afrika;DR Kongo;COD;Ituri;Mahagi, Amee;2,14470;30,76953;CODECO;SEP;REG;TÖT;FW;;ZIV;ÖP;Einkaufszentrum;15;;;3;;;Mehrere Häuser in Brand gesetzt;;;;;;;;
;11/30/21;SATP , Khaama Press;https://satp.org/terrorist-activity/afghanistan-Nov-2021 , https://www.khaama.com/bomb-blast-in-kabul-wounds-five-civilians-including-taliban-346436534/;Naher & Mittlerer Osten;Afghanistan;AFG ;Kabul;Kabul city, PD6;34,4981;69,1154;ISKP;REMO;TRANS;VERL;IED;;SK;POL;;;4;;;1;;;;;;;;;;
;11/30/21;ACLED;https://www.caboligado.com/reports/cabo-ligado-weekly-29-november-5-december-2021;Afrika;Mosambik;MOZ;Niassa;Mecula, Macalange;-12,00540;39,76760;NB;REMO;REG;VERL;FW;;SK;MIL;;;;;;1;;Fahrzeug und Motorrad in Brand gesetzt;;;;;;;;
;11/30/21;Crisis Group;https://www.crisisgroup.org/crisiswatch/database?location%5B%5D=12&crisis_state=&created=custom&from_month=1&from_year=2021&to_month=12&to_year=2021;Afrika;Somalia;SOM;Bay;Baidoa;3.11995;43.64446;Al-Shabaab;REMO;NAT;TÖT;FW;;SK;MIL;Militärbasis;1;;;1;;;;;;;;;;;
;11/30/21;Radio Okapi;https://www.radiookapi.net/2021/12/09/actualite/securite/tanganyika-15-personnes-enlevees-par-des-presumes-miliciens-twa-en;Afrika;DR Kongo;COD;Tanganyika;Kalemie, Kyabalumbu/Kakinga;-5,44000;28,96030;Twa;SEP;REG;ENTF;FW;;ZIV;PP;;;;15;;;;;15 Personen zwischen dem 01.12. und 07.12. aus zwei Dörfern entführt;;;;;;;
;12/1/21;Crisis Group , Clingendael;https://www.crisisgroup.org/crisiswatch/database?location%5B%5D=177&crisis_state=&created=custom&from_month=1&from_year=2021&to_month=12&to_year=2021 , https://www.clingendael.org/publication/under-microscope-inside-attacks-porga-and-keremou ;Afrika;Benin;BEN;Atakora;Porga ;11.03862;0.96568;JNIM;REMO;TRANS;TÖT;FW;;SK;MIL;Sicherheitsposten;;;;2;3;;;"""several others wounded""";;;;;;;
;12/1/21;Radio Okapi;https://www.radiookapi.net/2021/12/02/actualite/securite/ituri-2-personnes-tuees-dans-une-nouvelle-attaque-des-adf-luna;Afrika;DR Kongo;COD;Nord-Kivu;Beni, Luna barrier;0,88880;29,59370;ISCAP;REMO;TRANS;TÖT;FW;;SK;MIL;Armeeposition;2;;11;;;;1 Truck und einige Häuser in Brand gesetzt;;;;;;;;
;12/1/21;SATP;https://satp.org/terrorist-activity/india-Dez-2021;Südostasien;Indien;IND;Srinagar;Rajouri kadal;34,0993;74,8045;NB;NB;NB;VERL;FW;;SK;POL;;;;;;1;;;;;;;;;;
;12/1/21;SATP;https://satp.org/terrorist-activity/pakistan-Dec-2021;Naher & Mittlerer Osten;Pakistan;PAK;Karachi;Gulistan-i-Jauhar ;24.92041;67.13438;NB;NB;NB;TÖT;FW;;ZIV;GOV;victim was official of the Sindh Bar Council ;1;;;;;;;;;;;;;;
;12/1/21;Meir Amit Intelligence and Terrorism Information Center;https://www.terrorism-info.org.il/en/spotlight-on-global-jihad-december-2-8-2021/;Naher & Mittlerer Osten ;Syrien;SYR;Al-Hasakah;;36.48688;41.05201;NB;NB;NB;ZERS;IED;;SK;MIL;Amerikanische Trucks;;;;;;;2 Trucks abgebrannt;Keine Personenschäden angegeben;;;;;;;
;12/1/21;Horn Observer;https://hornobserver.com/articles/1477/A-local-flight-carrying-journalists-humanitarian-workers-makes-emergency-landing-in-Mogadishu-after-it-was-shot-at-Garbaharey-Airport;Afrika;Somalia;SOM;Gedo;Garbaharey airport;3.32266;42.21276;NB;NB;NB;ZERS;FW;;ZIV;TI;Journalisten an Bord eines Flugzeugs;;;;;;;Flugzeug stark beschädigt;Keine Personenschäden;;;;;;;
;12/1/21;NINA;https://www.ninanews.com/Website/News/Details?key=942217;Naher & Mittlerer Osten;Irak;IRQ;Diyala;Baquba, Katoun;33.75696;44.59617;NB;NB;NB;VERL;IED;Haftbombe;SK;POL;;;1;;;1;;Polizeifahrzeug beschädigt;;;;;;;;
;12/1/21;NINA;https://www.ninanews.com/Website/News/Details?key=942358;Naher & Mittlerer Osten;Irak;IRQ;Sulaymaniyah;Kalar, Garmian;34.66046;45.34676;NB;NB;NB;ZERS;FW;Scharfschützen;SK;MLZ;Stellung der PMF;;;;;;;;;;;;;;;
;12/2/21;Crisis Group , Crisis24 , Syrian Observatory for Human Rights;https://www.crisisgroup.org/crisiswatch/database?location%5B0%5D=83&crisis_state=&created=custom&from_month=1&from_year=2021&to_month=12&to_year=2021&page=0 , https://crisis24.garda.com/alerts/2021/12/syria-explosive-device-kills-10-oil-and-gas-sector-workers-traveling-from-al-kharata-oil-field-in-deir-ez-zur-governorate-dec-2  ,  , https://www.syriahr.com/en/229902/;Naher & Mittlerer Osten ;Syrien;SYR;Deir ez-Zor;Al-Kharata oil field;35.23000;39.96600;ISIS;REMO;TRANS;TÖT;IED;;ZIV;UNT;Bus mit Arbeitern von Ölfeld;10;1;;;;;;;;;;;;;
;12/2/21;Meir Amit Intelligence and Terrorism Information Center;https://www.terrorism-info.org.il/en/spotlight-on-global-jihad-december-2-8-2021/;Naher & Mittlerer Osten ;Syrien;SYR;Deir ez-Zor;;35.18802;39.69025;ISIS;REMO;TRANS;TÖT;FW;;SK;MIL;Regime forces;;;;2;;;;;;;;;;;
;12/2/21;Crisis Group , Daily Times Nigeria;https://www.crisisgroup.org/crisiswatch/database?location%5B0%5D=28&crisis_state=&created=custom&from_month=1&from_year=2021&to_month=12&to_year=2021&page=0 , https://dailytimesng.com/iswap-terrorists-reportedly-abduct-15-commuters-in-borno-state-in-latest-attack/;Afrika;Nigeria;NGA;Borno;Damboa;11.15066;12.75941;ISWAP;REMO;TRANS;ENTF;FW;;ZIV;NGO;NGO Mitarbeiter;;;15;;;;;;;;;;;;
;12/2/21;Rappler;https://www.rappler.com/nation/military-police-high-alert-following-death-dawlah-islamiya-leader-asim-karinda/;Südostasien;Philippinen;PHL;Maguindanao;Ampatuan;6.77988;124.39152;Dawlah Islamiya;REMO;REG;TÖT;FW;;SK;POL;;;;;1;;;;;;;;;;;
;12/2/21;Ariana News;https://www.ariananews.af/four-wounded-in-kabul-blast/;Naher & Mittlerer Osten;Afghanistan;AFG ;Kabul;Kabul city, PD4, Salim Karwan square;34,5561;69,1592;NB;NB;NB;VERL;IED;;ZIV;PP;;;4;;;;;;;;;;;;;
;12/2/21;Hiiraan Online;https://www.hiiraan.com/news4/2021/Dec/184721/4_killed_many_hurt_in_roadside_blast_in_somalia_terror_attack.aspx?utm_source=hiiraan&utm_medium=SomaliNewsUpdateFront;Afrika;Somalia;SOM;Lower Juba;Kismayo;-0.36024;42.54090;Al-Shabaab;REMO;NAT;TÖT;IED;Bombe am Straßenrand;ZIV;GOV;Wasserbeschaffungsfahrzeug für Dürreopfer;4;4;;;;;;"""(…) and several others wounded (…).""";;;;;;;
;12/2/21;Hiiraan Online;https://www.hiiraan.com/news4/2021/Dec/184718/three_children_from_same_family_killed_in_fighting_between_amisom_and_al_shabaab_in_beletweyne.aspx?utm_source=hiiraan&utm_medium=SomaliNewsUpdateFront;Afrika;Somalia;SOM;Hiiraan;Beledweyne, Howl Wadaag;4.72771;45.19211;Al-Shabaab;REMO;NAT;TÖT;RAM;Mörser;SK;MIL;Djibouti Truppen;3;3;;;;;;"""(…) and others injures (…).""";;;;;;;
;12/2/21;NINA;https://www.ninanews.com/Website/News/Details?key=942626;Naher & Mittlerer Osten;Irak;IRQ;Nineveh;Makhmur, Kandinawa, Khdr Jija;35.76553;43.68018;ISIS;REMO;TRANS;TÖT;FW;;ZIV;PP;;3;;;;;;;;;;;;;;
;12/2/21;NINA;https://www.ninanews.com/Website/News/Details?key=942441;Naher & Mittlerer Osten;Irak;IRQ;Maysan;Amarah, Al-Majidiya;31.84438;47.14233;NB;NB;NB;ZERS;IED;Haftbombe;ZIV;PP;Ziviles Auto;;;;;;;;;;;;;;;
;12/3/21;Meir Amit Intelligence and Terrorism Information Center;https://www.terrorism-info.org.il/en/spotlight-on-global-jihad-december-2-8-2021/;Naher & Mittlerer Osten ;Syrien;SYR;Homs;Al-Suknah, Deir Ez-Zor-Palmyra road;34.93428;39.33952;ISIS;REMO;TRANS;TÖT;FW;Hinterhalt;SK;MLZ;Pro-iranische Miliz;;;;2;;;;;;;;;;;
;12/3/21;Mehr News Agency , The Street Journal;https://en.mehrnews.com/news/181371/Terrorists-kill-7-soldiers-in-Nigeria-s-Borno-State , https://thestreetjournal.org/two-officers-five-soldiers-killed-as-troops-engage-bh-iswap-terrorists-in-borno/;Afrika;Nigeria;NGA;Borno;Kala Balge, Rann;12.27002;14.46551;ISWAP;REMO;TRANS;TÖT;FW;;SK;MIL;Militär Außenposten;;;;7;3;;;;;;;;;;
;12/3/21;U.S. Dept. of State , MINUSMA , Crisis Group;https://www.state.gov/reports/country-reports-on-terrorism-2021/mali/ , https://minusma.unmissions.org/en/minusma-condemns-attack-which-claimed-lives-more-30-civilians-songho-and-calls-increased , https://www.crisisgroup.org/crisiswatch/database?location_region%5B0%5D=1&location%5B0%5D=26&crisis_state=&created=custom&from_month=1&from_year=2021&to_month=12&to_year=2021&page=0;Afrika;Mali;MLI;Mopti;Bandiagara, Songo-Bandiagara road;14.39436;-3.71235;JNIM;REMO;TRANS;TÖT;FW;;ZIV;TI;Bus;31;19;;;;;;Zivilisten auf dem Weg zum Wochenmarkt;;;;;;;
;12/3/21;The Star;https://www.the-star.co.ke/news/2021-12-05-special-teams-kill-one-militant-after-killing-of-2-cops-in-mandera/;Afrika;Kenia;KEN;Mandera;Lafey, Fino, Mandera-Lafey highway;3,33450;41,38480;Al-Shabaab;REMO;TRANS;ZERS;IED;;SK;POL;;;;;;;;;IED zu früh hochgegangen, keine Schäden;;;;;;;
;12/3/21;SATP;https://satp.org/terrorist-activity/india-Dez-2021;Südostasien;Indien;IND;Balaghat;Korka;21,7172;80,648;CPI-M;SOZ;NAT;ZERS;BRA;;ZIV;UNT;Straßenbau;;;;;;;Construction Fahrzeuge;;;;;;;;
;12/3/21;Radio Renascenca , ACLED;https://rr.sapo.pt/noticia/mundo/2021/12/05/mocambique-grupo-armado-queima-casas-numa-aldeia-em-cabo-delgado/263333/?utm_medium=rss , https://www.caboligado.com/reports/cabo-ligado-weekly-29-november-5-december-2021;Afrika;Mosambik;MOZ;Cabo Delgado;Macomia, Nova Zambezia;-12,07503;40,10918;ISCAP;REMO;TRANS;TÖT;SON;;ZIV;PP;;1;;;;;;16 Häuser in Brand gesetzt;Opfer geköpft;;;;;;;
;12/3/21;Crisis Group;https://www.crisisgroup.org/crisiswatch/database?location_region%5B0%5D=1&location%5B0%5D=26&crisis_state=&created=custom&from_month=1&from_year=2021&to_month=12&to_year=2021&page=0;Afrika;Mali;MLI;Gao;Bourem;17.57600;0.34000;NB;NB;NB;TÖT;FW;;SK;MIL;UN-Blauhelm Konvoi;1;;;;;;;;;;;;;;
;12/3/21;U.S. Dept. of State;https://www.state.gov/reports/country-reports-on-terrorism-2021/israel;Naher & Mittlerer Osten;Israel ;ISR;Jerusalem;East Jerusalem, Damascus gate;31.78148;35.23055;NB;NB;NB;VERL;SON;Messer;ZIV;PP;Jüdischer Zivilist, dann Grenzpolizei;;1;;;;;;;;;;;;;
;12/3/21;NINA;https://www.ninanews.com/Website/News/Details?key=942708;Naher & Mittlerer Osten;Irak;IRQ;Diyala;Kifri, Qara Tappa, Kashkoul ;34.4191;44.8610;ISIS;REMO;TRANS;;FW;Scharfschützen;SK;MIL;;;;;;;;;;;;;;;;
;12/4/21;Actualite;https://actualite.cd/2021/12/04/rdc-sept-civils-tues-dans-lattaque-dune-cite-miniere-en-ituri;Afrika;DR Kongo;COD;Ituri;Djugu, Mongbwalu;1,93669;30,04599;CODECO;SEP;REG;TÖT;FW;;ZIV;PP;Bergbauort;7;;;;;;;;;;;;;;
;12/4/21;Meir Amit Intelligence and Terrorism Information Center;https://www.terrorism-info.org.il/en/spotlight-on-global-jihad-december-2-8-2021/;Naher & Mittlerer Osten ;Syrien;SYR;Daraa;Daraa city;32.62243;36.11097;ISIS;REMO;TRANS;TÖT;FW;;SK;MIL;Ehem. IS-Anhänger;;;;1;;;;;;;;;;;
;12/4/21;Channels Television , Vanguard Nigeria , PM News;https://www.channelstv.com/2021/12/04/army-says-no-cause-for-alarm-as-explosions-rock-maiduguri/ , https://www.vanguardngr.com/2021/12/breaking-explosions-rock-maiduguri-metropolis-as-terrorists-attack-borno-capital/ , https://pmnewsnigeria.com/2021/12/04/faan-no-iswap-mortar-bomb-at-maiduguri-airport/;Afrika;Nigeria;NGA;Borno;Maiduguri, Gomari;11.84114;13.07476;ISWAP;REMO;TRANS;VERL;RAM;4 Raketen;ZIV;PP;;;3;;;;;12 Gebäude beschädigt und zerstört;Verletztenzahlen Mindestmenge;;;;;;;
;12/4/21;The Star , Crisis Group;https://www.the-star.co.ke/news/2021-12-05-special-teams-kill-one-militant-after-killing-of-2-cops-in-mandera/ , https://www.crisisgroup.org/crisiswatch/database?location%5B0%5D=11&crisis_state=&created=custom&from_month=1&from_year=2021&to_month=12&to_year=2021&page=0;Afrika;Kenia;KEN;Mandera;Mandera North, Bambo, Rhamu-Mandera road;3,52110;40,96970;Al-Shabaab;REMO;TRANS;TÖT;IED;;SK;POL;Polizeitransport;;;;2;12;;;;;;;;;;
;12/4/21;SATP;https://satp.org/terrorist-activity/india-Dez-2021;Südostasien;Indien;IND;Mulugu;Eturnagaram;18,3382;80,4294;CPI-M;SOZ;NAT;ZERS;BRA;;ZIV;UNT;Straßenbau;;;;;;;Contruction Fahrzeug;;;;;;;;
;12/4/21;Radio Okapi;https://www.radiookapi.net/2021/12/06/actualite/securite/ituri-7-morts-lors-des-combats-entre-larmee-et-les-adf-masome;Afrika;DR Kongo;COD;Ituri;Irumu, Masome;1,34260;29,85810;ISCAP;REMO;TRANS;TÖT;FW;;ZIV;PP;Vizepräsident Händlervereinigung;5;;3;;;;2 Motorräder und einige Häuser in Brand gesteckt;"""(…) other people were taken hostage (…).";;;;;;;
;12/4/21;SATP;https://satp.org/terrorist-activity/afghanistan-Dec-2021;Naher & Mittlerer Osten;Afghanistan;AFG ;Kabul;Kabul city, PD4, 5th Taimani street;34,5457;69,1637;ISKP;REMO;TRANS;ZERS;IED;;ZIV;GOV;Governor;;;;;;;;Keine Personenschäden;;;;;;;
;12/4/21;SATP;https://satp.org/terrorist-activity/india-Dez-2021;Südostasien;Indien;IND;Pulwama;Panzgam;33,846;75,0384;NB;NB;NB;ZERS;FW;;SK;POL;;;;;;;;Keine Schäden;Keine Verletzten;;;;;;;
;12/4/21;ORF, Crisis Group;https://orf.at/stories/3239084/ , https://www.crisisgroup.org/crisiswatch/database?location%5B0%5D=27&crisis_state=&created=custom&from_month=1&from_year=2021&to_month=12&to_year=2021&page=0;Afrika;Niger;NER;Tillabéri;Tera, Fantio;14.64895;2.14502;NB;NB;NB;TÖT;FW;;SK;MIL;G5-Sahel Militärbasis;;;;29;;;;;;;;;;;
;12/4/21;NINA;https://www.ninanews.com/Website/News/Details?key=942857;Naher & Mittlerer Osten;Irak;IRQ;Nineveh;Mosul, Hatra;35.601;42.468;NB;NB;NB;VERL;RAM;Mörser Granate;ZIV;PP;;;1;;;;;;;;;;;;;
;12/4/21;NINA;https://www.ninanews.com/Website/News/Details?key=942887;Naher & Mittlerer Osten;Irak;IRQ;Karbala;Karbala, Al-Hurr, Karbala;32.62853;43.97038;NB;NB;NB;TÖT;FW;Pistole mit Schalldämpfer;SK;GD;Direktor Geheimdienst Abteilung;;;;1;;;;;;;;;;;
;12/4/21;NINA;https://www.ninanews.com/Website/News/Details?key=942901;Naher & Mittlerer Osten;Irak;IRQ;Kirkuk;Kirkuk, Baghdad Road;35.42445;44.37266;NB;NB;NB;ZERS;SON;Schallbombe;ZIV;UNT;Café;;;;;;;Drei Autos beschädigt;;;;;;;;
;12/5/21;SATP;https://satp.org/terrorist-activity/india-Dez-2021;Südostasien;Indien;IND;Maibang;Kasmaipur;25,3274;93,1294;Dimasa National Liberation Army;SEP;REG;ENTF;FW;;ZIV;PP;;;;6;;;;;;;;;;;;
;12/5/21;NINA;https://www.ninanews.com/Website/News/Details?key=943087;Naher & Mittlerer Osten;Irak;IRQ;Kirkuk;Dibis, Sargaran, Lheban;35.72450;43.85193;ISIS;REMO;TRANS;ZERS;BRA;;ZIV;PP;Leere Wohnhäuser;;;;;;;Häuser in Brand gesteckt;;;;;;;;
;12/5/21;NINA;https://www.ninanews.com/Website/News/Details?key=943105;Naher & Mittlerer Osten;Irak;IRQ;Kirkuk;Dibis, Altun Kupri, Qarasalm;35.79122;44.29962;ISIS;REMO;TRANS;TÖT;FW;;SK;MIL;Peschmerga;;;;4;5;;;Verluste aktualisiert- Quelle: https://www.ninanews.com/Website/News/Details?key=943113;;;;;;;
;12/6/21;UNOCHA;https://reliefweb.int/report/cameroon/cameroon-situation-report-3-february-2022;Afrika;Kamerun;CMR;Sud-Ouest;Fako, Soppo market;4,15389;9,25615;Amba Boys;SEP;REG;ZERS;IED;;ZIV;ÖP;Markt;;;;;;;;Keine Personenschäden;;;;;;;
;12/6/21;SATP;https://satp.org/terrorist-activity/india-Dez-2021;Südostasien;Indien;IND;Maibang;Kasmaipur;25,3274;93,1294;Dimasa National Liberation Army;SEP;REG;TÖT;SON;;ZIV;PP;;2;4;;;;;;;;;;;;;
;12/6/21;SATP;https://satp.org/terrorist-activity/india-Dez-2021;Südostasien;Indien;IND;Seraikela Kharsawan;Puniseer;22,88028;85,5936;CPI-M;SOZ;NAT;ZERS;FW;;SK;MLZ;JJ;;;;;;;Keine Schäden;Keine Verletzten;;;;;;;
;12/6/21;SATP;https://satp.org/terrorist-activity/afghanistan-Dec-2021;Naher & Mittlerer Osten;Afghanistan;AFG ;Kunar;Manogay, Barkandi;34,9335;70,9499;ISKP;REMO;TRANS;TÖT;FW;;SK;POL;Taliban police commander;;3;;1;;;;;;;;;;;
;12/6/21;SATP;https://satp.org/terrorist-activity/afghanistan-Dec-2021;Naher & Mittlerer Osten;Afghanistan;AFG ;Takhar;Taloqan, Golai Bagh;36,7343;69,5173;ISKP;REMO;TRANS;TÖT;FW;;SK;POL;Taliban member;;;;1;;;;;;;;;;;
;12/6/21;SATP;https://satp.org/terrorist-activity/afghanistan-Dec-2021;Naher & Mittlerer Osten;Afghanistan;AFG ;Nangarhar;Nangalaam, Kunar-Nuristan highway;34,972;70,9082;NB;NB;NB;TÖT;FW;;SK;POL;Former police officer;;;;1;;;;;;;;;;;
;12/6/21;SATP;https://satp.org/terrorist-activity/pakistan-Dec-2021;Naher & Mittlerer Osten;Pakistan;PAK;Quetta;Mubarak Chowk ;30.19068;67.01231;NB;NB;NB;VERL;HGR;;SK;POL;;;;;;2;;;;;;;;;;
;12/6/21;Meir Amit Intelligence and Terrorism Information Center;https://www.terrorism-info.org.il/en/news-of-terrorism-and-the-israeli-palestinian-conflict-december-1-7-2021/;Naher & Mittlerer Osten;Israel ;ISR;West Bank;Tulkarm, Teenim border crossing;32.28342;35.00920;NB;NB;NB;VERL;SON;Mit Auto gerammt;SK;POL;Grenzpolizei;;;;;1;;;;;;;;;;
;12/6/21;NINA;https://www.ninanews.com/Website/News/Details?key=943117;Naher & Mittlerer Osten;Irak;IRQ;Diyala;Miqdadiyah, Nawfal;34.02457;44.98120;ISIS;REMO;TRANS;ZERS;IED;;SK;MIL;Stellung und Verstärkung;;;;;;;;Keine Personenschäden;;;;;;;
;12/7/21;Radio Okapi;https://www.radiookapi.net/2021/12/08/actualite/securite/ituri-5-morts-lors-dune-nouvelle-attaque-de-codeco-djugu;Afrika;DR Kongo;COD;Ituri;Djugu, Andisa;1,97596;29,96991;CODECO;SEP;REG;TÖT;FW;;SK;POL;Polizeistation;4;;;1;;;;"Dorf auf der Flucht vor Armee angegriffen; Polizeikommandanten getötet, dann Zivilisten angegriffen";;;;;;;
;12/7/21;Naija News;https://www.naijanews.com/2021/12/07/boko-haram-iswap-attack-yobe-police-station-barracks-video/;Afrika;Nigeria;NGA;Yobe;Gujba, Buni Yadi;11.27606;12.00776;ISWAP;REMO;TRANS;VERL;FW;;SK;POL;Polizeistation, Kaserne;;;;;2;;Einige Gebäude und zwei operationsfahrzeuge in brand gesetzt;Verletztenzahl Mindestmenge;;;;;;;
;12/7/21;Crisis Group;https://www.crisisgroup.org/crisiswatch/database?location%5B0%5D=11&crisis_state=&created=custom&from_month=1&from_year=2021&to_month=12&to_year=2021&page=0;Afrika;Kenia;KEN;Kisumu;Nyakach, Kamloma;-0,29380;35,01090;Al-Shabaab;REMO;TRANS;TÖT;IED;Selbstmordanschlag;ZIV;PP;;2;;;;;;;;;;;;;;
;12/7/21;SATP;https://satp.org/terrorist-activity/india-Dez-2021;Südostasien;Indien;IND;Bhadradri Kothagudem;Cherla Mandal;18,0732;80,8263;CPI-M;SOZ;NAT;ENTF;FW;;ZIV;PP;;;;10;;;;;Vorrübergehende Entführung, damit sie an Treffen teilnehmen;;;;;;;
;12/7/21;SATP;https://satp.org/terrorist-activity/india-Dez-2021;Südostasien;Indien;IND;Lohardaga;Hanhe and Rodo Toli (Serengada);23,4179;84,4667;CPI-M;SOZ;NAT;ZERS;BRA;;ZIV;UNT;Straßenbau;;;;;;;5 Contruction Fahrzeuge;;;;;;;;
;12/7/21;SATP;https://satp.org/terrorist-activity/afghanistan-Dec-2021;Naher & Mittlerer Osten;Afghanistan;AFG ;Kabul;Kabul city, PD2, Joey Shir;34,5165;69,1666;ISKP;REMO;TRANS;ZERS;IED;;ZIV;PP;;;;;;;;;Keine Personenschäden;;;;;;;
;12/7/21;SATP;https://satp.org/terrorist-activity/afghanistan-Dec-2021;Naher & Mittlerer Osten;Afghanistan;AFG ;Kunduz;Kunduz hospital;36,7179;68,8619;NB;NB;NB;TÖT;SON;;ZIV;PP;Former PUF member;1;;;;;;;;;;;;;;
;12/7/21;Radio Okapi;https://www.radiookapi.net/2021/12/08/actualite/securite/beni-un-medecin-enleve-par-des-hommes-armes-dans-un-centre-de-sante;Afrika;DR Kongo;COD;Nord-Kivu;Beni, Bunguli, Kitsa Operationszentrum;0,44925;29,42016;NB;NB;NB;ENTF;FW;;ZIV;KI;Arzt;;;1;;;;;;;;;;;;
;12/7/21;NINA;https://www.ninanews.com/Website/News/Details?key=943386;Naher & Mittlerer Osten;Irak;IRQ;Kirkuk;Daquq, Suhail/Rubaydiyah;34.95968;44.33292;NB;NB;NB;VERL;IED;;SK;POL;;;;;;3;;;;;;;;;;
;12/7/21;NINA;https://www.ninanews.com/Website/News/Details?key=943489;Naher & Mittlerer Osten;Irak;IRQ;Kirkuk;Dibis, Altun Kupri;35.76023;44.13036;NB;NB;NB;ZERS;RAM;Katyusha Rakten;SK;MIL;Stellung;;;;;;;;;;;;;;;
;12/7/21;NINA;https://www.ninanews.com/Website/News/Details?key=943486;Naher & Mittlerer Osten;Irak;IRQ;Kirkuk;Hawija, Riyad, Al-Jawala;35.1985;43.9072;NB;NB;NB;VERL;IED;;SK;POL;;;;;;1;;;;;;;;;;
;12/7/21;Reuters;https://www.reuters.com/world/middle-east/explosion-kills-four-wounds-20-iraqs-basra-police-health-sources-2021-12-07/;Naher & Mittlerer Osten;Irak;IRQ;Basra;Basrah;30.50831;47.83385;NB;NB;NB;TÖT;IED;;ZIV;ÖP;;4;20;;;;;;;;;;;;;
;12/8/21;Radio Okapi;https://www.radiookapi.net/2021/12/09/actualite/securite/ituri-20-morts-dans-une-double-attaque-des-miliciens-de-codeco-nizi-et;Afrika;DR Kongo;COD;Ituri;Djugu, Nizi, Katsa/Batsa;1,75670;30,30080;CODECO;SEP;REG;TÖT;FW;;ZIV;PP;Dörfer;12;;;;;;;;;;;;;;
;12/8/21;Radio Okapi;https://www.radiookapi.net/2021/12/09/actualite/securite/attaque-dun-convoi-humanitaire-kanyambi-3-agents-du-hcr-blesses;Afrika;DR Kongo;COD;Nord-Kivu;Lubero, Kanyambi;-0,30470;29,15990;Mai-Mai;SEP;REG;TÖT;FW;;ZIV;GOV;UNHCR mit MONUSCO Friedenstruppen;;3;;;;;;;;;;;;;
;12/8/21;Radio Okapi;https://www.radiookapi.net/2021/12/10/actualite/securite/butembo-2-militaires-tues-lors-dune-attaque-des-mai-mai-butungera;Afrika;DR Kongo;COD;Nord-Kivu;Beni, Butungera;0,25340;29,38480;Mai-Mai;SEP;REG;TÖT;FW;;SK;POL;Polizeistation;;;;2;;;;Tote sind Soldaten, die zur Absicherung vor Ort waren;;;;;;;
;12/8/21;SATP , thebalochistanpost;https://satp.org/terrorist-activity/pakistan-Dec-2021 , https://thebalochistanpost.net/2021/12/balochistan-pakistani-forces-attacked-in-sibbi-panjgur-and-jhal-magsi/;Naher & Mittlerer Osten;Pakistan;PAK;Panjgur;Hanay Tal ;26.97059;64.08868;Baloch Republican Army ;SEP;REG;TÖT;FW;;ZIV;PP;;8;;;;;;;;;;;;;;
;12/8/21;SATP;https://satp.org/terrorist-activity/india-Dez-2021;Südostasien;Indien;IND;Balaghat;Mandwa;21,888;80,5525;CPI-M;SOZ;NAT;ZERS;BRA;;ZIV;UNT;Straßenbau;;;;;;;mind. Drei Contruction Fahrzeuge;;;;;;;;
;12/8/21;SATP;https://satp.org/terrorist-activity/india-Dez-2021;Südostasien;Indien;IND;Gariabandh;Pipalkhuta;19,9853;82,3682;CPI-M;SOZ;NAT;ZERS;BRA;;ZIV;UNT;Kanalbau;;;;;;;mind. Fünf Construction Fahrzeuge;;;;;;;;
;12/8/21;SATP;https://satp.org/terrorist-activity/india-Dez-2021;Südostasien;Indien;IND;Balaghat;Mandwa;21,888;80,5525;CPI-M;SOZ;NAT;ZERS;BRA;;ZIV;UNT;Straßenbau;;;;;;;mind. Zwei Contruction Fahrzeuge;;;;;;;;
;12/8/21;SATP;https://satp.org/terrorist-activity/india-Dez-2021;Südostasien;Indien;IND;Gumla;Kurumgarh (Chainpur);23,1827;84,3494;CPI-M;SOZ;NAT;ZERS;FW;;SK;POL;;;;;;;;Keine Schäden;Keine Verletzten;;;;;;;
;12/8/21;SATP;https://satp.org/terrorist-activity/india-Dez-2021;Südostasien;Indien;IND;Jamui;Didhi Panchayat (Laximipur);25,0073;86,396;CPI-M;SOZ;NAT;ZERS;IED;;ZIV;EDU;Schule;;;;;;;Keine Schäden;Keine Verletzten;;;;;;;
;12/8/21;ACLED;https://www.caboligado.com/reports/cabo-ligado-weekly-6-12-december-2021;Afrika;Mosambik;MOZ;Niassa;Mecula, Lichengue;-12,17969;37,67360;ISCAP;REMO;TRANS;TÖT;BRA;;ZIV;PP;;1;;;;;;Mehr als 80 Gebäude in Brand gesetzt;;;;;;;;
;12/8/21;ACLED;https://www.caboligado.com/reports/cabo-ligado-weekly-6-12-december-2021;Afrika;Mosambik;MOZ;Niassa;Mecula, Chimene;-12,23365;37,66671;ISCAP;REMO;TRANS;TÖT;FW;;ZIV;PP;;1;;;;;;;;;;;;;;
;12/8/21;Radio Okapi;https://www.radiookapi.net/2021/12/09/actualite/securite/beni-6-personnes-tuees-lors-de-lincursion-dhommes-armes-mangina , https://www.radiookapi.net/2021/12/10/actualite/securite/beni-11-autres-corps-decouverts-mangina-apres-lattaque-dun-groupe , https://www.radiookapi.net/2021/12/20/actualite/securite/beni-5-corps-sans-vie-decouverts-mangina;Afrika;DR Kongo;COD;Nord-Kivu;Beni, Mangina;0,65370;29,32800;ISCAP;REMO;TRANS;TÖT;FW;;ZIV;PP;Dörfer;21;;;;;;;;;;;;;;
;12/8/21;Al Jazeera;https://www.aljazeera.com/news/2021/12/8/explosion-kills-un-peacekeepers-in-central-mali;Afrika;Mali;MLI;Mopti;Bandiagara, Douentza-Sevare road;14.91721;-3.76331;NB;NB;NB;TÖT;IED;Bombe am Straßenrand;SK;MIL;UN-Blauhelm Logistikkonvoi;;;;7;3;;;;;;;;;;
;12/8/21;Club of Mozambique;https://clubofmozambique.com/news/mozambique-armed-men-attack-bus-in-gorongosa-aim-report-206636/;Afrika;Mosambik;MOZ;Sofala;Gorongosa, Gorongosa city;-18,72020;34,07530;NB;NB;NB;ZERS;FW;;ZIV;TI;Bus;;;;;;;Bus beschädigt;Keine Personenschäden;;;;;;;
;12/8/21;U.S. Dept. of State , Meir Amit Intelligence and Terrorism Information Center;https://www.state.gov/reports/country-reports-on-terrorism-2021/israel , https://www.terrorism-info.org.il/en/news-of-terrorism-and-the-israeli-palestinian-conflict-december-8-14-2021/;Naher & Mittlerer Osten;Israel ;ISR;Jerusalem;East Jerusalem, Sheikh Jarrah;31.79474;35.23096;NB;NB;NB;VERL;SON;Messer;ZIV;PP;Jüdische Zivilistin;;1;;;;;;;;;;;;;
;12/9/21;CHRDA;https://www.chrda.org/human-rights-report-between-october-2021-and-march-2022-there-was-an-increase-in-human-rights-violations-and-abuses-by-the-state-defense-and-security-forces-and-non-state-armed-groups-in-cameroon/;Afrika;Kamerun;CMR;Nord-Ouest;Donga-Mantung, Ndu, Mbandfung, Gidadoh;6,42409;10,79385;Amba Boys;SEP;REG;TÖT;SON;In Stücke gehackt;ZIV;ETH;Mbororo minority;1;;;;;;;;;;;;;;
;12/9/21;Radio Okapi;https://www.radiookapi.net/2021/12/10/actualite/securite/ituri-4-miliciens-de-la-codeco-tues-lors-des-combats-avec-les-fardc;Afrika;DR Kongo;COD;Ituri;Djugu, Kobu;1,83136;30,19524;CODECO;SEP;REG;TÖT;FW;;SK;MIL;Armeeposition;;;;2;;;;;;;;;;;
;12/9/21;Actualite;https://actualite.cd/2021/12/10/rdc-beni-un-civil-tue-dans-une-nouvelle-violence-loselose;Afrika;DR Kongo;COD;Nord-Kivu;Beni, Loselose;0,42120;29,71573;ISCAP;REMO;TRANS;TÖT;FW;;ZIV;PP;;1;;;;;;;;;;;;;;
;12/9/21;SATP;https://satp.org/terrorist-activity/afghanistan-Dec-2021;Naher & Mittlerer Osten;Afghanistan;AFG ;Kunduz;Kunduz city, Qala-e-Tapa;36,7123;68,8702;NB;NB;NB;TÖT;FW;;ZIV;PP;;1;;;;;;;;;;;;;;
;12/9/21;Club of Mozambique;https://clubofmozambique.com/news/mozambique-gunmen-attack-in-mecula-and-muembe-within-24-hours-carta-report-206613/;Afrika;Mosambik;MOZ;Niassa;Muembe, Chiconono;-12,94075;35,74040;NB;REMO;REG;VERL;FW;;ZIV;PP;;;2;;;;;;;;;;;;;
;12/9/21;SATP;https://satp.org/terrorist-activity/india-Dez-2021;Südostasien;Indien;IND;Delhi;Rohini Court;28,7066;77,132;NB;NB;NB;VERL;IED;;SK;POL;;;;;;1;;;In einem Gerichtsgebäude;;;;;;;
;12/9/21;SATP , Aljazeera;https://satp.org/terrorist-activity/pakistan-Dec-2021 , https://www.aljazeera.com/news/2021/12/11/pakistani-taliban-kill-police-officer-guarding-polio-jab-team;Naher & Mittlerer Osten;Pakistan;PAK;Balochistan;Jhal Magsi;28.28157;67.45761;NB;NB;NB;TÖT;FW;;SK;MIL;;;;;1;1;;;;;;;;;;
;12/9/21;Hiiraan Online;https://www.hiiraan.com/news4/2021/Dec/184777/al_shabaab_fires_mortar_shells_at_jowhar_airport.aspx?utm_source=hiiraan&utm_medium=SomaliNewsUpdateFront;Afrika;Somalia;SOM;Middle Shabelle;Jowhar airfield;2.88561;45.47001;Al-Shabaab;REMO;NAT;ZERS;RAM;Mörser;ZIV;TI;Flughafen, Soldaten;;;;;;;Keine Schäden angegeben;Keine Personenschäden;;;;;;;
;12/9/21;NINA;https://www.ninanews.com/Website/News/Details?key=943798;Naher & Mittlerer Osten;Irak;IRQ;Kirkuk;Wadi al-Shay, Suhail;34.9231;44.3340;NB;NB;NB;VERL;IED;;SK;POL;;;;;;2;;;;;;;;;;
;12/10/21;Crisis Group;https://www.crisisgroup.org/crisiswatch/database?location%5B0%5D=28&crisis_state=&created=custom&from_month=1&from_year=2021&to_month=12&to_year=2021&page=0;Afrika;Nigeria;NGA;Borno;Kaga;11.59990;12.49960;ISWAP;REMO;TRANS;TÖT;FW;;SK;MLZ;Civilian Joint Task Force Basis;;;;2;;;;;;;;;;;
;12/10/21;Crisis Group , Clingendael;https://www.crisisgroup.org/crisiswatch/database?location%5B%5D=177&crisis_state=&created=custom&from_month=1&from_year=2021&to_month=12&to_year=2021 , https://www.clingendael.org/publication/under-microscope-inside-attacks-porga-and-keremou ;Afrika;Benin;BEN;Atakora;Porga;11.03862;0.96568;JNIM;REMO;TRANS;VERL;IED;Platzierter Sprengsatz ;SK;MIL;Armee-Fahrzeug ;;;;;4;;;;;;;;;;
;12/10/21;SATP;https://satp.org/terrorist-activity/india-Dez-2021;Südostasien;Indien;IND;Karbi Anglong;Rongmongve;26,5476;93,2407;Karbi Democratic Liberation Front;SEP;REG;ENTF;FW;;ZIV;UNT;Brückenbau;;;3;;;;;;;;;;;;
;12/10/21;U.S. Dept. of State , ACLED , Meir Amit Intelligence and Terrorism Information Center;https://www.state.gov/reports/country-reports-on-terrorism-2021/tanzania , https://www.caboligado.com/reports/cabo-ligado-weekly-6-12-december-2021 , https://www.terrorism-info.org.il/en/spotlight-on-global-jihad-december-23-29-2021/;Afrika;Tansania;TZA;Mtwara;Nanyamba Town, Kiwengulo;-10,75804;40,01536;ISCAP;REMO;TRANS;TÖT;FW;;ZIV;REL;Christliches Dorf;4;;;;;;Ein Alkoholgeschäft und 3 Häuser in Brand gesetzt;3 der Opfer geköpft;;;;;;;
;12/10/21;SATP , Hasht-e Subh;https://satp.org/terrorist-activity/afghanistan-Dec-2021 , https://8am.media/eng/explosion-in-western-kabul-details-not-yet-available/;Naher & Mittlerer Osten;Afghanistan;AFG ;Kabul;Kabul city, Dasht-e-Barchi;34,4964;69,0783;NB;NB;NB;TÖT;IED;;ZIV;REL;Shiiten-Viertel;2;3;;;;;;;;;;;;;
;12/10/21;SATP;https://satp.org/terrorist-activity/afghanistan-Dec-2021;Naher & Mittlerer Osten;Afghanistan;AFG ;Farah;Bala Buluk, Seh-Joi;32,7572;62,721;NB;NB;NB;TÖT;HGR;;ZIV;PP;;2;;;;;;;;;;;;;;
;12/10/21;SATP;https://satp.org/terrorist-activity/india-Dez-2021;Südostasien;Indien;IND;Bandipora;Gulshan Chowk;34,0714;74,8058;NB;NB;NB;TÖT;FW;;SK;POL;;;;;2;;;;;;;;;;;
;12/10/21;NINA;https://www.ninanews.com/Website/News/Details?key=943995;Naher & Mittlerer Osten;Irak;IRQ;Diyala;Miqdadiyah, Abi Sayda;33.92257;44.77512;NB;NB;NB;TÖT;FW;;ZIV;PP;;1;;;;;;;;;;;;;;
;12/11/21;Crisis Group;https://www.crisisgroup.org/crisiswatch/database?location%5B0%5D=83&crisis_state=&created=custom&from_month=1&from_year=2021&to_month=12&to_year=2021&page=0;Naher & Mittlerer Osten ;Syrien;SYR;Deir ez-Zor;Masrab desert;35.54718;39.85660;ISIS;REMO;TRANS;TÖT;FW;;SK;MLZ;Regime angegliederte Miliante und Soldaten;;;;7;17;;;;;;;;;;
;12/11/21;SATP;https://satp.org/terrorist-activity/afghanistan-Dec-2021;Naher & Mittlerer Osten;Afghanistan;AFG ;Farah;Farah city;32,3745;62,0834;NB;NB;NB;TÖT;FW;;ZIV;REL;Shiite cleric;1;;;;;;;;;;;;;;
;12/11/21;ucanews;https://www.ucanews.com/news/peace-remains-elusive-in-thailands-restive-south/95379;Südostasien;Thailand;THA;Narathiwat;;6.15249;101.72786;NB;SEP;REG;VERL;IED;;ZIV;REL;Monks;;2;;;2;;Telecommunication system and electiric pole damaged;;;;;;;;
;12/11/21;SATP , Aljazeera;https://satp.org/terrorist-activity/pakistan-Dec-2021 , https://www.aljazeera.com/news/2021/12/11/pakistani-taliban-kill-police-officer-guarding-polio-jab-team;Naher & Mittlerer Osten;Pakistan;PAK;Khyber Pakhtunkhwa;Tank;32.21620;70.38963;Tehrik-i-Taliban Pakistan  ;REMO;TRANS;TÖT;FW;;ZIV;NGO;victims protected a polio vaccination team ;;;;1;1;;;;;;;;;;
;12/11/21;Hiiraan Online;https://www.hiiraan.com/news4/2021/Dec/184800/bomb_blast_kills_1_wounds_2_regional_lawmakers_in_southern_somalia.aspx?utm_source=hiiraan&utm_medium=SomaliNewsUpdateFront;Afrika;Somalia;SOM;Middle Shabelle;Jowhar;2.77972;45.50421;Al-Shabaab;REMO;NAT;TÖT;IED;;ZIV;GOV;Politiker in Restaurant;1;5;;;;;;;;;;;;;
;12/11/21;Hiiraan Online , Crisis Group;https://www.hiiraan.com/news4/2021/Dec/184798/al_shabaab_kills_4_african_union_peacekeepers_in_somalia.aspx?utm_source=hiiraan&utm_medium=SomaliNewsUpdateFront , https://www.crisisgroup.org/crisiswatch/database?location%5B%5D=12&crisis_state=&created=custom&from_month=1&from_year=2021&to_month=12&to_year=2021;Afrika;Somalia;SOM;Middle Shabelle;Buurane-Mahaday road;2.96104;45.52374;Al-Shabaab;REMO;NAT;TÖT;IED;;SK;MIL;Burundische Soldaten;;;;4;;;;Opferzahlen wahrscheinlich höher;;;;;;;
;12/11/21;NINA;https://www.ninanews.com/Website/News/Details?key=944125;Naher & Mittlerer Osten;Irak;IRQ;Babil;Musayyib, Jurf al-Sakhar;32.82666;44.18152;NB;NB;NB;TÖT;IED;;SK;MLZ;PMF;;;;1;;;;;;;;;;;
;12/12/21;Vanguard Nigeria;https://www.vanguardngr.com/2021/12/boko-haram-terrorists-attacks-debiro-village-bordering-biu-hawul-councils-of-borno/;Afrika;Nigeria;NGA;Borno;Biu/Hawful, Debiro;10.61337;12.19105;ISWAP;REMO;TRANS;ZERS;FW;;ZIV;PP;;;;;;;;Häuser zerstört;Keine Personenschäden;;;;;;;
;12/12/21;Radio Okapi;https://www.radiookapi.net/2021/12/13/actualite/securite/ituri-3-morts-lors-dune-double-attaque-attribuee-aux-adf-mambasa;Afrika;DR Kongo;COD;Ituri;Mambasa, Bela;0,61920;29,26480;ISCAP;REMO;TRANS;TÖT;FW;;ZIV;TI;Öffentliche Verkehrsmittel;3;;;;;4;2 Fahrzeuge in Brand gesteckt;4 Polizisten entführt, anschließend wurde eine Armeeposition angegriffen;;;;;;;
;12/12/21;ACLED;https://www.caboligado.com/reports/cabo-ligado-weekly-13-december-2021-9-january-2022;Afrika;Mosambik;MOZ;Cabo Delgado;Macomia, Mogudula;-12,04518;40,54113;NB;REMO;REG;ENTF;FW;;ZIV;PP;Fischer;;2;3;;;;;Mehrere Fischer entführt, 2 verletzt beim Entkommen;;;;;;;
;12/12/21;SATP;https://satp.org/terrorist-activity/pakistan-Dec-2021;Naher & Mittlerer Osten;Pakistan;PAK;Tank;Kolachi;27.97641;69.25903;NB;NB;NB;TÖT;FW;;ZIV;NGO;victim protected a polio vaccination team ;;;;1;;;;;;;;;;;
;12/12/21;SATP , DAWN;https://satp.org/terrorist-activity/pakistan-Dec-2021 , https://www.dawn.com/news/1663402;Naher & Mittlerer Osten;Pakistan;PAK;Tank ;Lakki Marwat ;32.61346;70.90117;NB;NB;NB;VERL;FW;;ZIV;NGO;victim protected a polio vaccination team ;;;;;1;;;;;;;;;;
;12/12/21;NINA;https://www.ninanews.com/Website/News/Details?key=944471;Naher & Mittlerer Osten;Irak;IRQ;Dhi Qar;International Highway;30.6426;46.6534;NB;NB;NB;ZERS;IED;;SK;MIL;Int. Koalitionskonvoi;;;;;;;;;;;;;;;
;12/12/21;NINA;https://www.ninanews.com/Website/News/Details?key=944445;Naher & Mittlerer Osten;Irak;IRQ;Babil;International Highway;32.3756;44.8033;NB;REMO;TRANS;ZERS;IED;;SK;MIL;Int. Koalitionskonvoi;;;;;;;;;;;;;;;
;12/12/21;NINA;https://www.ninanews.com/Website/News/Details?key=944288;Naher & Mittlerer Osten;Irak;IRQ;Qadisiyah;International Highway;32.0797;45.0000;NB;NB;NB;ZERS;IED;;SK;MIL;Int. Koalitionskonvoi;;;;;;;;;;;;;;;
;12/13/21;UNOCHA;https://reliefweb.int/report/cameroon/cameroon-situation-report-3-february-2022;Afrika;Kamerun;CMR;Sud-Ouest;Fako, Bongo square;4,15354;9,24316;Amba Boys;SEP;REG;VERL;IED;;ZIV;ÖP;Gewerbliche Messe;;2;;;;;;"""Unspecified number of people were injured""";;;;;;;
;12/13/21;Gistmania;https://www.gistmania.com/talk/topic,526656.0.html;Afrika;Nigeria;NGA;Abia;Umuahia;5.53240;7.49241;Biafran National Guard;SEP;REG;TÖT;FW;;SK;POL;Polizei Hauptquartier;;;;1;;;;;;;;;;;
;12/13/21;Garowe Online , Nation , Shabelle Media;https://garoweonline.com/en/world/africa/police-foil-al-shabaab-s-attempt-to-conduct-imam-in-kenya-s-mosque , https://nation.africa/kenya/counties/wajir/shabaab-attempt-to-abduct-worshippers-in-wajir-3651720;Afrika;Kenia;KEN;Wajir;Wajir East, Konton, Konton mosque;2,01781;40,90684;Al-Shabaab;REMO;TRANS;ENTF;FW;;ZIV;REL;"Muslimische Betende; Imam auch Polizeireservist";;;40;;;;;Später sind alle Entführten befreit worden;;;;;;;
;12/13/21;SATP;https://satp.org/terrorist-activity/india-Dez-2021;Südostasien;Indien;IND;Sukma;Kangda;18,2223;81,1931;CPI-M;SOZ;NAT;TÖT;FW;;ZIV;PP;Angebl. Informant;1;;;;;;;;;;;;;;
;12/13/21;SATP;https://satp.org/terrorist-activity/india-Dez-2021;Südostasien;Indien;IND;Srinagar;Aripora Zewan;34,0403;74,8879;Jaish-e Mohammed ;REMO;REG;TÖT;FW;;SK;POL;Polizeibus;;;;3;12;;;;;;;;;;
;12/13/21;ucanews , Nation Thailand;https://www.ucanews.com/news/peace-remains-elusive-in-thailands-restive-south/95379 , https://www.nationthailand.com/in-focus/national/40009954;Südostasien;Thailand;THA;Pattani;Khok Pho, Ban Nikhom station;6.76023;101.04997;NB;SEP;REG;VERL;IED;;ZIV;TI;;;3;;;;;Zug beschädigt;;;;;;;;
;12/13/21;NINA;https://www.ninanews.com/Website/News/Details?key=944692 , https://www.ninanews.com/Website/News/Details?key=947488;Naher & Mittlerer Osten;Irak;IRQ;Diyala;Khanaqin, Sadiyah, Hamrin lake;34.12275;45.06849;ISIS;REMO;TRANS;ENTF;FW;;ZIV;PP;;;;;1;;3;;;;;;;;;
;12/14/21;SATP;https://satp.org/terrorist-activity/india-Dez-2021;Südostasien;Indien;IND;Cachar;Namdeilong Punji;24,802;93,1468;National Socialist Council of Nagaland;SEP;TRANS;VERL;FW;;ZIV;PP;;;1;;;;;;;;;;;;;
;12/14/21;U.S. Dept. of State;https://www.state.gov/reports/country-reports-on-terrorism-2021/colombia/;Lateinamerika;Kolumbien;COL;Medellin;Cúcuta, Camilo Daza International Airport;7,92707;-72,50790;FARC-EP;SOZ;TRANS;TÖT;IED;;ZIV;TI;Flughafen;1;;;2;;;;;;;;;;;
;12/14/21;Crisis Group;https://www.crisisgroup.org/crisiswatch/database?location%5B0%5D=11&crisis_state=&created=custom&from_month=1&from_year=2021&to_month=12&to_year=2021&page=0;Afrika;Kenia;KEN;Mandera;Mandera North, Lanqura;3,56650;40,97320;Al-Shabaab;REMO;TRANS;VERL;FW;Hinterhalt;SK;POL;;;;;;2;;;;;;;;;;
;12/14/21;ACLED;https://www.caboligado.com/reports/cabo-ligado-weekly-13-december-2021-9-january-2022;Afrika;Mosambik;MOZ;Niassa;Mecula, Lichengue;-12,17969;37,67360;ISCAP;REMO;TRANS;ZERS;BRA;;ZIV;PP;;;;;;;;Häuser und mehrere Fahrzeuge in Brand gesetzt;;;;;;;;
;12/14/21;SATP;https://satp.org/terrorist-activity/afghanistan-Dec-2021;Naher & Mittlerer Osten;Afghanistan;AFG ;Takhar;Dasht-e-Qala;37,1538;69,4526;NB;NB;NB;TÖT;FW;;SK;POL;Taliban fighters;;;;;;;;;;;;;;;
;12/14/21;SATP , Tolo News;https://satp.org/terrorist-activity/afghanistan-Dec-2021 , https://tolonews.com/afghanistan-175884;Naher & Mittlerer Osten;Afghanistan;AFG ;Kabul;Kabul city, PD8, Tank-e-Logar;34,5001;69,218;NB;NB;NB;TÖT;IED;;SK;POL;;1;;;;2;;;;;;;;;;
;12/14/21;SATP;https://satp.org/terrorist-activity/pakistan-Dec-2021;Naher & Mittlerer Osten;Pakistan;PAK;Kech;Abdoi Sector ;26.15605;63.01475;NB;NB;NB;TÖT;FW;;SK;MIL;;;;;1;;;;;;;;;;;
;12/15/21;Radio Okapi;https://www.radiookapi.net/2021/12/23/actualite/securite/ituri-26-personnes-tuees-lidjo-par-des-miliciens-de-la-codeco;Afrika;DR Kongo;COD;Ituri;Djugu, Lodjo, Ngama/Dieumerci;2,07325;30,01333;CODECO;SEP;REG;TÖT;FW;;ZIV;PP;Mine;19;;;;;;;;;;;;;;
;12/15/21;Actualite;https://actualite.cd/2021/12/16/beni-un-policier-tue-dans-une-attaque-contre-un-poste-de-la-police-cantine;Afrika;DR Kongo;COD;Nord-Kivu;Beni, Cantine;0,45775;29,24378;Mai-Mai;SEP;REG;TÖT;SON;;SK;POL;;;;;1;;;;;;;;;;;
;12/15/21;SATP;https://satp.org/terrorist-activity/india-Dez-2021;Südostasien;Indien;IND;Bhadradri Kothagudem;Cherla Mandal;18,0732;80,8263;CPI-M;SOZ;NAT;VERL;IED;;SK;POL;;;;;;1;;;;;;;;;;
;12/15/21;U.S. Dept. of State , Carta de Mocambique;https://www.state.gov/reports/country-reports-on-terrorism-2021/mozambique/ , https://cartamz.com/index.php/sociedade/item/9550-terroristas-decapitam-pastor-de-uma-igreja-em-macomia;Afrika;Mosambik;MOZ;Cabo Delgado;Macomia, Nova Zambezia;-12,07503;40,10918;ISCAP;REMO;TRANS;TÖT;SON;;ZIV;REL;Christlicher Pastor;1;;;;;;;Pastor wurde geköpft;;;;;;;
;12/15/21;SATP;https://satp.org/terrorist-activity/afghanistan-Dec-2021;Naher & Mittlerer Osten;Afghanistan;AFG ;Nangarhar;Khewa, Shaga;34,5789;70,5856;NB;NB;NB;TÖT;FW;;ZIV;PP;;4;1;;;;;;;;;;;;;
;12/15/21;SATP;https://satp.org/terrorist-activity/india-Dez-2021;Südostasien;Indien;IND;Imphal East;Lamlong;24,8225;93,9847;NB;NB;NB;ZERS;IED;;ZIV;UNT;Pharmacy;;;;;;;Pharmacy und umliegende Gebäude zerstört;;;;;;;;
;12/15/21;SATP , thebalochistanpost;https://satp.org/terrorist-activity/pakistan-Dec-2021 , https://thebalochistanpost.net/2021/12/pso-official-abducted-on-his-way-to-quetta/;Naher & Mittlerer Osten;Pakistan;PAK;Sindh;Sukkur ;27.72435;68.82280;NB;NB;NB;ENTF;FW;;SK;MIL;;;;;;;2;;;;;;;;;
;12/16/21;Meir Amit Intelligence and Terrorism Information Center;https://www.terrorism-info.org.il/en/news-of-terrorism-and-the-israeli-palestinian-conflict-december-14-21-2021/;Naher & Mittlerer Osten;Israel;ISR;West Bank;Nablus, Homesh-Shavei Shomron road;32.28750;35.18370;Palestine Islamic Jihad;REMO;REG;TÖT;FW;Hinterhalt;ZIV;PP;Israelisches Fahrzeug;1;2;;;;;;;;;;;;;
;12/16/21;SATP;https://satp.org/terrorist-activity/pakistan-Dec-2021;Naher & Mittlerer Osten;Pakistan;PAK;Tump;Azghandi;26.09694;62.36531;Balochistan Raji Ajoi Sangar;SEP;REG;TÖT;FW;;SK;MIL;;;;;11;;;;;;;;;;;
;12/16/21;Radio Okapi , Actualite;https://www.radiookapi.net/2021/12/17/actualite/securite/ituriun-camion-transportant-plus-de-7-tonnes-de-cacao-incendie-et-des , https://actualite.cd/2021/12/17/rdc-au-moins-huit-morts-dans-des-attaques-de-villages-en-ituri-par-des-rebelles-adf;Afrika;DR Kongo;COD;Ituri;Mambasa, Mahu/Lukaya/Ilimba/Mausi/Mikwata;0,76195;29,16921;ISCAP;REMO;TRANS;TÖT;FW;;ZIV;PP;;23;;;;;;1 Fahrzeug und Kakaospeicher in Brand gesetzt;;;;;;;;
;12/16/21;SATP;https://satp.org/terrorist-activity/pakistan-Dec-2021;Naher & Mittlerer Osten;Pakistan;PAK;Balochistan;Kohlu;29.89758;69.24901;NB;NB;NB;TÖT;IED;;ZIV;PP;;1;2;;;;;;;;;;;;;
;12/16/21;NINA;https://www.ninanews.com/Website/News/Details?key=945171;Naher & Mittlerer Osten;Irak;IRQ;Qadisiyah;International Highway;31.8536; 45.1717;NB;NB;NB;ZERS;IED;;SK;MIL;Int. Koalitionskonvoi;;;;;;;;;;;;;;;
;12/17/21;Meir Amit Intelligence and Terrorism Information Center;https://www.terrorism-info.org.il/en/spotlight-on-global-jihad-december-16-22-2021/;Naher & Mittlerer Osten ;Syrien;SYR;Deir ez-Zor;Al-Mayadin city;35.02337;40.36459;ISIS;REMO;TRANS;VERL;FW;;SK;MIL;Regime forces;;;;;4;;;;;;;;;;
;12/17/21;Meir Amit Intelligence and Terrorism Information Center;https://www.terrorism-info.org.il/en/spotlight-on-global-jihad-december-16-22-2021/;Naher & Mittlerer Osten ;Syrien;SYR;Ar-Raqqa;Ar-Raqqa city;35.97591;39.11749;ISIS;REMO;TRANS;ENTF;FW;;SK;MIL;Regime forces;;;;;;3;;;;;;;;;
;12/17/21;SATP;https://satp.org/terrorist-activity/afghanistan-Dec-2021;Naher & Mittlerer Osten;Afghanistan;AFG ;Kabul;Kabul city, PD4, Parwan-e-She;34,5388;69,1262;NB;NB;NB;VERL;IED;;ZIV;REL;Taliban religious scholar;;1;;;;;;;;;;;;;
;12/17/21;SATP;https://satp.org/terrorist-activity/afghanistan-Dec-2021;Naher & Mittlerer Osten;Afghanistan;AFG ;Farah;Farah city;32,3745;62,0834;NB;NB;NB;TÖT;FW;;ZIV;REL;Talisman;1;;;;;;;;;;;;;;
;12/17/21;NINA;https://www.ninanews.com/Website/News/Details?key=945450;Naher & Mittlerer Osten;Irak;IRQ;Diyala;Miqdadiyah, Imam Safar;33.95091;44.95005;ISIS;REMO;TRANS;VERL;FW;Scharfschützen;SK;POL;;;;;;3;;;;;;;;;;
;12/18/21;Meir Amit Intelligence and Terrorism Information Center;https://www.terrorism-info.org.il/en/spotlight-on-global-jihad-december-16-22-2021/;Naher & Mittlerer Osten ;Syrien;SYR;Aleppo;Manbij, Maskana;35.93367;38.07442;ISIS;REMO;TRANS;TÖT;FW;;SK;MIL;Syrische Soldaten;;;;2;3;;;;;;;;;;
;12/18/21;Zitamar News , ACLED;https://www.zitamar.com/south-african-soldier-killed-in-heavy-clashes-in-cabo-delgados-macomia-district/ , https://www.caboligado.com/reports/cabo-ligado-weekly-13-december-2021-9-january-2022;Afrika;Mosambik;MOZ;Cabo Delgado;Macomia, Chai;-11,93030;40,13170;ISCAP;REMO;TRANS;TÖT;FW;Hinterhalt;SK;MIL;Südafrikanische Spezialeinheiten;;;;1;2;;;;;;;;;;
;12/18/21;SATP , Hasht-e Subh;https://satp.org/terrorist-activity/afghanistan-Dec-2021 , https://8am.media/eng/a-religious-scholar-killed-in-kabul/;Naher & Mittlerer Osten;Afghanistan;AFG ;Kabul;Kabul city, PD17, Kotal-e Khair khanah;34,5728;69,1025;NB;NB;NB;TÖT;FW;;ZIV;REL;Sunni Scholar;1;;;;;;;;;;;;;;
;12/18/21;SATP;https://satp.org/terrorist-activity/afghanistan-Dec-2021;Naher & Mittlerer Osten;Afghanistan;AFG ;Kabul;Kabul city, PD2, Baraki;34,5381;69,1445;NB;NB;NB;TÖT;IED;;ZIV;PP;;1;3;;;;;;;;;;;;;
;12/18/21;SATP;https://satp.org/terrorist-activity/pakistan-Dec-2021;Naher & Mittlerer Osten;Pakistan;PAK;Quetta;Shahrah-e-Iqbal ;30.19685;67.01445;NB;NB;NB;TÖT;IED;;ZIV;PP;;1;11;;;;;;;;;;;;;
;12/18/21;SATP;https://satp.org/terrorist-activity/pakistan-Dec-2021;Naher & Mittlerer Osten;Pakistan;PAK;Model Town ;Dera Ismail Khan ;31.86257;70.90186;NB;NB;NB;TÖT;FW;;ZIV ;GOV;;1;;;;;;;;;;;;;;
;12/18/21;Meir Amit Intelligence and Terrorism Information Center;https://www.terrorism-info.org.il/en/news-of-terrorism-and-the-israeli-palestinian-conflict-december-14-21-2021/;Naher & Mittlerer Osten;Israel;ISR;West Bank;Hebron, Cave of the Patriarchs;31.52472;35.11023;NB;NB;NB;VERL;SON;Messer;ZIV;PP;;;1;;;;;;;;;;;;;
;12/18/21;NINA;https://www.ninanews.com/Website/News/Details?key=945536;Naher & Mittlerer Osten;Irak;IRQ;Diyala;Miqdadiyah, Waqf Basin, Abu Karma;33.90704;44.72431;ISIS;REMO;TRANS;TÖT;FW;;ZIV;KI;Direktor eines Gesundheitzentrums;1;;;;;;Auto verbrannt;;;;;;;;
;12/18/21;NINA;https://www.ninanews.com/Website/News/Details?key=945621;Naher & Mittlerer Osten;Irak;IRQ;Babil;Musayyib, Jurf al-Sakhar;32.9119;44.1644;NB;NB;NB;VERL;IED;;SK;MLZ;PMF;;;;;1;;;;;;;;;;
;12/19/21;Radio Okapi;https://www.radiookapi.net/2021/12/20/actualite/securite/ituri-un-convoi-de-la-monusco-attaque-djugu;Afrika;DR Kongo;COD;Ituri;Djugu, Dhedja;1,83070;30,57180;CODECO;SEP;REG;ZERS;FW;;ZIV;GOV;MONUSCO + Red Cross Konvoi;;;;;;;Kein angegebener Schaden, Konvoi musste umkehren;Keine Personenschäden;;;;;;;
;12/19/21;Vanguard Nigeria , Meir Amit Intelligence and Terrorism Information Center;https://www.vanguardngr.com/2021/12/58-killed-by-bandits-boko-haram-in-kaduna-borno/ , https://www.terrorism-info.org.il/en/spotlight-on-global-jihad-december-23-29-2021/;Afrika;Nigeria;NGA;Borno;Askira Uba, Kilangar;10.70580;12.76258;ISWAP;REMO;TRANS;TÖT;FW;;ZIV;GOV;Dorf;20;4;2;;;;Wohnhäuser und Haus des district head zerstört;"""(…) while several others sustained gunshot injuries (…).""; ""(…) abducted unspecified number of residents (…).""";;;;;;;
;12/19/21;SOS Medias Burundi;https://www.sosmediasburundi.org/2021/12/20/gatumba-au-moins-six-policiers-et-quatre-militaires-tues/;Afrika;Burundi;BDI;Bujumbura Rural;Mutimbuzi, Gatumba;-3,33488;29,25296;RED-Tabara;SEP;REG;TÖT;FW;;SK;MIL;Militär- und Polizeiposten;;;;10;17;;;;;;;;;;
;12/19/21;SATP;https://satp.org/terrorist-activity/afghanistan-Dec-2021;Naher & Mittlerer Osten;Afghanistan;AFG ;Helmand;Marjah, Aftab Pul;31,4582;64,0898;NB;NB;NB;TÖT;RAM;;ZIV;PP;;1;1;;;;;;;;;;;;;
;12/19/21;SATP;https://satp.org/terrorist-activity/pakistan-Dec-2021;Naher & Mittlerer Osten;Pakistan;PAK;Bajaur District;Sur Qamar ;33.81944;71.62333;NB;NB;NB;TÖT;IED;;ZIV;GOV;;2;4;;;;;;;;;;;;;
;12/19/21;NINA;https://www.ninanews.com/Website/News/Details?key=945645;Naher & Mittlerer Osten;Irak;IRQ;Baghdad;Green Zone, Karkh, Grand Festivities Square;33.30559;44.38296;NB;NB;NB;ZERS;RAM;Katyusha Raketen;ZIV;ÖP;;;;;;;;Zwei Autos beschädigt;;;;;;;;
;12/19/21;NINA;https://www.ninanews.com/Website/News/Details?key=945756;Naher & Mittlerer Osten;Irak;IRQ;Anbar;International Highway;33.0421;40.8705;NB;NB;NB;ZERS;IED;;SK;MIL;Int. Koalitionskonvoi;;;;;;;;;;;;;;;
;12/20/21;Radio Okapi;https://www.radiookapi.net/2021/12/20/actualite/securite/beni-une-position-des-fardc-attaquee-par-des-mai-mai-bashu;Afrika;DR Kongo;COD;Nord-Kivu;Beni, Kyondo-Kyavinyonge road;-0,09650;29,49260;Mai-Mai;SEP;REG;TÖT;FW;;SK;MIL;Armeeposition;;;;1;1;;;Kommandant verletzt;;;;;;;
;12/20/21;SATP , 24newshd , apa;https://satp.org/terrorist-activity/pakistan-Dec-2021 , https://www.24newshd.tv/25-Jun-2021/five-fc-soldiers-martyred-in-sibi-ambush , https://apa.az/en/xeber/asia-news/5-soldiers-killed-in-terrorist-attack-in-sw-pakistan-352594;Naher & Mittlerer Osten;Pakistan;PAK;Balochistan;Sibi;29.55320;67.88082;Balochistan Liberation Army ;SEP;REG;TÖT;FW;;SK;MIL;;;;;5;;;;;;;;;;;
;12/20/21;Actualite;https://actualite.cd/2021/12/21/beni-un-mort-dans-une-nouvelle-attaque-pres-de-loselose;Afrika;DR Kongo;COD;Nord-Kivu;Beni, Mabondo;0,43390;29,68100;ISCAP;REMO;TRANS;TÖT;FW;;ZIV;PP;;1;;;;;;;;;;;;;;
;12/20/21;SATP;https://satp.org/terrorist-activity/afghanistan-Dec-2021;Naher & Mittlerer Osten;Afghanistan;AFG ;Kabul;Kabul city, PD13;34,4964;69,0674;NB;NB;NB;TÖT;SON;;ZIV;MEDIA;Journalist;1;;;;;;;;;;;;;;
;12/20/21;SATP;https://satp.org/terrorist-activity/afghanistan-Dec-2021;Naher & Mittlerer Osten;Afghanistan;AFG ;Kabul;Kabul city, PD15, Khairkhaneh;34,5901;69,1423;NB;NB;NB;ZERS;IED;;SK;POL;Taliban;;;;;;;;Keine Personenschäden;;;;;;;
;12/20/21;SATP;https://satp.org/terrorist-activity/afghanistan-Dec-2021;Naher & Mittlerer Osten;Afghanistan;AFG ;Uruzgan;Dehrawood, Lundiana;32,625;65,4553;NB;NB;NB;TÖT;FW;;SK;MIL;Former commander of laser unit;;;;1;;;;;;;;;;;
;12/20/21;SATP;https://satp.org/terrorist-activity/india-Dez-2021;Südostasien;Indien;IND;Poonch;Dogra Tekri;33,5008;74,1786;NB;NB;NB;VERL;IED;Landmine;SK;MLZ;BSF;;;;;1;;;;;;;;;;
;12/20/21;SATP;https://satp.org/terrorist-activity/pakistan-Dec-2021;Naher & Mittlerer Osten;Pakistan;PAK;Kech;Turbat;26.00805;63.03830;NB;NB;NB;TÖT;HGR;;SK;MIL;;;;;4;;;;;;;;;;;
;12/21/21;SATP;https://satp.org/terrorist-activity/india-Dez-2021;Südostasien;Indien;IND;Chhattisgarh;Dantewada;18,8615;81,3726;CPI-M;SOZ;NAT;VERL;IED;;SK;POL;;;;;;1;;;;;;;;;;
;12/21/21;SATP;https://satp.org/terrorist-activity/india-Dez-2021;Südostasien;Indien;IND;West Singhbhum;Chaibasa;22,5479;85,8035;CPI-M;SOZ;NAT;TÖT;FW;;ZIV;PP;;1;;;;;;;;;;;;;;
;12/21/21;SATP;https://satp.org/terrorist-activity/afghanistan-Dec-2021;Naher & Mittlerer Osten;Afghanistan;AFG ;Kunduz;Kunduz city, Pul-e Chahar Dara;36,6175;68,7351;NB;NB;NB;TÖT;SON;;ZIV;PP;;1;;;;;;;;;;;;;;
;12/21/21;SATP;https://satp.org/terrorist-activity/india-Dez-2021;Südostasien;Indien;IND;Jammu and Kashmir;Srinagar;34,0469;74,8009;NB;NB;NB;ZERS;FW;;SK;POL;;;;;;;;;Keine Verletzten;;;;;;;
;12/21/21;Meir Amit Intelligence and Terrorism Information Center;https://www.terrorism-info.org.il/en/news-of-terrorism-and-the-israeli-palestinian-conflict-december-22-28-2021/;Naher & Mittlerer Osten;Israel;ISR;West Bank;Mevo Dotan;32.41921;35.18445;NB;NB;NB;ZERS;SON;Mit Auto gerammt;SK;MIL;Armeeposten;;;;;;;Armeefahrzeug zerstört;Keine Personenschäden;;;;;;;
;12/21/21;NINA;https://www.ninanews.com/Website/News/Details?key=945996;Naher & Mittlerer Osten;Irak;IRQ;Qadisiyah;International Highway;31.9958;45.0426;NB;NB;NB;ZERS;IED;;SK;MIL;Int. Koalitionskonvoi;;;;;;;;;;;;;;;
;12/22/21;SATP;https://satp.org/terrorist-activity/india-Dez-2021;Südostasien;Indien;IND;Bijapur;Kottapalli;18,296;80,827;CPI-M;SOZ;NAT;TÖT;FW;;ZIV;VIP;Sarpanch;1;;;;;;;Zuerst abducted und später getötet;;;;;;;
;12/22/21;SATP;https://satp.org/terrorist-activity/india-Dez-2021;Südostasien;Indien;IND;Bijapur;Murdonda;18,5842;80,7671;CPI-M;SOZ;NAT;ZERS;BRA;;ZIV;UNT;Steinverarbeitung;;;;;;;Drei Fahrzeuge zerstört;;;;;;;;
;12/22/21;RTP News , ACLED;https://www.rtp.pt/noticias/mundo/insurgentes-assassinaram-fiscal-da-reserva-especial-do-niassa-revela-governo_n1372385 , https://www.caboligado.com/reports/cabo-ligado-weekly-13-december-2021-9-january-2022 , https://www.caboligado.com/reports/cabo-ligado-weekly-10-16-january-2022;Afrika;Mosambik;MOZ;Niassa;Mecula, Naulala;-11,75776;39,05906;ISCAP;REMO;TRANS;TÖT;FW;;ZIV;GOV;Inspektor von Nationalpark;5;;5;;;;1 Fahrzeug des Nationalparks und 1 Polizeitruck in Brand gesetzt;"""(…) kidnapped an unknown number of civilians (…).""; 2 der Geiseln wurden freigelassen";;;;;;;
;12/22/21;SATP;https://satp.org/terrorist-activity/afghanistan-Dec-2021;Naher & Mittlerer Osten;Afghanistan;AFG ;Nangarhar;Ghani Khel;34,5166;70,15;ISKP;REMO;TRANS;TÖT;FW;;SK;POL;Taliban personnel;;;;4;;;;;;;;;;;
;12/22/21;SATP;https://satp.org/terrorist-activity/india-Dez-2021;Südostasien;Indien;IND;Srinagar;Mirjanpora;34,0978;74,7956;NB;NB;NB;TÖT;FW;;ZIV;PP;;1;;;;;;;;;;;;;;
;12/22/21;SATP;https://satp.org/terrorist-activity/india-Dez-2021;Südostasien;Indien;IND;Anantnag;Bijbhera;33,7924;75,1039;NB;NB;NB;TÖT;FW;;ZIV;PP;;1;;;;;;;;;;;;;;
;12/22/21;Crisis Group;https://www.crisisgroup.org/crisiswatch/database?location%5B0%5D=27&crisis_state=&created=custom&from_month=1&from_year=2021&to_month=12&to_year=2021&page=0;Afrika;Niger;NER;Tillaberi;Say, Torodi, Makalondi;12.83534;1.68697;NB;NB;NB;TÖT;FW;;SK;MIL;Grenzposten, Brücke;;;;7;;;;;;;;;;;
;12/22/21;NINA;https://www.ninanews.com/Website/News/Details?key=946172;Naher & Mittlerer Osten;Irak;IRQ;Babil;International Highway;32.4970;44.6265;NB;NB;NB;ZERS;IED;;SK;MIL;Int. Koalitionskonvoi;;;;;;;;;;;;;;;
;12/22/21;NINA;https://www.ninanews.com/Website/News/Details?key=946363;Naher & Mittlerer Osten;Irak;IRQ;Muthanna;International Highway;31.56680;45.48480;NB;NB;NB;ZERS;IED;;SK;MIL;Int. Koalitionskonvoi;;;;;;;;;;;;;;;
;12/22/21;NINA;https://www.ninanews.com/Website/News/Details?key=946363;Naher & Mittlerer Osten;Irak;IRQ;Baghdad;Mahmoudiya, Latifiyah, International Highway;32.95020;44.47300;NB;NB;NB;ZERS;IED;;SK;MIL;Int. Koalitionskonvoi;;;;;;;;;;;;;;;
;12/23/21;Radio Okapi;https://www.radiookapi.net/2021/12/23/actualite/securite/ituri-26-personnes-tuees-lidjo-par-des-miliciens-de-la-codeco;Afrika;DR Kongo;COD;Ituri;Djugu, Lodjo, Matalatala/Maporo Bergbaustandorte;2,07325;30,01333;CODECO;SEP;REG;TÖT;FW;;ZIV;UNT;Goldmine;7;;;;;;;;;;;;;;
;12/23/21;U.S. Dept. of State , Voice of America;https://www.state.gov/reports/country-reports-on-terrorism-2021/nigeria/ , https://www.voanews.com/a/nigeria-maiduguri-blasts/6366875.html;Afrika;Nigeria;NGA;Borno;Maiduguri, Maiduguri Airport;11.85425;13.08420;ISWAP;REMO;TRANS;TÖT;RAM;Raketen;ZIV;GOV;Präsident;5;8;;;;;;;;;;;;;
;12/23/21;SATP;https://satp.org/terrorist-activity/india-Dez-2021;Südostasien;Indien;IND;Lohardaga;Dundru;23,4686;84,4775;CPI-M;SOZ;NAT;TÖT;IED;Landmine;SK;POL;;1;;;;;;;;;;;;;;
;12/23/21;SATP;https://satp.org/terrorist-activity/india-Dez-2021;Südostasien;Indien;IND;Munger;Mathura;25,1039;86,653;CPI-M;SOZ;NAT;TÖT;SON;Exekution;ZIV;GOV;;1;;;;;;;;;;;;;;
;12/23/21;U.S. Dept. of State , Aljazeera;https://www.state.gov/reports/country-reports-on-terrorism-2021/burkina-faso/ , https://www.aljazeera.com/news/2021/12/26/burkina-faso-declares-national-mourning-after-41-killed-in-attack;Afrika;Burkina Faso;BFA;Nord;Yatenga, Quahigouya;13,55824;-2,38526;NB;NB;NB;TÖT;FW;;SK;MLZ;Konvoy mit Anführer der VDP;;;;41;;;;;;;;;;;
;12/23/21;SATP;https://satp.org/terrorist-activity/afghanistan-Dec-2021;Naher & Mittlerer Osten;Afghanistan;AFG ;Nangarhar;Ghani Khel;34,5166;70,15;NB;NB;NB;TÖT;FW;;ZIV;EDU;head of high school, social activist;1;;;;;;;;;;;;;;
;12/23/21;SATP;https://satp.org/terrorist-activity/india-Dez-2021;Südostasien;Indien;IND;Punjab;Ludhiana;30,9003;75,8353;NB;NB;NB;VERL;IED;;ZIV;ÖP;Gerichtsgebäude;;5;;;1;;;;;;;;;;
;12/23/21;SATP;https://satp.org/terrorist-activity/pakistan-Dec-2021;Naher & Mittlerer Osten;Pakistan;PAK;Peshawar;Old Bara ;33.98653;71.51300;NB;NB;NB;TÖT;FW;;SK;POL;;;;;1;;;;;;;;;;;
;12/23/21;SATP;https://satp.org/terrorist-activity/pakistan-Dec-2021;Naher & Mittlerer Osten;Pakistan;PAK;Khuzdar;Wadh bazaar ;27.33569;66.37124;NB;NB;NB;VERL;IED;;ZIV;PP;;;3;;;;;;;;;;;;;
;12/23/21;NINA;https://www.ninanews.com/Website/News/Details?key=946599;Naher & Mittlerer Osten;Irak;IRQ;Kirkuk;Kirkuk;35.39129;44.38339;ISIS;REMO;TRANS;TÖT;FW;;ZIV;PP;"Mitglied der Gruppe ""Menschen vom 1. Juni""";1;;;;;;;;;;;;;;
;12/23/21;NINA;https://www.ninanews.com/Website/News/Details?key=946512;Naher & Mittlerer Osten;Irak;IRQ;Saladin;Balad, International Highway;33.98543;44.10659;NB;NB;NB;ZERS;IED;;SK;MIL;Int. Koalitionskonvoi;;;;;;;;;;;;;;;
;12/23/21;NINA;https://www.ninanews.com/Website/News/Details?key=946578;Naher & Mittlerer Osten;Irak;IRQ;Diyala;Khalis, Salam, Washa;33.98920;44.80242;NB;NB;NB;TÖT;FW;;ZIV;PP;;1;1;;;;;;;;;;;;;
;12/24/21;DW;https://www.dw.com/en/saudi-arabia-houthi-attack-kills-2-in-jizan/a-60254504;Naher & Mittlerer Osten ;Saudi-Arabien;SAU;Jazan;Jazan city;16.89252;42.57607;Houthi;REMO;TRANS;TÖT;RAM;Militärisches Geschoss;ZIV;ÖP;Geschäft an Hauptstraße;2;7;;;;;;;;;;;;;
;12/24/21;Crisis Group , Reuters;https://www.crisisgroup.org/crisiswatch/database?location%5B0%5D=89&crisis_state=&created=custom&from_month=1&from_year=2021&to_month=12&to_year=2021&page=0 , https://www.reuters.com/world/middle-east/saudi-led-coalition-says-hostile-projectile-hits-jazan-state-media-2021-12-24/;Naher & Mittlerer Osten ;Saudi-Arabien;SAU;Najran;Najran city;17.57190;44.24731;Houthi;REMO;TRANS;ZERS;RAM;Projektil;ZIV;ÖP;Stadt;;;;;;;Materialschaden;;;;;;;;
;12/24/21;SATP;https://satp.org/terrorist-activity/pakistan-Dec-2021;Naher & Mittlerer Osten;Pakistan;PAK;Balochistan;Kech;26.15605;63.01475;NB;NB;NB;TÖT;FW;;SK;MIL;;;;;2;;;;;;;;;;;
;12/25/21;Radio Okapi , BBC , Actualite;https://www.radiookapi.net/2021/12/26/actualite/securite/beni-6-morts-dans-lexplosion-dune-bombe-pres-dun-bar , https://www.bbc.com/news/world-africa-59792840 , https://actualite.cd/2021/12/26/rdc-beni-le-bilan-de-lattaque-la-bombe-revu-la-hausse-apres-le-deces-de-deux-blesses;Afrika;DR Kongo ;COD;Nord-Kivu;Beni city, In Box Bar;0,49916;29,46320;ISCAP;REMO;TRANS;TÖT;IED;Selbstmordanschlag;ZIV ;ÖP;Militär-Offizier, Restaurant;6;16;;1;2;;Schaden von Druckwelle;;;;;;;;
;12/25/21;SATP;https://satp.org/terrorist-activity/afghanistan-Dec-2021;Naher & Mittlerer Osten;Afghanistan;AFG ;Paktia;Gardez;33,6013;69,2304;NB;NB;NB;TÖT;FW;;ZIV;PP;;1;;;;;;;;;;;;;;
;12/25/21;SATP , thepakistandaily;https://satp.org/terrorist-activity/pakistan-Dec-2021 , https://thepakistandaily.com/senior-ppp-leader-sardar-najeeb-shot-dead-in-south-waziristan/?utm_source=rss&utm_medium=rss&utm_campaign=senior-ppp-leader-sardar-najeeb-shot-dead-in-south-waziristan;Naher & Mittlerer Osten;Pakistan;PAK;Waziristan;Sararogha;32.47423;70.00267;NB;NB;NB;TÖT;FW;;ZIV;GOV;;1;;;;;;;;;;;;;;
;12/25/21;SATP;https://satp.org/terrorist-activity/pakistan-Dec-2021;Naher & Mittlerer Osten;Pakistan;PAK;Waziristan;Shewa;34.25295;72.34887;NB;NB;NB;TÖT;FW;;SK;MIL;;;;;1;;;;;;;;;;;
;12/25/21;Hiiraan Online;https://www.hiiraan.com/news4/2021/Dec/184935/senior_security_official_among_4_killed_in_somali_capital_blast.aspx?utm_source=hiiraan&utm_medium=SomaliNewsUpdateFront;Afrika;Somalia;SOM;Mogadishu;Daynile;2.05761;45.28547;Al-Shabaab;REMO;NAT;TÖT;IED;;SK;POL;Polizeistation;;;;4;3;;;;;;;;;;
;12/26/21;SATP;https://satp.org/terrorist-activity/afghanistan-Dec-2021;Naher & Mittlerer Osten;Afghanistan;AFG ;Paktika;Sharana, Madatkhel;33,1751;68,7848;NB;NB;NB;TÖT;FW;;ZIV;PP;;1;;;;;;;;;;;;;;
;12/26/21;SATP;https://satp.org/terrorist-activity/afghanistan-Dec-2021;Naher & Mittlerer Osten;Afghanistan;AFG ;Kandahar;Kandahar city, PD1, Shi'ite Imam Ali Mosque;31,6149;65,7382;NB;NB;NB;TÖT;SON;;ZIV;REL;Shiiische mosque, shiitischer Imam;;4;;;;;;;;;;;;;
;12/26/21;SATP;https://satp.org/terrorist-activity/india-Dez-2021;Südostasien;Indien;IND;Pulwama;Pulwama;33,8714;74,8972;NB;NB;NB;VERL;HGR;;SK;POL;;;;;;2;;;;;;;;;;
;12/26/21;SATP;https://satp.org/terrorist-activity/pakistan-Dec-2021;Naher & Mittlerer Osten;Pakistan;PAK;Dera Ismail Khan ;Kulachi tehsil ;31.78708;70.33606;NB;NB;NB;TÖT;IED;;SK;MIL;;;;;1;3;;;;;;;;;;
;12/26/21;NINA;https://www.ninanews.com/Website/News/Details?key=946927;Naher & Mittlerer Osten;Irak;IRQ;Babil/Qadisiyah;International Highway;32.25825;44.93769;NB;NB;NB;ZERS;IED;;SK;MIL;Int. Koalitionskonvoi;;;;;;;;;;;;;;;
;12/26/21;NINA;https://www.ninanews.com/Website/News/Details?key=946960;Naher & Mittlerer Osten;Irak;IRQ;Anbar;International Highway;33.17460;41.69480;NB;NB;NB;ZERS;IED;;SK;MIL;Int. Koalitionskonvoi;;;;;;;;;;;;;;;
;12/27/21;SATP;https://satp.org/terrorist-activity/afghanistan-Dec-2021;Naher & Mittlerer Osten;Afghanistan;AFG ;Kabul;Kabul city, PD4, Gul Surkh;34,5556;69,1523;NB;NB;NB;VERL;IED;;SK;MIL;Soldiers of IEA;;;;;2;;;;;;;;;;
;12/27/21;SATP;https://satp.org/terrorist-activity/afghanistan-Dec-2021;Naher & Mittlerer Osten;Afghanistan;AFG ;Kunduz;Kunduz city, Charmgari;36,1068;68,8739;NB;NB;NB;TÖT;FW;;SK;GD;intelligence official;;;;1;;;;;;;;;;;
;12/27/21;Carta de Mocambique , ACLED;https://cartamz.com/index.php/politica/item/9627-terroristas-matam-cinco-pessoas-em-mecula , https://www.caboligado.com/reports/cabo-ligado-weekly-13-december-2021-9-january-2022;Afrika;Mosambik;MOZ;Niassa;Mecula, Alassima;-12,07630;37,91040;NB;REMO;REG;TÖT;FW;;ZIV;PP;;5;;7;;;;Mehrere Häuser in Brand gesetzt;4 der Entführten später freigelassen;;;;;;;
;12/27/21;SATP;https://satp.org/terrorist-activity/india-Dez-2021;Südostasien;Indien;IND;Anantnag;Arwani;33,7794;75,066;NB;NB;NB;ZERS;HGR;;SK;MLZ;CRPF;;;;;;;Keine Schäden;Keine Personenschäden;;;;;;;
;12/27/21;NINA;https://www.ninanews.com/Website/News/Details?key=947260;Naher & Mittlerer Osten;Irak;IRQ;Saladin;Al-Siniyah Island;35.13090;43.45610;ISIS;REMO;TRANS;ENTF;FW;;SK;MLZ;Angriff auf Stellung der PMF;;;;;;;;;;;;;;;
;12/27/21;NINA;https://www.ninanews.com/Website/News/Details?key=947263;Naher & Mittlerer Osten;Irak;IRQ;Kirkuk;Kirkuk, Taza, Dogshman;35.21842;44.18289;ISIS;REMO;TRANS;ENTF;FW;;ZIV;PP;;;;1;;;;;;;;;;;;
;12/27/21;NINA;https://www.ninanews.com/Website/News/Details?key=947045;Naher & Mittlerer Osten;Irak;IRQ;Qadisiyah;International Highway;31.97430;45.04944;NB;NB;NB;ZERS;IED;;SK;MIL;Int. Koalitionskonvoi;;;;;;;;;;;;;;;
;12/28/21;SATP;https://satp.org/terrorist-activity/india-Dez-2021;Südostasien;Indien;IND;West Singhbhum;Ambrai Paluhasa (Goilkera);22,5059;85,3767;CPI-M;SOZ;NAT;TÖT;FW;;ZIV;GOV;Angebl. Informant;1;;;;;;Excavator angezündet;;;;;;;;
;12/28/21;SATP;https://satp.org/terrorist-activity/india-Dez-2021;Südostasien;Indien;IND;Narayanpur;Khodgaon (Bharanda);19,7483;81,2143;CPI-M;SOZ;NAT;VERL;IED;;ZIV;UNT;Stahlwerk;;2;;;;;Pumpengebäude beschädigt;;;;;;;;
;12/28/21;SATP;https://satp.org/terrorist-activity/afghanistan-Dec-2021;Naher & Mittlerer Osten;Afghanistan;AFG ;Kabul;Kabul city, PD10, Arya;34,5563;69,1834;NB;NB;NB;ZERS;IED;;SK;POL;Taliban members;;;;;;;;Keine Personenschäden;;;;;;;
;12/28/21;SATP;https://satp.org/terrorist-activity/pakistan-Dec-2021;Naher & Mittlerer Osten;Pakistan;PAK;Mirali tehsil ;Mamma Khel ;33.78551;72.13420;NB;NB;NB;TÖT;IED;;ZIV;ÖP;;1;2;;;;;;;;;;;;;
;12/28/21;SATP;https://satp.org/terrorist-activity/pakistan-Dec-2021;Naher & Mittlerer Osten;Pakistan;PAK;Lahore;Muslim Town ;31.51936;74.32282;NB;NB;NB;ZERS;FW;;ZIV ;GOV;;;;;;;;;;;;;;;;
;12/29/21;SATP;https://satp.org/terrorist-activity/pakistan-Dec-2021;Naher & Mittlerer Osten;Pakistan;PAK;Kech;Turbat;26.00805;63.03830;NB;NB;NB;TÖT;FW;;SK;POL;;;;;2;;;;;;;;;;;
;12/29/21;SATP;https://satp.org/terrorist-activity/india-Dez-2021;Südostasien;Indien;IND;Imphal;Telipati;24,8141;93,9534;NB;NB;NB;ZERS;IED;;ZIV;UNT;"""godown""";;;;;;;Front gate beschädigt;Keine Verletzten;;;;;;;
;12/29/21;Nation Thailand;https://www.nationthailand.com/in-focus/national/40010567;Südostasien;Thailand;THA;Narathiwat;Rueso, Ban Ba Le;6.36490;101.50929;NB;SEP;REG;ZERS;IED;;SK;MIL;Special Forces Command Centre;;;;;;;Base damaged;Keine Personenschäden;;;;;;;
;12/29/21;Al Jazeera;https://www.aljazeera.com/news/2021/12/30/four-soldiers-killed-in-mali-attack-army-says;Afrika;Mali;MLI;Koulikoro;Nara town;15.17125;-7.28887;NB;NB;NB;TÖT;IED;Hinterhalt, IED und schwere Waffen;SK;MIL;Militär Patrouille;;;;8;7;;;;;;;;;;
;12/29/21;Meir Amit Intelligence and Terrorism Information Center;https://www.terrorism-info.org.il/en/news-of-terrorism-and-the-israeli-palestinian-conflict-december-312021-january-4-2022/;Naher & Mittlerer Osten;Israel;ISR;South;Gaza Strip border;31.45899;34.46263;NB;NB;NB;VERL;FW;Scharfschütze;ZIV;PP;;;1;;;;;;;;;;;;;
;12/29/21;NINA;https://www.ninanews.com/Website/News/Details?key=947685;Naher & Mittlerer Osten;Irak;IRQ;Diyala;Baquba, Abbara, Zaghiniyat;33.86500;44.68449;ISIS;REMO;TRANS;VERL;FW;;SK;POL;;;;;;2;;;;;;;;;;
;12/29/21;NINA;https://www.ninanews.com/Website/News/Details?key=947548;Naher & Mittlerer Osten;Irak;IRQ;Basra;Shatt Al-Arab;30.48150;47.97350;NB;NB;NB;ZERS;IED;;ZIV;UNT;Fleischerladen;;;;;;;Laden beschädigt;Keine Personenschäden;;;;;;;
;12/29/21;NINA;https://www.ninanews.com/Website/News/Details?key=947601;Naher & Mittlerer Osten;Irak;IRQ;Diyala;Miqdadiyah, Miqdadiyah Hospital;33.97767;44.93325;NB;NB;NB;TÖT;FW;;SK;POL;;;;;1;;;;;;;;;;;
;12/29/21;NINA;https://www.ninanews.com/Website/News/Details?key=947625;Naher & Mittlerer Osten;Irak;IRQ;Diyala;Miqdadiyah, Abi Sayda, Zuhayrat;33.94934;44.79469;NB;NB;NB;TÖT;FW;;ZIV;PP;;1;;;;;;;;;;;;;;
;12/29/21;NINA;https://www.ninanews.com/Website/News/Details?key=947662;Naher & Mittlerer Osten;Irak;IRQ;Anbar;International Highway;33.17460;41.69480;NB;NB;NB;ZERS;IED;;SK;MIL;Int. Koalitionskonvoi;;;;;;;;;;;;;;;
;12/30/21;Actualite;https://actualite.cd/2021/12/31/est-de-rdc-trois-policiers-tues-dans-lattaque-dune-milice;Afrika;DR Kongo ;COD;Sud-Kivu;Fizi, Kalimbi;-3.87162;28.93438;Mai-Mai;SEP;REG;TÖT;FW;;SK;POL;Polizeiposten;;;;3;3;3;;"""(…) while others are missing.""";;;;;;;
;12/30/21;SATP;https://satp.org/terrorist-activity/pakistan-Dec-2021;Naher & Mittlerer Osten;Pakistan;PAK;Quetta;Jinnah Road ;24.86096;67.01795;NB;NB;NB;TÖT;IED;;ZIV;ÖP;;6;15;;;;;;;;;;;;;
;12/30/21;U.S. Dept. of State , motorsport , Al Mayadeen;https://www.state.gov/reports/country-reports-on-terrorism-2021/saudi-arabia#:~:text=Significant%20cross%2Dborder%20incidents%20in,caused%20damage%20to%20several%20buildings. , https://www.motorsport.com/dakar/news/dakar-issues-warning-alert-after-car-explosion-in-jeddah/7051908/ , https://english.almayadeen.net/news/sports/saudi-arabia:-rally-dakar-vehicle-blast-caused-by-improvised#;Naher & Mittlerer Osten ;Saudi-Arabien;SAU;Makkah;Jeddah, Donatello Hotel;21.66575;39.20470;NB;NB;NB;VERL;IED;Autobombe;ZIV;VIP;"Auto der Dakar-Rally beschädigt; an Bord war Philippe Boutron, Rennfahrer und Präsident eines französischen Fußball-Zweitligisten";;1;;;;;;Saudische Behörden sagen Unfall, Französische Anti-Terror-Ermittler haben Hinweise auf IED gefunden;;;;;;;
;12/30/21;NINA;https://www.ninanews.com/Website/News/Details?key=947918;Naher & Mittlerer Osten;Irak;IRQ;Nineveh;Mosul, Muthanna;36.37188;43.17438;NB;NB;NB;TÖT;FW;;ZIV;PP;;1;;;;;;;;;;;;;;
;12/31/21;ACLED;https://www.caboligado.com/reports/cabo-ligado-weekly-13-december-2021-9-january-2022;Afrika;Mosambik;MOZ;Cabo Delgado;Macomia, Olumboa;-12,23700;40,49310;NB;REMO;REG;TÖT;FW;;ZIV;PP;Fischer;1;;;;;;;;;;;;;;
;12/31/21;SATP;https://satp.org/terrorist-activity/pakistan-Dec-2021;Naher & Mittlerer Osten;Pakistan;PAK;Lahore;Mohni Road ;31.58248;74.30247;NB;NB;NB;VERL;FW;;ZIV;GOV;;;1;;;;;;;;;;;;;
;12/31/21;SATP;https://satp.org/terrorist-activity/pakistan-Dec-2021;Naher & Mittlerer Osten;Pakistan;PAK;Karachi;Soldier Bazaar ;24.87683;67.03305;NB;NB;NB;TÖT;FW;;SK;POL;;1;;;1;;;;;;;;;;;

;datum;quelle;quelle_url;region;land;ISO_3_Code;ort;ort_detail;lat_dez;lon_dez;terroristische_gruppe;motiv;dimension;art;mittel;KOM_TAKTIK;ziel;ziel_detail;KOM_ZIEL;tote_ziv;verl_ziv;entf_ziv;tote_sk;verl_sk;entf_sk;KOM_SACHSCHÄDEN;KOM_SONSTIGES;;;;;;;
Gelöscht, quelle zu anderem anschlag hinzugefügt;2/13/21;der Standard;https://www.derstandard.de/story/2000124151404/fuenf-getoetete-und-zwoelf-verletzte-polizisten-in-afghanistan;Naher & Mittlerer Osten;Afghanistan;AFG;Kandahar;Kunar;;;Taliban;REMO;TRANS;TÖT;IED;Autobombe;SK;MIL;Kontrollpunkt;;;;5;12;;;;;;;;;;
Gelöscht, kein Terroranschlag;4/2/21;Spiegel;https://www.spiegel.de/ausland/tunesien-extremistin-toetet-sich-und-ihr-baby-a-b8663fa0-921f-4014-a939-e0b42683e7e1;Afrika;Tunesien;TUN;Grenzregion zu Algerien;;;;NB;NB;NB;TÖT;IED;Selbstmordattentäter;SK;MIL;;2;;;;;;;;;;;;;;
Gelöscht;1/1/21;colombiareports;https://colombiareports.com/painful-start-of-2021-for-colombias-former-farc-guerrillas/;Lateinamerika;Kolumbien;COL;Antioquia;Anori;7,073590;-75,14690;NB;NB;NB;TÖT;FW;;ZIV;PP;Yolanda und Reina Zabala, zwei ehemalige FARC Guerillas welche an einem Friendensprogramm teilnahmen, wurden ermordet. Wird dies in die Statistik aufgenommen?;2;;;;;;;;;;;;;;
Gelöscht, kein Terroranschlag;1/2/21;NINA;https://www.ninanews.com/Website/News/Details?key=879664;Naher & Mittlerer Osten;Irak;IRQ;Maysan;Grenzgebiet Al-Tayeb;;;NB;NB;NB;TÖT;IED;Mine;ZIV;PP;;2;1;;;;;;Kriegsüberreste;;;;;;;
Gelöscht;1/2/21;colombiareports;"https://colombiareports.com/painful-start-of-2021-for-colombias-former-farc-guerrillas/ ; https://www.elespectador.com/judicial/nuevo-asesinato-de-exguerrillero-en-proceso-de-reincorporacion-en-caqueta-article/";Lateinamerika;Kolumbien;COL;Caqueta;Cartagena de Chaira;1,33384;-74,8434;NB;NB;NB;TÖT;FW;;ZIV;PP;Duvan Arled Galindez, ein ehemaliger FARC Guerilla welche an einem Friendensprogramm teilnahm, wurde ermordet. Wird dies in die Statistik aufgenommen?;1;;;;;;;;;;;;;;
Gelöscht;3/22/21;RND;https://www.rnd.de/panorama/funf-tote-bei-explosion-eines-sprengsatzes-in-sudchina-4YLJ3FX5SO2UCLBLT6X2QBQIRI.html;Südostasien;China;CHN;Guangzhou;Mingjing ;22.760;114.313;NB;NB;NB;TÖT;IED;;ZIV;GOV;;4;5;;;;;;;;;;;;;
Gelöscht;6/17/21;DW;https://www.dw.com/de/erneut-journalisten-in-mexiko-get%C3%B6tet/a-57945860;Lateinamerika;Mexiko;MEX;Oaxaca;Straße;15.89;-96.46;NB;NB;NB;TÖT;FW;;ZIV;MEDIA;Lokaljournalist;1;;;;;;;;;;;;;;
Gelöscht;7/7/21;FAZ;https://www.faz.net/aktuell/politik/ausland/haiti-tote-und-festnahmen-nach-praesidentenmord-17427458.html;Lateinamerika;Haiti;HTI;Port-au-Prince;Präsidentenresidenz;18.504;-72.315;NB;NB;NB;TÖT;FW;;ZIV;GOV;Präsident Haitis;1;1;;;;;;Ehefrau des Präsidenten wurde verletzt;;;;;;;
;;;;;;;;;;;;;;;;;;;;;;;;;;;;;;;;;;
;;;;;;;;;;;;;;;;;;;;;;;;;;;;;;;;;;
;8/22/21;U.S. Dept. of State;https://www.state.gov/reports/country-reports-on-terrorism-2021/lebanon;Naher & Mittlerer Osten;Libanon;LBN;North Governorate;Tripoli;34.43381;35.83809;ISIS;REMO;TRANS;TÖT;FW;;SK;MIL;Ehem. LAF officer;1;;;;;;;;;;;;;;
;;;;;;;;;;;;;;;;;;;;;;;;;;;;;;;;;;
;;;;;;;;;;;;;;;;;;;;;;;;;;;;;;;;;;
;;;;;;;;;;;;;;;;;;;;;;;;;;;;;;;;;;
;1/2/21;NINA;https://www.ninanews.com/Website/News/Details?key=879624;Naher & Mittlerer Osten;Irak;IRQ;Sinjar;Tal Banat Complex;;;ISIS;REMO;TRANS;TÖT;IED;Vergrabene Bombe;ZIV;PP;Überreste einer vergrabenen Bombe, auf die ein Zivilist gestoßen war ;1;;;;;;;;;;;;;;
;1/17/21;NINA;"https://www.ninanews.com/Website/News/Details?key=882378 ; https://www.ninanews.com/Website/News/Details?key=882378";Naher & Mittlerer Osten;Irak;IRQ;Tal Afar;Al-Sharaea;;;NB;NB;NB;TÖT;IED;;SK;MIL;;;;;4;;;;Kriegsüberreste;;;;;;;
;1/27/21;NINA;https://www.ninanews.com/Website/News/Details?key=884376;Naher & Mittlerer Osten;Irak ;IRQ;Najaf ;in der Nähe einer Mülldeponie;;;NB;NB;NB;TÖT;IED;;ZIV;PP;;1;2;;;;;;Kriegsüberreste;;;;;;;
;;;;;;;;;;;;;;;;;;;;;;;;;;;;;;;;;;
;4/17/21;NINA;https://www.ninanews.com/Website/News/Details?key=899521;Naher & Mittlerer Osten;Irak;IRQ;Kirkuk;Bay Hassan fields;;;ISIS;REMO;TRANS;ZERS;IED;;ZIV;KI;Ölfelder;;;;;;;Ölfelder sabotiert;;;;;;;;
;4/17/21;NINA;https://www.ninanews.com/Website/News/Details?key=899642;Naher & Mittlerer Osten;Irak;IRQ;Kirkuk ;Albu Shehab;;;ISIS;REMO;TRANS;ZERS;RAM;Mörser;SK;MLZ;Dorf;;;;;;;keine Schäden;;;;;;;;
von nichts zu VERL, von 0 zu 2;7/5/21;NINA;https://www.ninanews.com/Website/News/Details?key=913841;Naher & Mittlerer Osten;Irak;IRQ;Anbar ;Akashat ;;;NB;NB;NB;VERL;FW;;SK;MLZ;PMF, Patrouillie;;;;;2;;;"""There were casualties""";;;;;;;
;7/6/21;NINA;https://www.ninanews.com/Website/News/Details?key=914037;Naher & Mittlerer Osten;Irak;IRQ;Kirkuk ;;;;NB;NB;NB;ZERS;RAM;Katyusha Rakete;ZIV;KI;Northwest Gas Company;;;;;;;keine Schäden;;;;;;;;
von 0,0 auf 3,3;7/21/21;NINA;https://www.ninanews.com/Website/News/Details?key=916903;Naher & Mittlerer Osten;Irak;IRQ;Salah Al-Din;Mutaibija;;;ISIS;REMO;TRANS;TÖT;FW;Angriff auf Truppen;SK;MIL;;;;;3;3;;;"""the death and injury of a number of members of the armed forces""";;;;;;;
;7/31/21;NINA;https://www.ninanews.com/Website/News/Details?key=918688;Naher & Mittlerer Osten;Irak;IRQ;Salah Al-Din;Al-Zarka;;;NB;NB;NB;TÖT;IED;Bombe am Straßenrand;SK;MLZ;PMF;;;;3;3;;;"""the matyrdom and wounding of a number of PMF""";;;;;;;
;8/2/21;NINA;https://www.ninanews.com/Website/News/Details?key=919069;Naher & Mittlerer Osten;Irak;IRQ;Salah Al-Din;Al-Dhuluiya;;;ISIS;REMO;TRANS;TÖT;FW;;ZIV;PP;;;;;3;3;;;"""the death and injury of a number of citizens""";;;;;;;
;8/9/21;NINA;https://www.ninanews.com/Website/News/Details?key=920394;Naher & Mittlerer Osten;Irak;IRQ;Kirkuk;Al-Khazir;;;ISIS;REMO;TRANS;TÖT;FW;;ZIV;KI;Brunnenbauer;1;;;;;;;;;;;;;;
;9/5/21;NINA;"https://www.ninanews.com/Website/News/Details?key=925666 ; https://www.ninanews.com/Website/News/Details?key=925669";Naher & Mittlerer Osten;Irak;IRQ;Babylon;Jurf Al-Nasr;;;NB;NB;NB;TÖT;IED;;SK;MLZ;"PMF Patrouille; Offizier der PMF";;;;1;3;;;"""A number of PMF were injured""";;;;;;;
ZIV,PP zu SK,POL;10/3/21;NINA;"https://www.ninanews.com/Website/News/Details?key=930529 ; https://www.ninanews.com/Website/News/Details?key=930568";Naher & Mittlerer Osten;Irak;IRQ;Ramadi;Anbar Police Command;;;NB;NB;NB;ZERS;IED;Selbstmordanschlag mit Autobombe;SK;POL;Polizeidirektion;;;;;;;keine Schäden;"keine Opfer; Terrorist sah sich gezwungen, frühzeitig die Sprengung auszulösen";;;;;;;
FW zu RAM;11/3/21;NINA;https://www.ninanews.com/Website/News/Details?key=937010;Naher & Mittlerer Osten;Irak;IRQ;Kirkuk;Al-Sus/Wadi Al-Shay;;;ISIS;REMO;TRANS;ZERS;RAM;Feuerwaffen und Mörser;SK;POL;POL und PMF;;;;;;;;keine Opfer;;;;;;;
VERL zu TÖT, 0,4 zu 1,3;11/27/21;NINA;"https://www.ninanews.com/Website/News/Details?key=941540 ; https://www.ninanews.com/Website/News/Details?key=941944";Naher & Mittlerer Osten;Irak;IRQ;Diyala ;Kifri ;;;ISIS;REMO;TRANS;TÖT;FW;;SK;MIL;Checkpoint der Peschmerga;;;;1;3;;;;;;;;;;
ÖP zu PP;12/5/21;NINA;https://www.ninanews.com/Website/News/Details?key=943087;Naher & Mittlerer Osten;Irak;IRQ;Kirkuk;Lahiban;;;ISIS;REMO;TRANS;ZERS;BRA;;ZIV;PP;Leere Wohnhäuser;;;;;;;Häuser in Brand gesteckt;;;;;;;;
FW zu SON, VIP zu GOV;12/29/21;NINA;https://www.ninanews.com/Website/News/Details?key=947488;Naher & Mittlerer Osten;Irak;IRQ;Diyala;;;;ISIS;REMO;TRANS;TÖT;SON;Geköpft;ZIV;GOV;Director of Adhamiya Passports;1;;;;;;;14 Tage zuvor in Diyala entführt;;;;;;;
;;;;;;;;;;;;;;;;;;;;;;;;;;;;;;;;;;
;;;;;;;;;;;;;;;;;;;;;;;;;;;;;;;;;;
;;;;;;;;;;;;;;;;;;;;;;;;;;;;;;;;;;
;;;;;;;;;;;;;;;;;;;;;;;;;;;;;;;;;;
;;;;;;;;;;;;;;;;;;;;;;;;;;;;;;;;;;
;;;;;;;;;;;;;;;;;;;;;;;;;;;;;;;;;;
;;;;;;;;;;;;;;;;;;;;;;;;;;;;;;;;;;
;;;;;;;;;;;;;;;;;;;;;;;;;;;;;;;;;;
;;;;;;;;;;;;;;;;;;;;;;;;;;;;;;;;;;
;;;;;;;;;;;;;;;;;;;;;;;;;;;;;;;;;;
;;;;;;;;;;;;;;;;;;;;;;;;;;;;;;;;;;
;;;;;;;;;;;;;;;;;;;;;;;;;;;;;;;;;;
;;;;;;;;;;;;;;;;;;;;;;;;;;;;;;;;;;
;1/24/21;NINA;https://www.ninanews.com/Website/News/Details?key=883714;Naher & Mittlerer Osten;Irak;IRQ;Hatra;Südlich von Nineveh;;;ISIS;REMO;TRANS;ZERS;FW;;SK;MLZ;"PMF Brigade ""44"" zur Volksmobilisierung";;;;;;;;;;;;;;;
;1/29/21;NINA;https://www.ninanews.com/Website/News/Details?key=884733;Naher & Mittlerer Osten;Irak;IRQ;Jalawla;Al-Wehda;;;ISIS;REMO;TRANS;TÖT;IED;Überreste eines Militärprojektils;ZIV;PP;Kinder;1;4;;;;;;;;;;;;;
;2/3/21;NINA;https://www.ninanews.com/Website/News/Details?key=885711;Naher & Mittlerer Osten;Irak;IRQ;Baqubah;Naft Khanna;;;NB;NB;NB;ZERS;IED;;SK;MLZ;PMF Fahrzeug mit Medikamenten;;;;;;;;;;;;;;;
;2/4/21;NINA;https://www.ninanews.com/Website/News/Details?key=886016;Naher & Mittlerer Osten;Irak;IRQ;Baghdad;;;;NB;NB;NB;ZERS;IED;;ZIV;PP;Studierendenclub;;;;;;;;;;;;;;;
;2/4/21;NINA;https://www.ninanews.com/Website/News/Details?key=885991;Naher & Mittlerer Osten;Irak;IRQ;Al-Hawija;Al-Abbasi;;;NB;NB;NB;ZERS;IED;Motorradbombe;ZIV;PP;;;;;;;;;;;;;;;;
;2/9/21;NINA;https://www.ninanews.com/Website/News/Details?key=886710;Naher & Mittlerer Osten;Irak;IRQ;Baghdad;Banks Bridge;;;NB;NB;NB;ZERS;IED;;ZIV;TI;Brücke;;;;;;;;;;;;;;;
;2/18/21;NINA;https://www.ninanews.com/Website/News/Details?key=888654;Naher & Mittlerer Osten;Irak;IRQ;Zurbatia;Irakisch-Iranische Grenze;;;NB;NB;NB;TÖT;SON;Mine;SK;MIL;Militär des iranischen Teams;;;;2;;;;;;;;;;;
;2/22/21;NINA;;Naher & Mittlerer Osten;Irak;IRQ;Baghdad;Green Zone;;;NB;NB;NB;VERL;RAM;Katyusha-Raketen;ZIV;PP;;;2;;;;;;;;;;;;;
;2/22/21;NINA;"https://www.ninanews.com/Website/News/Details?key=889405 ; https://www.ninanews.com/Website/News/Details?key=889403 ; https://www.ninanews.com/Website/News/Details?key=889434";Naher & Mittlerer Osten;Irak;IRQ;Baghdad;Green Zone;;;NB;NB;NB;ZERS;RAM;Raketen;ZIV;PP;;;;;;;;;;;;;;;;
;2/26/21;NINA;https://www.ninanews.com/Website/News/Details?key=890082;Naher & Mittlerer Osten;Irak;IRQ;Baghdad;Al-Adwaniah Landstraße;;;NB;NB;NB;ZERS;IED;;ZIV;PP;;;;;;;;;;;;;;;;
;3/7/21;NINA;https://www.ninanews.com/Website/News/Details?key=892311;Naher & Mittlerer Osten;Irak;IRQ;Salah al-Din;Tal al-Dhahab;;;ISIS;REMO;TRANS;;FW;Abwehr eines bewaffneten Angriffs;SK;MLZ;PMF;;;;;;;keine Schäden;;;;;;;;
;3/11/21;NINA;https://www.ninanews.com/Website/News/Details?key=892927;Naher & Mittlerer Osten;Irak;IRQ;Al-Diwaniyah;highway ;;;NB;NB;NB;TÖT;IED;Bombe am Straßenrand;SK;MIL;;;;;1;;;;Explosion bei der Bombenentschärfung;;;;;;;
;3/27/21;NINA;https://www.ninanews.com/Website/News/Details?key=895540;Naher & Mittlerer Osten;Irak;IRQ;Diyala ;Naft Khana;;;ISIS;REMO;TRANS;;FW;Abwehr eines bewaffneten Angriffs;SK;MLZ;PMF;;;;;;;keine Schäden;;;;;;;;
;4/1/21;NINA;https://www.ninanews.com/Website/News/Details?key=896733;Naher & Mittlerer Osten;Irak;IRQ;Diyala;;;;ISIS;REMO;TRANS;;FW;Abwehr eines bewaffneten Angriffs;SK;MLZ;PMF;;;;;;;keine Schäden;;;;;;;;
;4/3/21;NINA;https://www.ninanews.com/Website/News/Details?key=897026;Naher & Mittlerer Osten;Irak;IRQ;Kirkuk;Qush Qaya;;;NB;NB;NB;ZERS;FW;;ZIV;GOV;Jurist;;;;;;;Fahrzeug beschädigt;möglicherweise Kriminalität;;;;;;;
;4/17/21;NINA;https://www.ninanews.com/Website/News/Details?key=899513;Naher & Mittlerer Osten;Irak;IRQ;Samarra;Salah al-Din;;;ISIS;REMO;TRANS;;FW;Abwehr eines bewaffneten Angriffs;SK;MLZ;PMF;;;;;;;keine Schäden;;;;;;;;
;4/21/21;NINA;https://www.ninanews.com/Website/News/Details?key=900270;Naher & Mittlerer Osten;Irak;IRQ;Salah al-Din;Sayed Gharib;;;NB;NB;NB;;FW;Abwehr eines bewaffneten Angriffs;SK;MLZ;PMF;;;;;;;keine Schäden;;;;;;;;
;4/23/21;NINA;https://www.ninanews.com/Website/News/Details?key=900696;Naher & Mittlerer Osten;Irak;IRQ;Baqubah;Al-Jizani;;;NB;NB;NB;TÖT;IED;;SK;MIL;;;;;;;;;Explosion bei der Bombenentschärfung;;;;;;;
;4/24/21;NINA;https://www.ninanews.com/Website/News/Details?key=900887;Naher & Mittlerer Osten;Irak;IRQ;Diyala ;Kassiba;;;NB;NB;NB;;RAM;Mörser;ZIV;ÖP;Dorf;;;;;;;keine Schäden;;;;;;;;
;4/27/21;NINA;https://www.ninanews.com/Website/News/Details?key=901425;Naher & Mittlerer Osten;Irak;IRQ;Kirkuk;Al-Rashad;;;NB;NB;NB;VERL;IED;;SK;POL;;;;;;5;;;Explosion bei der Bombenentschärfung;;;;;;;
;4/29/21;NINA;https://www.ninanews.com/Website/News/Details?key=901802;Naher & Mittlerer Osten;Irak;IRQ;Diyala ;Sheikhy ;;;NB;NB;NB;VERL;IED;;SK;MIL;;;;;;1;;;Explosion bei der Bombenentschärfung;;;;;;;
;5/11/21;NINA;https://www.ninanews.com/Website/News/Details?key=903890;Naher & Mittlerer Osten;Irak;IRQ;Salah al-Din;Al-Bukhdo;;;ISIS;REMO;TRANS;;FW;;SK;MLZ;PMF-Truppen in einem Dorf;;;;;;;keine Schäden;;;;;;;;
;5/11/21;NINA;https://www.ninanews.com/Website/News/Details?key=904049;Naher & Mittlerer Osten;Irak;IRQ;Salah al-Din;;;;ISIS;REMO;TRANS;;FW;;SK;MLZ;PMF;;;;;;;keine Schäden;;;;;;;;
;5/12/21;NINA;https://www.ninanews.com/Website/News/Details?key=904124;Naher & Mittlerer Osten;Irak;IRQ;Diyala;Al-Safra-Hamrin border;;;ISIS;REMO;TRANS;;FW;;SK;MLZ;PMF;;;;;;;keine Schäden;;;;;;;;
;5/16/21;NINA;https://www.ninanews.com/Website/News/Details?key=904704;Naher & Mittlerer Osten;Irak;IRQ;Mosul;Bazawiya;;;ISIS;REMO;TRANS;VERL;IED;;ZIV;PP;;;1;;;;;;;;;;;;;
;6/5/21;NINA;https://www.ninanews.com/Website/News/Details?key=908143;Naher & Mittlerer Osten;Irak;IRQ;Baghdad;Tarmiyah ;;;ISIS;REMO;TRANS;;FW;Abwehr eines bewaffneten Angriffs;SK;MLZ;PMF;;;;;;;keine Schäden;;;;;;;;
;6/16/21;NINA;https://www.ninanews.com/Website/News/Details?key=910355;Naher & Mittlerer Osten;Irak;IRQ;Mosul;Al-Shura;;;ISIS;REMO;TRANS;VERL;IED;;ZIV;PP;;;1;;;;;;Kriegsüberreste;;;;;;;
;6/19/21;NINA;https://www.ninanews.com/Website/News/Details?key=910851;Naher & Mittlerer Osten;Irak;IRQ;Baghdad;Tarmiyah ;;;NB;NB;NB;;FW;Abwehr eines bewaffneten Angriffs;SK;MLZ;PMF;;;;;;;keine Schäden;;;;;;;;
;6/28/21;NINA;https://www.ninanews.com/Website/News/Details?key=912583;Naher & Mittlerer Osten;Irak;IRQ;Mosul;al-Qahtaniyah;;;ISIS;REMO;TRANS;VERL;IED;;SK;MIL;;;;;;3;;;Explosion bei der Bombenentschärfung;;;;;;;
;7/4/21;NINA;https://www.ninanews.com/Website/News/Details?key=913661;Naher & Mittlerer Osten;Irak;IRQ;Mosul;Al-Safina;;;ISIS;REMO;TRANS;VERL;IED;;ZIV;PP;;;1;;;;;;Kriegsüberreste;;;;;;;
;7/18/21;NINA;https://www.ninanews.com/Website/News/Details?key=916353;Naher & Mittlerer Osten;Irak;IRQ;Diyala ;Muqdadiyah ;;;ISIS;REMO;TRANS;;FW;Abwehr eines bewaffneten Angriffs;SK;MLZ;;;;;;;;keine Schäden;;;;;;;;
;7/18/21;NINA;https://www.ninanews.com/Website/News/Details?key=916519;Naher & Mittlerer Osten;Irak;IRQ;Mosul;Al-Athba;;;ISIS;REMO;TRANS;VERL;IED;;ZIV;PP;;;2;;;;;;Kriegsüberreste;;;;;;;
;7/18/21;NINA;https://www.ninanews.com/Website/News/Details?key=916554;Naher & Mittlerer Osten;Irak;IRQ;Babylon;Jurf Al-Nasr;;;ISIS;REMO;TRANS;;FW;Abwehr eines bewaffneten Angriffs;SK;MIL;;;;;;;;keine Schäden;;;;;;;;
;7/19/21;NINA;https://www.ninanews.com/Website/News/Details?key=916590;Naher & Mittlerer Osten;Irak;IRQ;Nasiriyah;Al-Mansuriya;;;NB;NB;NB;;SON;Blendgranate;ZIV;PP;;;;;;;;keine Schäden;;;;;;;;
;7/29/21;NINA;https://www.ninanews.com/Website/News/Details?key=918375;Naher & Mittlerer Osten;Irak;IRQ;Diyala ;Naft Khana;;;ISIS;REMO;TRANS;;FW;Abwehr eines bewaffneten Angriffs;SK;MLZ;PMF ;;;;;;;keine Schäden;;;;;;;;
;8/12/21;NINA;https://www.ninanews.com/Website/News/Details?key=920959;Naher & Mittlerer Osten;Irak;IRQ;Mosul;Qayyarah;;;ISIS;REMO;TRANS;VERL;IED;;ZIV;PP;;;2;;;;;;Kriegsüberreste;;;;;;;
;8/14/21;NINA;https://www.ninanews.com/Website/News/Details?key=921293;Naher & Mittlerer Osten;Irak;IRQ;Mosul;Ma'izila;;;ISIS;REMO;TRANS;;FW;Abwehr eines bewaffneten Angriffs;SK;MLZ;TM Checkpoint;;;;;;;keine Schäden;;;;;;;;
;8/15/21;NINA;https://www.ninanews.com/Website/News/Details?key=921503;Naher & Mittlerer Osten;Irak;IRQ;Kirkuk;Bai Hassan;;;NB;NB;NB;ZERS;IED;;ZIV;KI;Ölförderung;;;;;;;;;;;;;;;
;8/19/21;NINA;https://www.ninanews.com/Website/News/Details?key=922282;Naher & Mittlerer Osten;Irak;IRQ;Mosul;Tal Ghazil;;;ISIS;REMO;TRANS;;FW;Abwehr eines bewaffneten Angriffs;SK;MIL;;;;;;;;keine Schäden;;;;;;;;
;8/19/21;NINA;https://www.ninanews.com/Website/News/Details?key=922283;Naher & Mittlerer Osten;Irak;IRQ;Mosul;Arab ;;;ISIS;REMO;TRANS;VERL;IED;;ZIV;GOV;Mitarbeiter der Stadtverwaltung;;2;;;;;;Kriegsüberreste;;;;;;;
;8/22/21;NINA;https://www.ninanews.com/Website/News/Details?key=922771;Naher & Mittlerer Osten;Irak;IRQ;Najaf;;;;NB;NB;NB;ZERS;SON;Molotov Cocktail;ZIV;GOV;Parteibüro der Kommunistischen Partei;;;;;;;keine Schäden;;;;;;;;
;8/28/21;NINA;https://www.ninanews.com/Website/News/Details?key=924243;Naher & Mittlerer Osten;Irak;IRQ;Al-Dhuluiya;;;;ISIS;REMO;TRANS;;FW;Abwehr eines bewaffneten Angriffs;SK;MIL;Militär und TM Truppen;;;;;;;;keine Angaben zu Opfern und Schäden;;;;;;;
;9/2/21;NINA;https://www.ninanews.com/Website/News/Details?key=925078;Naher & Mittlerer Osten;Irak;IRQ;Mosul;Al-Qosh;;;NB;NB;NB;ZERS;SON;Blendgranate;ZIV;PP;;;;;;;;keine Schäden;;;;;;;;
;9/8/21;NINA;https://www.ninanews.com/Website/News/Details?key=926063;Naher & Mittlerer Osten;Irak;IRQ;Diyala ;Al-Ghiya;;;ISIS;REMO;TRANS;;FW;;SK;MIL;Militärposten;;;;;;;;keine Angaben zu Opfern und Schäden;;;;;;;
;9/11/21;NINA;https://www.ninanews.com/Website/News/Details?key=926523;Naher & Mittlerer Osten;Irak;IRQ;Karbala;Al-Khanafsa;;;NB;NB;NB;ZERS;IED;;ZIV;PP;;;;;;;;keine angaben zu Schäden;keine Opfer;;;;;;;
;9/13/21;NINA;https://www.ninanews.com/Website/News/Details?key=927003;Naher & Mittlerer Osten;Irak;IRQ;Diyala;Albu Khayal;;;ISIS;REMO;TRANS;;FW;Angriff auf ein Dorf;ZIV;ÖP;Dorf;;;;;;;keine angaben zu Schäden;keine Angaben zu Opfern;;;;;;;
;9/14/21;NINA;https://www.ninanews.com/Website/News/Details?key=927168;Naher & Mittlerer Osten;Irak;IRQ;Diyala;Muqdadiya;;;ISIS;REMO;TRANS;;FW;Abwehr eines bewaffneten Angriffs;SK;POL;Checkpoint;;;;;;;;keine angaben zu Opfern;;;;;;;
;9/15/21;NINA;https://www.ninanews.com/Website/News/Details?key=927345;Naher & Mittlerer Osten;Irak;IRQ;Baquba;Al-Bazul;;;ISIS;REMO;TRANS;;FW;;SK;MIL;Militärposten;;;;;;;;keine Angaben zu Opfern;;;;;;;
;9/23/21;NINA;https://www.ninanews.com/Website/News/Details?key=928823;Naher & Mittlerer Osten;Irak;IRQ;Salah al-Din;Sayed Gharib;;;ISIS;REMO;TRANS;;FW;Abwehr eines bewaffneten Angriffs;SK;MLZ;PMF;;;;;;;keine angaben zu Schäden;keine Angaben zu Opfern;;;;;;;
;10/3/21;NINA;https://www.ninanews.com/Website/News/Details?key=930627;Naher & Mittlerer Osten;Irak;IRQ;Salah al-Din;Hamrin Hills;;;ISIS;REMO;TRANS;;FW;Abwehr eines bewaffneten Angriffs;SK;MLZ;PMF;;;;;;;keine Angaben zu Schäden;keine Angaben zu Opfern;;;;;;;
;10/26/21;NINA;https://www.ninanews.com/Website/News/Details?key=935452;Naher & Mittlerer Osten;Irak;IRQ;Diyala ;Muqdadiya ;;;ISIS;REMO;TRANS;;FW;Abwehr eines bewaffneten Angriffs;SK;MIL;;;;;;;;keine angaben zu Schäden;keine angaben zu opfern;;;;;;;
;10/30/21;NINA;https://www.ninanews.com/Website/News/Details?key=936080;Naher & Mittlerer Osten;Irak;IRQ;Mosul;Badush;;;ISIS;REMO;TRANS;VERL;IED;;ZIV;PP;;;2;;;;;;Kriegsüberreste;;;;;;;
;11/5/21;NINA;https://www.ninanews.com/Website/News/Details?key=937335;Naher & Mittlerer Osten;Irak;IRQ;Diyala ;Jalawla ;;;ISIS;REMO;TRANS;;FW;Abwehr eines bewaffneten Angriffs;SK;MIL;;;;;;;;keine Schäden;keine Opfer;;;;;;;
;11/6/21;NINA;https://www.ninanews.com/Website/News/Details?key=937484;Naher & Mittlerer Osten;Irak;IRQ;Mosul;Al-Alil;;;ISIS;REMO;TRANS;VERL;IED;;ZIV;PP;;;2;;;;;;Kriegsüberreste;;;;;;;
;11/6/21;NINA;https://www.ninanews.com/Website/News/Details?key=937566;Naher & Mittlerer Osten;Irak;IRQ;Nineveh;;;;ISIS;REMO;TRANS;;FW;Abwehr eines bewaffneten Angriffs;SK;MLZ;PMF;;;;;;;keine angaben zu Schäden;keine Angaben zu Opfern;;;;;;;
;11/12/21;NINA;https://www.ninanews.com/Website/News/Details?key=938727;Naher & Mittlerer Osten;Irak;IRQ;Mosul;Al-Baaj ;;;ISIS;REMO;TRANS;TÖT;IED;;ZIV;PP;Schafhirte;1;;;;;;;Kriegsüberreste;;;;;;;
;11/14/21;NINA;https://www.ninanews.com/Website/News/Details?key=939092;Naher & Mittlerer Osten;Irak;IRQ;Salah al-Din;;;;ISIS;REMO;TRANS;;FW;Abwehr eines bewaffneten Angriffs;SK;MLZ;PMF;;;;;;;keine angaben zu Schäden;keine Angaben zu Opfern;;;;;;;
;11/15/21;NINA;https://www.ninanews.com/Website/News/Details?key=939230;Naher & Mittlerer Osten;Irak;IRQ;Mosul;Tal Afar;;;ISIS;REMO;TRANS;VERL;IED;;ZIV;PP;;;1;;;;;;Kriegsüberreste;;;;;;;
;11/16/21;NINA;https://www.ninanews.com/Website/News/Details?key=939513;Naher & Mittlerer Osten;Irak;IRQ;Mosul;Nineveh;;;ISIS;REMO;TRANS;;FW;Abwehr eines bewaffneten Angriffs;SK;MLZ;PMF;;;;;;;keine angaben zu Schäden;keine Angaben ui Opfern;;;;;;;
;11/16/21;NINA;https://www.ninanews.com/Website/News/Details?key=939425;Naher & Mittlerer Osten;Irak;IRQ;Al-Amara;Nahawand ;;;NB;NB;NB;TÖT;FW;;ZIV;PP;;1;;;;;;;möglicherweise Kriminalität;;;;;;;
;11/18/21;NINA;https://www.ninanews.com/Website/News/Details?key=939753;Naher & Mittlerer Osten;Irak;IRQ;Mosul;Hatra ;;;NB;NB;NB;TÖT;FW;;ZIV;PP;;1;;;;;;;möglicherweise Kriminalität;;;;;;;
;11/19/21;NINA;https://www.ninanews.com/Website/News/Details?key=940033;Naher & Mittlerer Osten;Irak;IRQ;Salah al-Din;Samarra;;;ISIS;REMO;TRANS;;FW;Abwehr eines bewaffneten Angriffs;SK;MLZ;PMF;;;;;;;keine Schäden;keine Opfer;;;;;;;
;11/22/21;NINA;https://www.ninanews.com/Website/News/Details?key=940495;Naher & Mittlerer Osten;Irak;IRQ;Mosul;Badush;;;ISIS;REMO;TRANS;VERL;IED;;ZIV;PP;;;1;;;;;;Kriegsüberreste;;;;;;;
;11/22/21;NINA;https://www.ninanews.com/Website/News/Details?key=940559;Naher & Mittlerer Osten;Irak;IRQ;Nineveh ;Sinjar ;;;ISIS;REMO;TRANS;VERL;IED;;ZIV;PP;;;1;;;;;;Kriegsüberreste;;;;;;;
;12/1/21;NINA;https://www.ninanews.com/Website/News/Details?key=942345;Naher & Mittlerer Osten;Irak;IRQ;Khanqin/Kalar;;;;ISIS;REMO;TRANS;;FW;;SK;MLZ;Angriff auf Stellung der PMF;;;;;;;;;;;;;;;
;12/6/21;NINA;https://www.ninanews.com/Website/News/Details?key=943203;Naher & Mittlerer Osten;Irak;IRQ;Al-Saadiya;Al-Bayda;;;ISIS;REMO;TRANS;TÖT;IED;Mine;ZIV;PP;;1;;;;;;;Mine wurde vom IS zurückgelassen;;;;;;;
;12/10/21;NINA;https://www.ninanews.com/Website/News/Details?key=943998;Naher & Mittlerer Osten;Irak;IRQ;Khanqin;Kani Massi;;;ISIS;REMO;TRANS;;FW;;SK;MIL;HQ 2. Regiment der Peshmerga;;;;;;;;;;;;;;;
;12/11/21;NINA;https://www.ninanews.com/Website/News/Details?key=944148;Naher & Mittlerer Osten;Irak;IRQ;Mossul;Al-Athba;;;ISIS;REMO;TRANS;VERL;IED;Mine;ZIV;PP;;;1;;;;;;Mine wurde vom IS zurückgelassen;;;;;;;
;12/11/21;NINA;https://www.ninanews.com/Website/News/Details?key=944221;Naher & Mittlerer Osten;Irak;IRQ;Mossul;Sultan Abdullah;;;ISIS;REMO;TRANS;TÖT;IED;Mine;ZIV;PP;;1;1;;;;;;Mine wurde vom IS zurückgelassen;;;;;;;
;12/16/21;NINA;https://www.ninanews.com/Website/News/Details?key=945311;Naher & Mittlerer Osten;Irak;IRQ;Muqdadiya ;Abu Musa;;;ISIS;REMO;TRANS;;FW;;SK;MIL;Angriff auf Stellung;;;;;;;;;;;;;;;
;12/20/21;NINA;https://www.ninanews.com/Website/News/Details?key=945887;Naher & Mittlerer Osten;Irak;IRQ;Mossul;Al-Lazka;;;ISIS;REMO;TRANS;VERL;IED;Mine;ZIV;PP;;;1;;;;;;Mine wurde vom IS zurückgelassen;;;;;;;
;12/20/21;NINA;https://www.ninanews.com/Website/News/Details?key=945982;Naher & Mittlerer Osten;Irak;IRQ;Diyala ;Al-Ma'dan;;;ISIS;REMO;TRANS;;FW;;SK;MLZ;Angriff auf Stellung der PMF;;;;;;;;;;;;;;;
;12/26/21;NINA;https://www.ninanews.com/Website/News/Details?key=946926;Naher & Mittlerer Osten;Irak;IRQ;Mossul;Al-Haj;;;ISIS;REMO;TRANS;VERL;IED;Mine;ZIV;PP;;;1;;;;;;Mine wurde vom IS zurückgelassen;;;;;;;
;12/30/21;NINA;https://www.ninanews.com/Website/News/Details?key=947890;Naher & Mittlerer Osten;Irak;IRQ;Babylon;Jableh;;;NB;NB;NB;TÖT;FW;;ZIV;PP;Familie des Täters;20;;;;;;;"Anzahl verletzter Ziv. Unbekannt; Angaben Mittel und Todeszahlen korrigiert- Quelle: https://www.ninanews.com/Website/News/Details?key=947922";;;;;;;

;tote_ziv;verl_ziv;entf_ziv;tote_sk;verl_sk;entf_sk;;;;;terroristische_gruppe;motiv;dimension;art;mittel;KOM_TAKTIK;ziel;ziel_detail;KOM_ZIEL;;;;;;;KOM_SACHSCHÄDEN;KOM_SONSTIGES;;;;;;;
Gesamt;5674;4036;1352;2826;2067;152;;;;;;;;;;;;;;;;;;;;;;;;;;;;
